// Auto-generated 4-gram language model data
// Corpus: 1131 commands, 18529 total 4-grams, 6384 unique
// Generated by tools/train_ngram.py
#ifndef WSH_NGRAM_MODEL_DATA_H
#define WSH_NGRAM_MODEL_DATA_H

#include <cstdint>

namespace wsh {

// Character set (69 chars)
const int kCharCount = 69;
const char kChars[69] = {
      1,  // '?'
      2,  // '?'
     32,  // ' '
     33,  // '!'
     34,  // '"'
     35,  // '#'
     36,  // '$'
     37,  // '%'
     38,  // '&'
     39,  // '''
     40,  // '('
     41,  // ')'
     42,  // '*'
     43,  // '+'
     44,  // ','
     45,  // '-'
     46,  // '.'
     47,  // '/'
     48,  // '0'
     49,  // '1'
     50,  // '2'
     51,  // '3'
     52,  // '4'
     53,  // '5'
     54,  // '6'
     55,  // '7'
     56,  // '8'
     57,  // '9'
     58,  // ':'
     59,  // ';'
     60,  // '<'
     61,  // '='
     62,  // '>'
     64,  // '@'
     91,  // '['
     92,  // '\'
     93,  // ']'
     94,  // '^'
     95,  // '_'
     97,  // 'a'
     98,  // 'b'
     99,  // 'c'
    100,  // 'd'
    101,  // 'e'
    102,  // 'f'
    103,  // 'g'
    104,  // 'h'
    105,  // 'i'
    106,  // 'j'
    107,  // 'k'
    108,  // 'l'
    109,  // 'm'
    110,  // 'n'
    111,  // 'o'
    112,  // 'p'
    113,  // 'q'
    114,  // 'r'
    115,  // 's'
    116,  // 't'
    117,  // 'u'
    118,  // 'v'
    119,  // 'w'
    120,  // 'x'
    121,  // 'y'
    122,  // 'z'
    123,  // '{'
    124,  // '|'
    125,  // '}'
    126,  // '~'
};

// 6384 n-gram entries, each: [uint32_t ngram][uint16_t count] = 6 bytes
// Total: 38304 bytes
const unsigned char kModelData[] = {
    0x01, 0x2E, 0x20, 0x66, 0x00, 0x01,0x01, 0x2F, 0x64, 0x65, 0x00, 0x01,
    0x01, 0x32, 0x3E, 0x26, 0x00, 0x01,0x01, 0x32, 0x3E, 0x2F, 0x00, 0x01,
    0x01, 0x3C, 0x20, 0x66, 0x00, 0x01,0x01, 0x3C, 0x3C, 0x20, 0x00, 0x01,
    0x01, 0x3E, 0x20, 0x66, 0x00, 0x01,0x01, 0x3E, 0x3E, 0x20, 0x00, 0x01,
    0x01, 0x61, 0x64, 0x64, 0x00, 0x01,0x01, 0x61, 0x6C, 0x69, 0x00, 0x03,
    0x01, 0x61, 0x6E, 0x73, 0x00, 0x03,0x01, 0x61, 0x6E, 0x74, 0x00, 0x02,
    0x01, 0x61, 0x70, 0x74, 0x00, 0x07,0x01, 0x61, 0x72, 0x20, 0x00, 0x02,
    0x01, 0x61, 0x73, 0x20, 0x00, 0x01,0x01, 0x61, 0x74, 0x20, 0x00, 0x01,
    0x01, 0x61, 0x74, 0x71, 0x00, 0x01,0x01, 0x61, 0x74, 0x72, 0x00, 0x01,
    0x01, 0x61, 0x77, 0x73, 0x00, 0x06,0x01, 0x61, 0x7A, 0x20, 0x00, 0x03,
    0x01, 0x62, 0x61, 0x73, 0x00, 0x01,0x01, 0x62, 0x61, 0x74, 0x00, 0x01,
    0x01, 0x62, 0x61, 0x7A, 0x00, 0x03,0x01, 0x62, 0x67, 0x02, 0x00, 0x01,
    0x01, 0x62, 0x6C, 0x6B, 0x00, 0x01,0x01, 0x62, 0x72, 0x65, 0x00, 0x07,
    0x01, 0x62, 0x75, 0x63, 0x00, 0x01,0x01, 0x62, 0x75, 0x6E, 0x00, 0x08,
    0x01, 0x62, 0x79, 0x6F, 0x00, 0x01,0x01, 0x62, 0x7A, 0x69, 0x00, 0x01,
    0x01, 0x63, 0x61, 0x63, 0x00, 0x01,0x01, 0x63, 0x61, 0x6C, 0x00, 0x01,
    0x01, 0x63, 0x61, 0x72, 0x00, 0x0F,0x01, 0x63, 0x61, 0x73, 0x00, 0x01,
    0x01, 0x63, 0x61, 0x74, 0x00, 0x07,0x01, 0x63, 0x64, 0x20, 0x00, 0x10,
    0x01, 0x63, 0x68, 0x6D, 0x00, 0x03,0x01, 0x63, 0x68, 0x6F, 0x00, 0x02,
    0x01, 0x63, 0x6C, 0x20, 0x00, 0x02,0x01, 0x63, 0x6C, 0x61, 0x00, 0x02,
    0x01, 0x63, 0x6C, 0x65, 0x00, 0x01,0x01, 0x63, 0x6C, 0x69, 0x00, 0x01,
    0x01, 0x63, 0x6D, 0x61, 0x00, 0x16,0x01, 0x63, 0x6D, 0x64, 0x00, 0x05,
    0x01, 0x63, 0x6D, 0x70, 0x00, 0x01,0x01, 0x63, 0x6F, 0x64, 0x00, 0x0A,
    0x01, 0x63, 0x6F, 0x6D, 0x00, 0x11,0x01, 0x63, 0x6F, 0x6E, 0x00, 0x0A,
    0x01, 0x63, 0x6F, 0x70, 0x00, 0x01,0x01, 0x63, 0x70, 0x20, 0x00, 0x05,
    0x01, 0x63, 0x70, 0x75, 0x00, 0x01,0x01, 0x63, 0x72, 0x6F, 0x00, 0x03,
    0x01, 0x63, 0x74, 0x65, 0x00, 0x05,0x01, 0x63, 0x75, 0x72, 0x00, 0x0A,
    0x01, 0x63, 0x75, 0x74, 0x00, 0x02,0x01, 0x64, 0x61, 0x74, 0x00, 0x03,
    0x01, 0x64, 0x64, 0x20, 0x00, 0x02,0x01, 0x64, 0x65, 0x6C, 0x00, 0x01,
    0x01, 0x64, 0x65, 0x70, 0x00, 0x01,0x01, 0x64, 0x66, 0x20, 0x00, 0x02,
    0x01, 0x64, 0x69, 0x66, 0x00, 0x03,0x01, 0x64, 0x69, 0x72, 0x00, 0x05,
    0x01, 0x64, 0x6A, 0x61, 0x00, 0x02,0x01, 0x64, 0x6D, 0x65, 0x00, 0x02,
    0x01, 0x64, 0x6E, 0x66, 0x00, 0x02,0x01, 0x64, 0x6F, 0x63, 0x00, 0x11,
    0x01, 0x64, 0x6F, 0x74, 0x00, 0x21,0x01, 0x64, 0x6F, 0x78, 0x00, 0x01,
    0x01, 0x64, 0x75, 0x20, 0x00, 0x02,0x01, 0x65, 0x63, 0x68, 0x00, 0x16,
    0x01, 0x65, 0x6D, 0x61, 0x00, 0x04,0x01, 0x65, 0x6E, 0x76, 0x00, 0x01,
    0x01, 0x65, 0x6F, 0x66, 0x00, 0x01,0x01, 0x65, 0x76, 0x61, 0x00, 0x01,
    0x01, 0x65, 0x78, 0x65, 0x00, 0x01,0x01, 0x65, 0x78, 0x69, 0x00, 0x02,
    0x01, 0x65, 0x78, 0x70, 0x00, 0x04,0x01, 0x66, 0x28, 0x29, 0x00, 0x01,
    0x01, 0x66, 0x61, 0x6C, 0x00, 0x01,0x01, 0x66, 0x64, 0x69, 0x00, 0x01,
    0x01, 0x66, 0x67, 0x02, 0x00, 0x01,0x01, 0x66, 0x69, 0x6E, 0x00, 0x05,
    0x01, 0x66, 0x6C, 0x6F, 0x00, 0x01,0x01, 0x66, 0x6F, 0x72, 0x00, 0x02,
    0x01, 0x66, 0x72, 0x65, 0x00, 0x02,0x01, 0x66, 0x73, 0x63, 0x00, 0x01,
    0x01, 0x66, 0x75, 0x6E, 0x00, 0x01,0x01, 0x66, 0x75, 0x73, 0x00, 0x02,
    0x01, 0x67, 0x2B, 0x2B, 0x00, 0x03,0x01, 0x67, 0x63, 0x63, 0x00, 0x06,
    0x01, 0x67, 0x63, 0x6C, 0x00, 0x04,0x01, 0x67, 0x63, 0x6F, 0x00, 0x01,
    0x01, 0x67, 0x64, 0x62, 0x00, 0x03,0x01, 0x67, 0x65, 0x6D, 0x00, 0x02,
    0x01, 0x67, 0x65, 0x6E, 0x00, 0x01,0x01, 0x67, 0x65, 0x74, 0x00, 0x01,
    0x01, 0x67, 0x69, 0x74, 0x00, 0x92,0x01, 0x67, 0x6F, 0x20, 0x00, 0x0B,
    0x01, 0x67, 0x70, 0x72, 0x00, 0x01,0x01, 0x67, 0x72, 0x61, 0x00, 0x04,
    0x01, 0x67, 0x72, 0x65, 0x00, 0x09,0x01, 0x67, 0x75, 0x6E, 0x00, 0x01,
    0x01, 0x67, 0x7A, 0x69, 0x00, 0x02,0x01, 0x68, 0x65, 0x61, 0x00, 0x02,
    0x01, 0x68, 0x65, 0x6C, 0x00, 0x07,0x01, 0x68, 0x6F, 0x73, 0x00, 0x02,
    0x01, 0x68, 0x74, 0x6F, 0x00, 0x01,0x01, 0x69, 0x66, 0x20, 0x00, 0x05,
    0x01, 0x69, 0x6E, 0x73, 0x00, 0x01,0x01, 0x69, 0x6F, 0x6E, 0x00, 0x01,
    0x01, 0x69, 0x6F, 0x73, 0x00, 0x01,0x01, 0x69, 0x70, 0x63, 0x00, 0x02,
    0x01, 0x69, 0x70, 0x79, 0x00, 0x02,0x01, 0x6A, 0x6F, 0x62, 0x00, 0x01,
    0x01, 0x6A, 0x6F, 0x75, 0x00, 0x03,0x01, 0x6A, 0x75, 0x70, 0x00, 0x04,
    0x01, 0x6B, 0x69, 0x6C, 0x00, 0x04,0x01, 0x6B, 0x75, 0x62, 0x00, 0x0C,
    0x01, 0x6C, 0x63, 0x6F, 0x00, 0x01,0x01, 0x6C, 0x64, 0x20, 0x00, 0x01,
    0x01, 0x6C, 0x64, 0x64, 0x00, 0x02,0x01, 0x6C, 0x65, 0x73, 0x00, 0x02,
    0x01, 0x6C, 0x69, 0x6E, 0x00, 0x01,0x01, 0x6C, 0x6C, 0x64, 0x00, 0x01,
    0x01, 0x6C, 0x6F, 0x67, 0x00, 0x01,0x01, 0x6C, 0x73, 0x02, 0x00, 0x01,
    0x01, 0x6C, 0x73, 0x20, 0x00, 0x03,0x01, 0x6C, 0x73, 0x62, 0x00, 0x02,
    0x01, 0x6C, 0x73, 0x6D, 0x00, 0x01,0x01, 0x6C, 0x73, 0x6F, 0x00, 0x03,
    0x01, 0x6C, 0x74, 0x72, 0x00, 0x02,0x01, 0x6D, 0x61, 0x6B, 0x00, 0x07,
    0x01, 0x6D, 0x61, 0x73, 0x00, 0x01,0x01, 0x6D, 0x69, 0x78, 0x00, 0x03,
    0x01, 0x6D, 0x6B, 0x64, 0x00, 0x02,0x01, 0x6D, 0x6B, 0x66, 0x00, 0x01,
    0x01, 0x6D, 0x6F, 0x64, 0x00, 0x02,0x01, 0x6D, 0x6F, 0x72, 0x00, 0x01,
    0x01, 0x6D, 0x6F, 0x75, 0x00, 0x01,0x01, 0x6D, 0x6F, 0x76, 0x00, 0x01,
    0x01, 0x6D, 0x70, 0x73, 0x00, 0x01,0x01, 0x6D, 0x73, 0x62, 0x00, 0x04,
    0x01, 0x6D, 0x76, 0x20, 0x00, 0x03,0x01, 0x6D, 0x76, 0x6E, 0x00, 0x05,
    0x01, 0x6E, 0x61, 0x6E, 0x00, 0x04,0x01, 0x6E, 0x65, 0x74, 0x00, 0x02,
    0x01, 0x6E, 0x69, 0x63, 0x00, 0x02,0x01, 0x6E, 0x69, 0x6E, 0x00, 0x04,
    0x01, 0x6E, 0x6D, 0x20, 0x00, 0x02,0x01, 0x6E, 0x6D, 0x61, 0x00, 0x03,
    0x01, 0x6E, 0x6F, 0x64, 0x00, 0x10,0x01, 0x6E, 0x6F, 0x68, 0x00, 0x01,
    0x01, 0x6E, 0x6F, 0x6D, 0x00, 0x04,0x01, 0x6E, 0x70, 0x6D, 0x00, 0x38,
    0x01, 0x6E, 0x70, 0x78, 0x00, 0x2E,0x01, 0x6E, 0x73, 0x6C, 0x00, 0x01,
    0x01, 0x6E, 0x76, 0x6D, 0x00, 0x03,0x01, 0x6F, 0x62, 0x6A, 0x00, 0x02,
    0x01, 0x70, 0x61, 0x63, 0x00, 0x02,0x01, 0x70, 0x61, 0x72, 0x00, 0x01,
    0x01, 0x70, 0x61, 0x74, 0x00, 0x01,0x01, 0x70, 0x64, 0x62, 0x00, 0x02,
    0x01, 0x70, 0x65, 0x72, 0x00, 0x05,0x01, 0x70, 0x68, 0x70, 0x00, 0x06,
    0x01, 0x70, 0x69, 0x6E, 0x00, 0x03,0x01, 0x70, 0x69, 0x70, 0x00, 0x0E,
    0x01, 0x70, 0x6E, 0x70, 0x00, 0x04,0x01, 0x70, 0x6F, 0x77, 0x00, 0x02,
    0x01, 0x70, 0x72, 0x69, 0x00, 0x04,0x01, 0x70, 0x73, 0x20, 0x00, 0x03,
    0x01, 0x70, 0x75, 0x6C, 0x00, 0x05,0x01, 0x70, 0x77, 0x64, 0x00, 0x01,
    0x01, 0x70, 0x77, 0x73, 0x00, 0x02,0x01, 0x70, 0x79, 0x65, 0x00, 0x03,
    0x01, 0x70, 0x79, 0x74, 0x00, 0x4E,0x01, 0x72, 0x61, 0x69, 0x00, 0x04,
    0x01, 0x72, 0x61, 0x6B, 0x00, 0x03,0x01, 0x72, 0x61, 0x6E, 0x00, 0x01,
    0x01, 0x72, 0x62, 0x65, 0x00, 0x01,0x01, 0x72, 0x65, 0x61, 0x00, 0x04,
    0x01, 0x72, 0x65, 0x6E, 0x00, 0x02,0x01, 0x72, 0x65, 0x74, 0x00, 0x02,
    0x01, 0x72, 0x6D, 0x20, 0x00, 0x04,0x01, 0x72, 0x6D, 0x64, 0x00, 0x01,
    0x01, 0x72, 0x6D, 0x6D, 0x00, 0x01,0x01, 0x72, 0x73, 0x79, 0x00, 0x03,
    0x01, 0x72, 0x75, 0x62, 0x00, 0x01,0x01, 0x72, 0x75, 0x73, 0x00, 0x02,
    0x01, 0x72, 0x76, 0x6D, 0x00, 0x01,0x01, 0x73, 0x61, 0x72, 0x00, 0x02,
    0x01, 0x73, 0x62, 0x74, 0x00, 0x02,0x01, 0x73, 0x63, 0x70, 0x00, 0x02,
    0x01, 0x73, 0x63, 0x72, 0x00, 0x01,0x01, 0x73, 0x64, 0x69, 0x00, 0x01,
    0x01, 0x73, 0x65, 0x71, 0x00, 0x02,0x01, 0x73, 0x65, 0x74, 0x00, 0x06,
    0x01, 0x73, 0x68, 0x69, 0x00, 0x01,0x01, 0x73, 0x69, 0x7A, 0x00, 0x01,
    0x01, 0x73, 0x6C, 0x65, 0x00, 0x04,0x01, 0x73, 0x6F, 0x72, 0x00, 0x03,
    0x01, 0x73, 0x6F, 0x75, 0x00, 0x01,0x01, 0x73, 0x70, 0x68, 0x00, 0x02,
    0x01, 0x73, 0x73, 0x68, 0x00, 0x03,0x01, 0x73, 0x74, 0x61, 0x00, 0x02,
    0x01, 0x73, 0x74, 0x64, 0x00, 0x01,0x01, 0x73, 0x74, 0x72, 0x00, 0x06,
    0x01, 0x73, 0x75, 0x62, 0x00, 0x05,0x01, 0x73, 0x75, 0x64, 0x00, 0x03,
    0x01, 0x73, 0x79, 0x6E, 0x00, 0x01,0x01, 0x73, 0x79, 0x73, 0x00, 0x0A,
    0x01, 0x74, 0x61, 0x69, 0x00, 0x03,0x01, 0x74, 0x61, 0x72, 0x00, 0x07,
    0x01, 0x74, 0x61, 0x73, 0x00, 0x02,0x01, 0x74, 0x65, 0x65, 0x00, 0x01,
    0x01, 0x74, 0x65, 0x72, 0x00, 0x07,0x01, 0x74, 0x65, 0x73, 0x00, 0x04,
    0x01, 0x74, 0x69, 0x6D, 0x00, 0x03,0x01, 0x74, 0x6D, 0x75, 0x00, 0x04,
    0x01, 0x74, 0x6F, 0x70, 0x00, 0x01,0x01, 0x74, 0x6F, 0x75, 0x00, 0x01,
    0x01, 0x74, 0x72, 0x61, 0x00, 0x02,0x01, 0x74, 0x72, 0x65, 0x00, 0x03,
    0x01, 0x74, 0x72, 0x75, 0x00, 0x01,0x01, 0x74, 0x73, 0x63, 0x00, 0x04,
    0x01, 0x74, 0x79, 0x70, 0x00, 0x01,0x01, 0x75, 0x6C, 0x69, 0x00, 0x02,
    0x01, 0x75, 0x6D, 0x6F, 0x00, 0x01,0x01, 0x75, 0x6E, 0x61, 0x00, 0x04,
    0x01, 0x75, 0x6E, 0x69, 0x00, 0x02,0x01, 0x75, 0x6E, 0x78, 0x00, 0x01,
    0x01, 0x75, 0x6E, 0x7A, 0x00, 0x02,0x01, 0x75, 0x70, 0x74, 0x00, 0x01,
    0x01, 0x76, 0x61, 0x67, 0x00, 0x04,0x01, 0x76, 0x61, 0x6C, 0x00, 0x02,
    0x01, 0x76, 0x61, 0x75, 0x00, 0x03,0x01, 0x76, 0x69, 0x20, 0x00, 0x02,
    0x01, 0x76, 0x69, 0x6D, 0x00, 0x0D,0x01, 0x76, 0x6D, 0x73, 0x00, 0x01,
    0x01, 0x77, 0x61, 0x69, 0x00, 0x01,0x01, 0x77, 0x61, 0x73, 0x00, 0x01,
    0x01, 0x77, 0x61, 0x74, 0x00, 0x02,0x01, 0x77, 0x61, 0x79, 0x00, 0x04,
    0x01, 0x77, 0x63, 0x20, 0x00, 0x04,0x01, 0x77, 0x67, 0x65, 0x00, 0x04,
    0x01, 0x77, 0x68, 0x65, 0x00, 0x06,0x01, 0x77, 0x68, 0x69, 0x00, 0x02,
    0x01, 0x77, 0x68, 0x6F, 0x00, 0x01,0x01, 0x78, 0x61, 0x72, 0x00, 0x03,
    0x01, 0x78, 0x7A, 0x20, 0x00, 0x01,0x01, 0x79, 0x61, 0x72, 0x00, 0x07,
    0x01, 0x79, 0x65, 0x73, 0x00, 0x01,0x01, 0x79, 0x75, 0x6D, 0x00, 0x01,
    0x01, 0x7A, 0x63, 0x61, 0x00, 0x01,0x01, 0x7A, 0x67, 0x72, 0x00, 0x01,
    0x01, 0x7A, 0x69, 0x70, 0x00, 0x01,0x01, 0x7A, 0x6C, 0x65, 0x00, 0x01,
    0x01, 0x7A, 0x79, 0x70, 0x00, 0x01,0x01, 0x7C, 0x20, 0x70, 0x00, 0x01,
    0x20, 0x22, 0x24, 0x61, 0x00, 0x01,0x20, 0x22, 0x24, 0x62, 0x00, 0x01,
    0x20, 0x22, 0x24, 0x76, 0x00, 0x04,0x20, 0x22, 0x25, 0x64, 0x00, 0x01,
    0x20, 0x22, 0x25, 0x73, 0x00, 0x02,0x20, 0x22, 0x28, 0x70, 0x00, 0x01,
    0x20, 0x22, 0x2A, 0x2E, 0x00, 0x03,0x20, 0x22, 0x2B, 0x73, 0x00, 0x02,
    0x20, 0x22, 0x2D, 0x73, 0x00, 0x01,0x20, 0x22, 0x2E, 0x22, 0x00, 0x01,
    0x20, 0x22, 0x2F, 0x70, 0x00, 0x01,0x20, 0x22, 0x62, 0x72, 0x00, 0x01,
    0x20, 0x22, 0x63, 0x6F, 0x00, 0x0D,0x20, 0x22, 0x65, 0x63, 0x00, 0x01,
    0x20, 0x22, 0x67, 0x2F, 0x00, 0x01,0x20, 0x22, 0x67, 0x65, 0x00, 0x02,
    0x20, 0x22, 0x68, 0x65, 0x00, 0x03,0x20, 0x22, 0x69, 0x6D, 0x00, 0x1A,
    0x20, 0x22, 0x6C, 0x69, 0x00, 0x01,0x20, 0x22, 0x6C, 0x6F, 0x00, 0x01,
    0x20, 0x22, 0x6D, 0x65, 0x00, 0x02,0x20, 0x22, 0x6E, 0x69, 0x00, 0x01,
    0x20, 0x22, 0x6E, 0x6D, 0x00, 0x01,0x20, 0x22, 0x70, 0x72, 0x00, 0x02,
    0x20, 0x22, 0x73, 0x65, 0x00, 0x03,0x20, 0x22, 0x74, 0x65, 0x00, 0x04,
    0x20, 0x22, 0x75, 0x6E, 0x00, 0x01,0x20, 0x22, 0x75, 0x70, 0x00, 0x01,
    0x20, 0x22, 0x76, 0x65, 0x00, 0x01,0x20, 0x22, 0x76, 0x69, 0x00, 0x01,
    0x20, 0x22, 0x77, 0x71, 0x00, 0x01,0x20, 0x24, 0x20, 0x02, 0x00, 0x01,
    0x20, 0x24, 0x21, 0x02, 0x00, 0x01,0x20, 0x24, 0x23, 0x02, 0x00, 0x01,
    0x20, 0x24, 0x28, 0x6C, 0x00, 0x01,0x20, 0x24, 0x2A, 0x02, 0x00, 0x01,
    0x20, 0x24, 0x30, 0x02, 0x00, 0x01,0x20, 0x24, 0x40, 0x02, 0x00, 0x01,
    0x20, 0x24, 0x68, 0x6F, 0x00, 0x01,0x20, 0x24, 0x69, 0x3B, 0x00, 0x02,
    0x20, 0x24, 0x6C, 0x69, 0x00, 0x01,0x20, 0x24, 0x6E, 0x61, 0x00, 0x02,
    0x20, 0x24, 0x70, 0x61, 0x00, 0x01,0x20, 0x24, 0x70, 0x77, 0x00, 0x01,
    0x20, 0x24, 0x73, 0x68, 0x00, 0x01,0x20, 0x24, 0x74, 0x65, 0x00, 0x01,
    0x20, 0x24, 0x75, 0x73, 0x00, 0x01,0x20, 0x24, 0x76, 0x61, 0x00, 0x01,
    0x20, 0x25, 0x31, 0x02, 0x00, 0x01,0x20, 0x25, 0x61, 0x70, 0x00, 0x01,
    0x20, 0x25, 0x70, 0x61, 0x00, 0x01,0x20, 0x25, 0x73, 0x22, 0x00, 0x01,
    0x20, 0x25, 0x74, 0x65, 0x00, 0x01,0x20, 0x25, 0x75, 0x73, 0x00, 0x01,
    0x20, 0x26, 0x26, 0x20, 0x00, 0x02,0x20, 0x27, 0x68, 0x65, 0x00, 0x01,
    0x20, 0x27, 0x68, 0x69, 0x00, 0x01,0x20, 0x2A, 0x3B, 0x20, 0x00, 0x01,
    0x20, 0x2B, 0x20, 0x31, 0x00, 0x01,0x20, 0x2B, 0x25, 0x79, 0x00, 0x01,
    0x20, 0x2B, 0x2F, 0x70, 0x00, 0x01,0x20, 0x2B, 0x33, 0x02, 0x00, 0x01,
    0x20, 0x2B, 0x78, 0x20, 0x00, 0x01,0x20, 0x2D, 0x2D, 0x20, 0x00, 0x01,
    0x20, 0x2D, 0x2D, 0x61, 0x00, 0x0B,0x20, 0x2D, 0x2D, 0x62, 0x00, 0x09,
    0x20, 0x2D, 0x2D, 0x63, 0x00, 0x08,0x20, 0x2D, 0x2D, 0x64, 0x00, 0x06,
    0x20, 0x2D, 0x2D, 0x65, 0x00, 0x01,0x20, 0x2D, 0x2D, 0x66, 0x00, 0x06,
    0x20, 0x2D, 0x2D, 0x67, 0x00, 0x10,0x20, 0x2D, 0x2D, 0x68, 0x00, 0x03,
    0x20, 0x2D, 0x2D, 0x69, 0x00, 0x08,0x20, 0x2D, 0x2D, 0x6A, 0x00, 0x01,
    0x20, 0x2D, 0x2D, 0x6C, 0x00, 0x07,0x20, 0x2D, 0x2D, 0x6D, 0x00, 0x01,
    0x20, 0x2D, 0x2D, 0x6E, 0x00, 0x04,0x20, 0x2D, 0x2D, 0x6F, 0x00, 0x08,
    0x20, 0x2D, 0x2D, 0x70, 0x00, 0x04,0x20, 0x2D, 0x2D, 0x72, 0x00, 0x04,
    0x20, 0x2D, 0x2D, 0x73, 0x00, 0x06,0x20, 0x2D, 0x2D, 0x74, 0x00, 0x08,
    0x20, 0x2D, 0x2D, 0x75, 0x00, 0x07,0x20, 0x2D, 0x2D, 0x76, 0x00, 0x04,
    0x20, 0x2D, 0x2D, 0x77, 0x00, 0x02,0x20, 0x2D, 0x39, 0x20, 0x00, 0x01,
    0x20, 0x2D, 0x61, 0x02, 0x00, 0x07,0x20, 0x2D, 0x61, 0x20, 0x00, 0x04,
    0x20, 0x2D, 0x61, 0x6E, 0x00, 0x01,0x20, 0x2D, 0x61, 0x76, 0x00, 0x02,
    0x20, 0x2D, 0x62, 0x20, 0x00, 0x06,0x20, 0x2D, 0x63, 0x20, 0x00, 0x2F,
    0x20, 0x2D, 0x63, 0x31, 0x00, 0x01,0x20, 0x2D, 0x63, 0x6A, 0x00, 0x01,
    0x20, 0x2D, 0x63, 0x6F, 0x00, 0x02,0x20, 0x2D, 0x63, 0x76, 0x00, 0x01,
    0x20, 0x2D, 0x63, 0x7A, 0x00, 0x01,0x20, 0x2D, 0x64, 0x02, 0x00, 0x01,
    0x20, 0x2D, 0x64, 0x20, 0x00, 0x0B,0x20, 0x2D, 0x64, 0x3A, 0x00, 0x01,
    0x20, 0x2D, 0x64, 0x63, 0x00, 0x02,0x20, 0x2D, 0x65, 0x02, 0x00, 0x02,
    0x20, 0x2D, 0x65, 0x20, 0x00, 0x15,0x20, 0x2D, 0x65, 0x66, 0x00, 0x01,
    0x20, 0x2D, 0x65, 0x6F, 0x00, 0x01,0x20, 0x2D, 0x66, 0x02, 0x00, 0x01,
    0x20, 0x2D, 0x66, 0x20, 0x00, 0x07,0x20, 0x2D, 0x66, 0x31, 0x00, 0x01,
    0x20, 0x2D, 0x66, 0x64, 0x00, 0x01,0x20, 0x2D, 0x67, 0x02, 0x00, 0x01,
    0x20, 0x2D, 0x67, 0x20, 0x00, 0x07,0x20, 0x2D, 0x68, 0x02, 0x00, 0x02,
    0x20, 0x2D, 0x68, 0x20, 0x00, 0x04,0x20, 0x2D, 0x69, 0x02, 0x00, 0x02,
    0x20, 0x2D, 0x69, 0x20, 0x00, 0x0B,0x20, 0x2D, 0x69, 0x74, 0x00, 0x03,
    0x20, 0x2D, 0x6A, 0x02, 0x00, 0x01,0x20, 0x2D, 0x6A, 0x34, 0x00, 0x02,
    0x20, 0x2D, 0x6B, 0x20, 0x00, 0x02,0x20, 0x2D, 0x6C, 0x02, 0x00, 0x04,
    0x20, 0x2D, 0x6C, 0x20, 0x00, 0x07,0x20, 0x2D, 0x6C, 0x61, 0x00, 0x04,
    0x20, 0x2D, 0x6C, 0x64, 0x00, 0x01,0x20, 0x2D, 0x6C, 0x66, 0x00, 0x01,
    0x20, 0x2D, 0x6D, 0x02, 0x00, 0x02,0x20, 0x2D, 0x6D, 0x20, 0x00, 0x2F,
    0x20, 0x2D, 0x6E, 0x02, 0x00, 0x01,0x20, 0x2D, 0x6E, 0x20, 0x00, 0x10,
    0x20, 0x2D, 0x6E, 0x61, 0x00, 0x04,0x20, 0x2D, 0x6E, 0x77, 0x00, 0x01,
    0x20, 0x2D, 0x6F, 0x20, 0x00, 0x11,0x20, 0x2D, 0x6F, 0x32, 0x00, 0x02,
    0x20, 0x2D, 0x6F, 0x6C, 0x00, 0x01,0x20, 0x2D, 0x70, 0x02, 0x00, 0x02,
    0x20, 0x2D, 0x70, 0x20, 0x00, 0x08,0x20, 0x2D, 0x71, 0x20, 0x00, 0x02,
    0x20, 0x2D, 0x72, 0x02, 0x00, 0x02,0x20, 0x2D, 0x72, 0x20, 0x00, 0x0F,
    0x20, 0x2D, 0x72, 0x66, 0x00, 0x01,0x20, 0x2D, 0x73, 0x02, 0x00, 0x01,
    0x20, 0x2D, 0x73, 0x20, 0x00, 0x09,0x20, 0x2D, 0x73, 0x68, 0x00, 0x01,
    0x20, 0x2D, 0x73, 0x74, 0x00, 0x02,0x20, 0x2D, 0x74, 0x02, 0x00, 0x01,
    0x20, 0x2D, 0x74, 0x20, 0x00, 0x05,0x20, 0x2D, 0x74, 0x66, 0x00, 0x01,
    0x20, 0x2D, 0x74, 0x75, 0x00, 0x01,0x20, 0x2D, 0x74, 0x79, 0x00, 0x02,
    0x20, 0x2D, 0x75, 0x02, 0x00, 0x02,0x20, 0x2D, 0x75, 0x20, 0x00, 0x05,
    0x20, 0x2D, 0x76, 0x02, 0x00, 0x03,0x20, 0x2D, 0x76, 0x20, 0x00, 0x05,
    0x20, 0x2D, 0x77, 0x02, 0x00, 0x01,0x20, 0x2D, 0x77, 0x20, 0x00, 0x03,
    0x20, 0x2D, 0x77, 0x22, 0x00, 0x01,0x20, 0x2D, 0x77, 0x61, 0x00, 0x01,
    0x20, 0x2D, 0x77, 0x65, 0x00, 0x01,0x20, 0x2D, 0x78, 0x02, 0x00, 0x02,
    0x20, 0x2D, 0x78, 0x20, 0x00, 0x05,0x20, 0x2D, 0x78, 0x6A, 0x00, 0x01,
    0x20, 0x2D, 0x78, 0x76, 0x00, 0x01,0x20, 0x2D, 0x78, 0x7A, 0x00, 0x01,
    0x20, 0x2D, 0x79, 0x02, 0x00, 0x01,0x20, 0x2D, 0x7A, 0x20, 0x00, 0x02,
    0x20, 0x2E, 0x20, 0x2D, 0x00, 0x08,0x20, 0x2E, 0x2E, 0x02, 0x00, 0x01,
    0x20, 0x2E, 0x2E, 0x27, 0x00, 0x01,0x20, 0x2E, 0x2E, 0x3D, 0x00, 0x01,
    0x20, 0x2E, 0x2F, 0x2E, 0x00, 0x03,0x20, 0x2E, 0x76, 0x65, 0x00, 0x02,
    0x20, 0x2F, 0x20, 0x2D, 0x00, 0x01,0x20, 0x2F, 0x2F, 0x70, 0x00, 0x04,
    0x20, 0x2F, 0x61, 0x6C, 0x00, 0x01,0x20, 0x2F, 0x62, 0x02, 0x00, 0x01,
    0x20, 0x2F, 0x62, 0x69, 0x00, 0x01,0x20, 0x2F, 0x62, 0x6F, 0x00, 0x01,
    0x20, 0x2F, 0x63, 0x20, 0x00, 0x03,0x20, 0x2F, 0x64, 0x20, 0x00, 0x01,
    0x20, 0x2F, 0x64, 0x65, 0x00, 0x02,0x20, 0x2F, 0x65, 0x68, 0x00, 0x01,
    0x20, 0x2F, 0x65, 0x74, 0x00, 0x03,0x20, 0x2F, 0x66, 0x02, 0x00, 0x01,
    0x20, 0x2F, 0x66, 0x20, 0x00, 0x02,0x20, 0x2F, 0x66, 0x65, 0x00, 0x01,
    0x20, 0x2F, 0x68, 0x6F, 0x00, 0x01,0x20, 0x2F, 0x69, 0x6D, 0x00, 0x01,
    0x20, 0x2F, 0x6D, 0x65, 0x00, 0x01,0x20, 0x2F, 0x6D, 0x6E, 0x00, 0x02,
    0x20, 0x2F, 0x6F, 0x70, 0x00, 0x01,0x20, 0x2F, 0x6F, 0x75, 0x00, 0x01,
    0x20, 0x2F, 0x70, 0x3A, 0x00, 0x02,0x20, 0x2F, 0x70, 0x61, 0x00, 0x02,
    0x20, 0x2F, 0x70, 0x72, 0x00, 0x01,0x20, 0x2F, 0x72, 0x6F, 0x00, 0x01,
    0x20, 0x2F, 0x73, 0x02, 0x00, 0x01,0x20, 0x2F, 0x73, 0x72, 0x00, 0x01,
    0x20, 0x2F, 0x74, 0x3A, 0x00, 0x01,0x20, 0x2F, 0x74, 0x6D, 0x00, 0x01,
    0x20, 0x2F, 0x75, 0x73, 0x00, 0x02,0x20, 0x2F, 0x76, 0x61, 0x00, 0x02,
    0x20, 0x2F, 0x77, 0x02, 0x00, 0x01,0x20, 0x30, 0x2E, 0x35, 0x00, 0x01,
    0x20, 0x30, 0x78, 0x34, 0x00, 0x01,0x20, 0x31, 0x20, 0x26, 0x00, 0x01,
    0x20, 0x31, 0x20, 0x31, 0x00, 0x01,0x20, 0x31, 0x20, 0x32, 0x00, 0x01,
    0x20, 0x31, 0x20, 0x63, 0x00, 0x02,0x20, 0x31, 0x20, 0x68, 0x00, 0x01,
    0x20, 0x31, 0x2E, 0x30, 0x00, 0x01,0x20, 0x31, 0x30, 0x02, 0x00, 0x02,
    0x20, 0x31, 0x30, 0x20, 0x00, 0x02,0x20, 0x31, 0x30, 0x30, 0x00, 0x01,
    0x20, 0x31, 0x32, 0x37, 0x00, 0x01,0x20, 0x31, 0x37, 0x20, 0x00, 0x01,
    0x20, 0x31, 0x38, 0x02, 0x00, 0x02,0x20, 0x31, 0x38, 0x2E, 0x00, 0x01,
    0x20, 0x32, 0x20, 0x31, 0x00, 0x01,0x20, 0x32, 0x30, 0x20, 0x00, 0x01,
    0x20, 0x32, 0x30, 0x32, 0x00, 0x01,0x20, 0x32, 0x32, 0x32, 0x00, 0x01,
    0x20, 0x32, 0x3E, 0x26, 0x00, 0x01,0x20, 0x33, 0x20, 0x63, 0x00, 0x01,
    0x20, 0x33, 0x2E, 0x30, 0x00, 0x01,0x20, 0x33, 0x2E, 0x31, 0x00, 0x03,
    0x20, 0x33, 0x30, 0x30, 0x00, 0x01,0x20, 0x34, 0x20, 0x67, 0x00, 0x02,
    0x20, 0x34, 0x32, 0x20, 0x00, 0x01,0x20, 0x35, 0x20, 0x62, 0x00, 0x01,
    0x20, 0x35, 0x20, 0x70, 0x00, 0x01,0x20, 0x36, 0x34, 0x34, 0x00, 0x01,
    0x20, 0x37, 0x35, 0x35, 0x00, 0x01,0x20, 0x38, 0x30, 0x30, 0x00, 0x02,
    0x20, 0x38, 0x30, 0x38, 0x00, 0x05,0x20, 0x3A, 0x38, 0x30, 0x00, 0x01,
    0x20, 0x3A, 0x3A, 0x3A, 0x00, 0x01,0x20, 0x3C, 0x20, 0x66, 0x00, 0x02,
    0x20, 0x3C, 0x20, 0x70, 0x00, 0x01,0x20, 0x3D, 0x20, 0x22, 0x00, 0x01,
    0x20, 0x3E, 0x20, 0x65, 0x00, 0x01,0x20, 0x3E, 0x20, 0x66, 0x00, 0x02,
    0x20, 0x3E, 0x20, 0x6C, 0x00, 0x01,0x20, 0x3E, 0x20, 0x72, 0x00, 0x01,
    0x20, 0x3E, 0x3E, 0x20, 0x00, 0x01,0x20, 0x5B, 0x20, 0x22, 0x00, 0x01,
    0x20, 0x5B, 0x20, 0x2D, 0x00, 0x04,0x20, 0x5C, 0x22, 0x68, 0x00, 0x01,
    0x20, 0x5D, 0x3B, 0x20, 0x00, 0x05,0x20, 0x61, 0x20, 0x62, 0x00, 0x01,
    0x20, 0x61, 0x63, 0x74, 0x00, 0x02,0x20, 0x61, 0x64, 0x64, 0x00, 0x11,
    0x20, 0x61, 0x6C, 0x69, 0x00, 0x01,0x20, 0x61, 0x6C, 0x6C, 0x00, 0x09,
    0x20, 0x61, 0x6D, 0x02, 0x00, 0x01,0x20, 0x61, 0x6E, 0x74, 0x00, 0x01,
    0x20, 0x61, 0x70, 0x70, 0x00, 0x09,0x20, 0x61, 0x72, 0x63, 0x00, 0x09,
    0x20, 0x61, 0x72, 0x67, 0x00, 0x01,0x20, 0x61, 0x74, 0x74, 0x00, 0x01,
    0x20, 0x61, 0x75, 0x64, 0x00, 0x05,0x20, 0x61, 0x75, 0x74, 0x00, 0x03,
    0x20, 0x61, 0x75, 0x78, 0x00, 0x01,0x20, 0x62, 0x20, 0x63, 0x00, 0x01,
    0x20, 0x62, 0x61, 0x6E, 0x00, 0x01,0x20, 0x62, 0x61, 0x73, 0x00, 0x04,
    0x20, 0x62, 0x69, 0x6E, 0x00, 0x0E,0x20, 0x62, 0x69, 0x73, 0x00, 0x01,
    0x20, 0x62, 0x6C, 0x61, 0x00, 0x02,0x20, 0x62, 0x72, 0x61, 0x00, 0x0C,
    0x20, 0x62, 0x72, 0x6F, 0x00, 0x01,0x20, 0x62, 0x73, 0x3D, 0x00, 0x02,
    0x20, 0x62, 0x75, 0x67, 0x00, 0x01,0x20, 0x62, 0x75, 0x69, 0x00, 0x21,
    0x20, 0x62, 0x75, 0x6E, 0x00, 0x01,0x20, 0x63, 0x61, 0x63, 0x00, 0x04,
    0x20, 0x63, 0x61, 0x6C, 0x00, 0x01,0x20, 0x63, 0x61, 0x74, 0x00, 0x01,
    0x20, 0x63, 0x68, 0x61, 0x00, 0x02,0x20, 0x63, 0x68, 0x65, 0x00, 0x0B,
    0x20, 0x63, 0x69, 0x02, 0x00, 0x01,0x20, 0x63, 0x6C, 0x02, 0x00, 0x01,
    0x20, 0x63, 0x6C, 0x2E, 0x00, 0x01,0x20, 0x63, 0x6C, 0x61, 0x00, 0x01,
    0x20, 0x63, 0x6C, 0x65, 0x00, 0x0C,0x20, 0x63, 0x6C, 0x6F, 0x00, 0x02,
    0x20, 0x63, 0x6C, 0x75, 0x00, 0x02,0x20, 0x63, 0x6D, 0x64, 0x00, 0x1E,
    0x20, 0x63, 0x6D, 0x70, 0x00, 0x01,0x20, 0x63, 0x6F, 0x6C, 0x00, 0x01,
    0x20, 0x63, 0x6F, 0x6D, 0x00, 0x13,0x20, 0x63, 0x6F, 0x6E, 0x00, 0x1C,
    0x20, 0x63, 0x6F, 0x70, 0x00, 0x01,0x20, 0x63, 0x6F, 0x72, 0x00, 0x03,
    0x20, 0x63, 0x6F, 0x75, 0x00, 0x02,0x20, 0x63, 0x6F, 0x76, 0x00, 0x05,
    0x20, 0x63, 0x70, 0x20, 0x00, 0x01,0x20, 0x63, 0x70, 0x72, 0x00, 0x01,
    0x20, 0x63, 0x72, 0x61, 0x00, 0x01,0x20, 0x63, 0x72, 0x65, 0x00, 0x0D,
    0x20, 0x63, 0x73, 0x76, 0x00, 0x01,0x20, 0x63, 0x79, 0x70, 0x00, 0x01,
    0x20, 0x64, 0x20, 0x2D, 0x00, 0x01,0x20, 0x64, 0x3A, 0x5C, 0x00, 0x01,
    0x20, 0x64, 0x61, 0x74, 0x00, 0x03,0x20, 0x64, 0x62, 0x3A, 0x00, 0x02,
    0x20, 0x64, 0x65, 0x61, 0x00, 0x01,0x20, 0x64, 0x65, 0x62, 0x00, 0x02,
    0x20, 0x64, 0x65, 0x64, 0x00, 0x01,0x20, 0x64, 0x65, 0x6C, 0x00, 0x04,
    0x20, 0x64, 0x65, 0x70, 0x00, 0x08,0x20, 0x64, 0x65, 0x73, 0x00, 0x15,
    0x20, 0x64, 0x65, 0x76, 0x00, 0x04,0x20, 0x64, 0x69, 0x66, 0x00, 0x07,
    0x20, 0x64, 0x69, 0x72, 0x00, 0x17,0x20, 0x64, 0x69, 0x73, 0x00, 0x02,
    0x20, 0x64, 0x6A, 0x61, 0x00, 0x01,0x20, 0x64, 0x6F, 0x20, 0x00, 0x03,
    0x20, 0x64, 0x6F, 0x63, 0x00, 0x03,0x20, 0x64, 0x6F, 0x6E, 0x00, 0x04,
    0x20, 0x64, 0x6F, 0x77, 0x00, 0x01,0x20, 0x64, 0x6F, 0x78, 0x00, 0x01,
    0x20, 0x64, 0x72, 0x6F, 0x00, 0x01,0x20, 0x64, 0x75, 0x6D, 0x00, 0x01,
    0x20, 0x65, 0x61, 0x73, 0x00, 0x01,0x20, 0x65, 0x63, 0x32, 0x00, 0x01,
    0x20, 0x65, 0x63, 0x68, 0x00, 0x0D,0x20, 0x65, 0x63, 0x6F, 0x00, 0x02,
    0x20, 0x65, 0x64, 0x69, 0x00, 0x02,0x20, 0x65, 0x6D, 0x70, 0x00, 0x02,
    0x20, 0x65, 0x6E, 0x61, 0x00, 0x01,0x20, 0x65, 0x6E, 0x73, 0x00, 0x01,
    0x20, 0x65, 0x6E, 0x76, 0x00, 0x04,0x20, 0x65, 0x6F, 0x66, 0x00, 0x01,
    0x20, 0x65, 0x71, 0x75, 0x00, 0x01,0x20, 0x65, 0x73, 0x61, 0x00, 0x01,
    0x20, 0x65, 0x73, 0x62, 0x00, 0x01,0x20, 0x65, 0x73, 0x6C, 0x00, 0x01,
    0x20, 0x65, 0x78, 0x65, 0x00, 0x03,0x20, 0x65, 0x78, 0x69, 0x00, 0x01,
    0x20, 0x65, 0x78, 0x70, 0x00, 0x02,0x20, 0x65, 0x78, 0x74, 0x00, 0x02,
    0x20, 0x66, 0x20, 0x2D, 0x00, 0x01,0x20, 0x66, 0x20, 0x7B, 0x00, 0x01,
    0x20, 0x66, 0x65, 0x74, 0x00, 0x03,0x20, 0x66, 0x66, 0x3D, 0x00, 0x02,
    0x20, 0x66, 0x69, 0x02, 0x00, 0x05,0x20, 0x66, 0x69, 0x6C, 0x00, 0x78,
    0x20, 0x66, 0x69, 0x78, 0x00, 0x02,0x20, 0x66, 0x6C, 0x61, 0x00, 0x02,
    0x20, 0x66, 0x6D, 0x74, 0x00, 0x02,0x20, 0x66, 0x6F, 0x72, 0x00, 0x05,
    0x20, 0x66, 0x72, 0x65, 0x00, 0x02,0x20, 0x66, 0x73, 0x3D, 0x00, 0x01,
    0x20, 0x66, 0x73, 0x63, 0x00, 0x02,0x20, 0x66, 0x75, 0x6C, 0x00, 0x01,
    0x20, 0x66, 0x75, 0x6E, 0x00, 0x01,0x20, 0x67, 0x3D, 0x27, 0x00, 0x01,
    0x20, 0x67, 0x63, 0x02, 0x00, 0x01,0x20, 0x67, 0x63, 0x20, 0x00, 0x02,
    0x20, 0x67, 0x65, 0x6E, 0x00, 0x01,0x20, 0x67, 0x65, 0x74, 0x00, 0x09,
    0x20, 0x67, 0x69, 0x74, 0x00, 0x03,0x20, 0x67, 0x6C, 0x6F, 0x00, 0x02,
    0x20, 0x67, 0x6D, 0x6F, 0x00, 0x01,0x20, 0x67, 0x6F, 0x6F, 0x00, 0x05,
    0x20, 0x67, 0x72, 0x65, 0x00, 0x03,0x20, 0x67, 0x72, 0x6F, 0x00, 0x01,
    0x20, 0x68, 0x61, 0x6C, 0x00, 0x01,0x20, 0x68, 0x61, 0x73, 0x00, 0x03,
    0x20, 0x68, 0x65, 0x61, 0x00, 0x0D,0x20, 0x68, 0x65, 0x6C, 0x00, 0x09,
    0x20, 0x68, 0x69, 0x3B, 0x00, 0x02,0x20, 0x68, 0x6F, 0x75, 0x00, 0x01,
    0x20, 0x68, 0x74, 0x6D, 0x00, 0x03,0x20, 0x68, 0x74, 0x74, 0x00, 0x04,
    0x20, 0x69, 0x20, 0x69, 0x00, 0x02,0x20, 0x69, 0x66, 0x3D, 0x00, 0x02,
    0x20, 0x69, 0x6D, 0x61, 0x00, 0x08,0x20, 0x69, 0x6E, 0x20, 0x00, 0x03,
    0x20, 0x69, 0x6E, 0x63, 0x00, 0x01,0x20, 0x69, 0x6E, 0x69, 0x00, 0x09,
    0x20, 0x69, 0x6E, 0x70, 0x00, 0x01,0x20, 0x69, 0x6E, 0x73, 0x00, 0x26,
    0x20, 0x69, 0x6E, 0x76, 0x00, 0x01,0x20, 0x69, 0x73, 0x6F, 0x00, 0x01,
    0x20, 0x6A, 0x6F, 0x62, 0x00, 0x04,0x20, 0x6A, 0x73, 0x6F, 0x00, 0x03,
    0x20, 0x6B, 0x65, 0x79, 0x00, 0x08,0x20, 0x6B, 0x76, 0x20, 0x00, 0x04,
    0x20, 0x6C, 0x61, 0x62, 0x00, 0x01,0x20, 0x6C, 0x61, 0x6D, 0x00, 0x01,
    0x20, 0x6C, 0x61, 0x6E, 0x00, 0x01,0x20, 0x6C, 0x65, 0x73, 0x00, 0x01,
    0x20, 0x6C, 0x69, 0x62, 0x00, 0x04,0x20, 0x6C, 0x69, 0x6E, 0x00, 0x03,
    0x20, 0x6C, 0x69, 0x73, 0x00, 0x14,0x20, 0x6C, 0x69, 0x76, 0x00, 0x01,
    0x20, 0x6C, 0x6C, 0x02, 0x00, 0x01,0x20, 0x6C, 0x6C, 0x3D, 0x00, 0x01,
    0x20, 0x6C, 0x6F, 0x63, 0x00, 0x04,0x20, 0x6C, 0x6F, 0x67, 0x00, 0x0C,
    0x20, 0x6C, 0x73, 0x02, 0x00, 0x06,0x20, 0x6C, 0x73, 0x20, 0x00, 0x03,
    0x20, 0x6C, 0x73, 0x2D, 0x00, 0x03,0x20, 0x6D, 0x61, 0x69, 0x00, 0x06,
    0x20, 0x6D, 0x61, 0x6A, 0x00, 0x01,0x20, 0x6D, 0x61, 0x6B, 0x00, 0x05,
    0x20, 0x6D, 0x61, 0x6C, 0x00, 0x01,0x20, 0x6D, 0x61, 0x6E, 0x00, 0x05,
    0x20, 0x6D, 0x61, 0x73, 0x00, 0x01,0x20, 0x6D, 0x61, 0x74, 0x00, 0x02,
    0x20, 0x6D, 0x65, 0x6D, 0x00, 0x01,0x20, 0x6D, 0x65, 0x72, 0x00, 0x04,
    0x20, 0x6D, 0x69, 0x67, 0x00, 0x01,0x20, 0x6D, 0x69, 0x6E, 0x00, 0x01,
    0x20, 0x6D, 0x6B, 0x64, 0x00, 0x01,0x20, 0x6D, 0x6B, 0x74, 0x00, 0x01,
    0x20, 0x6D, 0x6F, 0x64, 0x00, 0x08,0x20, 0x6D, 0x6F, 0x6E, 0x00, 0x01,
    0x20, 0x6D, 0x73, 0x62, 0x00, 0x01,0x20, 0x6D, 0x76, 0x20, 0x00, 0x01,
    0x20, 0x6D, 0x79, 0x2D, 0x00, 0x07,0x20, 0x6D, 0x79, 0x70, 0x00, 0x02,
    0x20, 0x6E, 0x61, 0x6D, 0x00, 0x05,0x20, 0x6E, 0x62, 0x63, 0x00, 0x02,
    0x20, 0x6E, 0x65, 0x74, 0x00, 0x01,0x20, 0x6E, 0x65, 0x77, 0x00, 0x0A,
    0x20, 0x6E, 0x6F, 0x64, 0x00, 0x03,0x20, 0x6E, 0x6F, 0x74, 0x00, 0x08,
    0x20, 0x6E, 0x6F, 0x77, 0x00, 0x01,0x20, 0x6E, 0x75, 0x67, 0x00, 0x01,
    0x20, 0x6E, 0x75, 0x6D, 0x00, 0x02,0x20, 0x6F, 0x62, 0x6A, 0x00, 0x02,
    0x20, 0x6F, 0x66, 0x3D, 0x00, 0x02,0x20, 0x6F, 0x6C, 0x64, 0x00, 0x02,
    0x20, 0x6F, 0x70, 0x65, 0x00, 0x01,0x20, 0x6F, 0x72, 0x69, 0x00, 0x08,
    0x20, 0x6F, 0x73, 0x22, 0x00, 0x01,0x20, 0x6F, 0x75, 0x74, 0x00, 0x0E,
    0x20, 0x70, 0x61, 0x63, 0x00, 0x33,0x20, 0x70, 0x61, 0x6E, 0x00, 0x01,
    0x20, 0x70, 0x61, 0x74, 0x00, 0x19,0x20, 0x70, 0x64, 0x62, 0x00, 0x02,
    0x20, 0x70, 0x69, 0x64, 0x00, 0x06,0x20, 0x70, 0x69, 0x6E, 0x00, 0x01,
    0x20, 0x70, 0x69, 0x70, 0x00, 0x06,0x20, 0x70, 0x6C, 0x61, 0x00, 0x03,
    0x20, 0x70, 0x6D, 0x32, 0x00, 0x12,0x20, 0x70, 0x6F, 0x64, 0x00, 0x06,
    0x20, 0x70, 0x6F, 0x70, 0x00, 0x01,0x20, 0x70, 0x6F, 0x72, 0x00, 0x01,
    0x20, 0x70, 0x6F, 0x73, 0x00, 0x01,0x20, 0x70, 0x72, 0x65, 0x00, 0x02,
    0x20, 0x70, 0x72, 0x6F, 0x00, 0x08,0x20, 0x70, 0x72, 0x75, 0x00, 0x03,
    0x20, 0x70, 0x73, 0x02, 0x00, 0x01,0x20, 0x70, 0x73, 0x20, 0x00, 0x01,
    0x20, 0x70, 0x73, 0x74, 0x00, 0x01,0x20, 0x70, 0x75, 0x62, 0x00, 0x04,
    0x20, 0x70, 0x75, 0x6C, 0x00, 0x05,0x20, 0x70, 0x75, 0x73, 0x00, 0x03,
    0x20, 0x70, 0x75, 0x74, 0x00, 0x03,0x20, 0x70, 0x79, 0x6C, 0x00, 0x01,
    0x20, 0x70, 0x79, 0x74, 0x00, 0x08,0x20, 0x70, 0x79, 0x75, 0x00, 0x01,
    0x20, 0x71, 0x75, 0x69, 0x00, 0x01,0x20, 0x72, 0x61, 0x6E, 0x00, 0x01,
    0x20, 0x72, 0x65, 0x22, 0x00, 0x01,0x20, 0x72, 0x65, 0x61, 0x00, 0x03,
    0x20, 0x72, 0x65, 0x62, 0x00, 0x07,0x20, 0x72, 0x65, 0x63, 0x00, 0x01,
    0x20, 0x72, 0x65, 0x66, 0x00, 0x04,0x20, 0x72, 0x65, 0x6C, 0x00, 0x07,
    0x20, 0x72, 0x65, 0x6D, 0x00, 0x0B,0x20, 0x72, 0x65, 0x70, 0x00, 0x0A,
    0x20, 0x72, 0x65, 0x71, 0x00, 0x06,0x20, 0x72, 0x65, 0x73, 0x00, 0x07,
    0x20, 0x72, 0x65, 0x76, 0x00, 0x03,0x20, 0x72, 0x67, 0x20, 0x00, 0x01,
    0x20, 0x72, 0x6D, 0x20, 0x00, 0x02,0x20, 0x72, 0x6D, 0x69, 0x00, 0x01,
    0x20, 0x72, 0x75, 0x62, 0x00, 0x02,0x20, 0x72, 0x75, 0x66, 0x00, 0x01,
    0x20, 0x72, 0x75, 0x6E, 0x00, 0x19,0x20, 0x73, 0x33, 0x20, 0x00, 0x03,
    0x20, 0x73, 0x33, 0x3A, 0x00, 0x02,0x20, 0x73, 0x61, 0x66, 0x00, 0x01,
    0x20, 0x73, 0x61, 0x76, 0x00, 0x01,0x20, 0x73, 0x63, 0x61, 0x00, 0x02,
    0x20, 0x73, 0x63, 0x72, 0x00, 0x12,0x20, 0x73, 0x65, 0x61, 0x00, 0x06,
    0x20, 0x73, 0x65, 0x6C, 0x00, 0x01,0x20, 0x73, 0x65, 0x6E, 0x00, 0x01,
    0x20, 0x73, 0x65, 0x72, 0x00, 0x0D,0x20, 0x73, 0x65, 0x73, 0x00, 0x03,
    0x20, 0x73, 0x65, 0x74, 0x00, 0x06,0x20, 0x73, 0x68, 0x6F, 0x00, 0x08,
    0x20, 0x73, 0x68, 0x72, 0x00, 0x01,0x20, 0x73, 0x69, 0x67, 0x00, 0x01,
    0x20, 0x73, 0x69, 0x6D, 0x00, 0x01,0x20, 0x73, 0x6B, 0x6C, 0x00, 0x01,
    0x20, 0x73, 0x6C, 0x6E, 0x00, 0x02,0x20, 0x73, 0x6D, 0x74, 0x00, 0x01,
    0x20, 0x73, 0x6F, 0x72, 0x00, 0x01,0x20, 0x73, 0x6F, 0x75, 0x00, 0x22,
    0x20, 0x73, 0x71, 0x6C, 0x00, 0x01,0x20, 0x73, 0x72, 0x63, 0x00, 0x09,
    0x20, 0x73, 0x73, 0x68, 0x00, 0x01,0x20, 0x73, 0x74, 0x61, 0x00, 0x1E,
    0x20, 0x73, 0x74, 0x6F, 0x00, 0x04,0x20, 0x73, 0x74, 0x75, 0x00, 0x01,
    0x20, 0x73, 0x75, 0x62, 0x00, 0x04,0x20, 0x73, 0x77, 0x69, 0x00, 0x01,
    0x20, 0x73, 0x79, 0x6D, 0x00, 0x01,0x20, 0x73, 0x79, 0x6E, 0x00, 0x01,
    0x20, 0x73, 0x79, 0x73, 0x00, 0x01,0x20, 0x74, 0x61, 0x67, 0x00, 0x02,
    0x20, 0x74, 0x61, 0x69, 0x00, 0x01,0x20, 0x74, 0x61, 0x72, 0x00, 0x02,
    0x20, 0x74, 0x65, 0x6D, 0x00, 0x01,0x20, 0x74, 0x65, 0x6E, 0x00, 0x01,
    0x20, 0x74, 0x65, 0x72, 0x00, 0x01,0x20, 0x74, 0x65, 0x73, 0x00, 0x19,
    0x20, 0x74, 0x68, 0x65, 0x00, 0x05,0x20, 0x74, 0x68, 0x69, 0x00, 0x02,
    0x20, 0x74, 0x69, 0x64, 0x00, 0x01,0x20, 0x74, 0x69, 0x6D, 0x00, 0x01,
    0x20, 0x74, 0x6F, 0x70, 0x00, 0x01,0x20, 0x74, 0x6F, 0x72, 0x00, 0x01,
    0x20, 0x74, 0x72, 0x61, 0x00, 0x01,0x20, 0x74, 0x72, 0x69, 0x00, 0x01,
    0x20, 0x74, 0x72, 0x75, 0x00, 0x04,0x20, 0x74, 0x73, 0x2D, 0x00, 0x01,
    0x20, 0x74, 0x73, 0x63, 0x00, 0x01,0x20, 0x74, 0x73, 0x78, 0x00, 0x01,
    0x20, 0x75, 0x6E, 0x69, 0x00, 0x07,0x20, 0x75, 0x6E, 0x6C, 0x00, 0x01,
    0x20, 0x75, 0x70, 0x02, 0x00, 0x04,0x20, 0x75, 0x70, 0x20, 0x00, 0x01,
    0x20, 0x75, 0x70, 0x64, 0x00, 0x09,0x20, 0x75, 0x70, 0x67, 0x00, 0x03,
    0x20, 0x75, 0x72, 0x6C, 0x00, 0x12,0x20, 0x75, 0x73, 0x65, 0x00, 0x0C,
    0x20, 0x75, 0x75, 0x69, 0x00, 0x01,0x20, 0x76, 0x31, 0x2E, 0x00, 0x01,
    0x20, 0x76, 0x61, 0x6C, 0x00, 0x05,0x20, 0x76, 0x61, 0x72, 0x00, 0x04,
    0x20, 0x76, 0x65, 0x6E, 0x00, 0x02,0x20, 0x76, 0x65, 0x72, 0x00, 0x03,
    0x20, 0x76, 0x65, 0x74, 0x00, 0x01,0x20, 0x76, 0x69, 0x6D, 0x00, 0x01,
    0x20, 0x76, 0x69, 0x74, 0x00, 0x03,0x20, 0x76, 0x6D, 0x20, 0x00, 0x01,
    0x20, 0x77, 0x61, 0x73, 0x00, 0x01,0x20, 0x77, 0x61, 0x74, 0x00, 0x02,
    0x20, 0x77, 0x63, 0x20, 0x00, 0x01,0x20, 0x77, 0x65, 0x62, 0x00, 0x02,
    0x20, 0x77, 0x68, 0x61, 0x00, 0x01,0x20, 0x77, 0x6F, 0x72, 0x00, 0x04,
    0x20, 0x77, 0x72, 0x69, 0x00, 0x01,0x20, 0x78, 0x6D, 0x6C, 0x00, 0x02,
    0x20, 0x79, 0x61, 0x6D, 0x00, 0x01,0x20, 0x79, 0x65, 0x73, 0x00, 0x01,
    0x20, 0x7B, 0x20, 0x65, 0x00, 0x02,0x20, 0x7B, 0x7D, 0x02, 0x00, 0x01,
    0x20, 0x7B, 0x7D, 0x20, 0x00, 0x02,0x20, 0x7C, 0x20, 0x63, 0x00, 0x02,
    0x20, 0x7C, 0x20, 0x67, 0x00, 0x01,0x20, 0x7C, 0x20, 0x68, 0x00, 0x01,
    0x20, 0x7C, 0x20, 0x6C, 0x00, 0x01,0x20, 0x7C, 0x20, 0x73, 0x00, 0x01,
    0x20, 0x7C, 0x20, 0x74, 0x00, 0x01,0x20, 0x7C, 0x20, 0x75, 0x00, 0x01,
    0x20, 0x7C, 0x20, 0x77, 0x00, 0x01,0x20, 0x7C, 0x7C, 0x20, 0x00, 0x01,
    0x22, 0x20, 0x34, 0x32, 0x00, 0x01,0x22, 0x20, 0x3D, 0x20, 0x00, 0x01,
    0x22, 0x20, 0x3E, 0x20, 0x00, 0x01,0x22, 0x20, 0x3E, 0x3E, 0x00, 0x01,
    0x22, 0x20, 0x5D, 0x3B, 0x00, 0x03,0x22, 0x20, 0x66, 0x69, 0x00, 0x07,
    0x22, 0x20, 0x68, 0x65, 0x00, 0x01,0x22, 0x20, 0x75, 0x72, 0x00, 0x01,
    0x22, 0x20, 0x76, 0x61, 0x00, 0x01,0x22, 0x24, 0x61, 0x22, 0x00, 0x01,
    0x22, 0x24, 0x62, 0x22, 0x00, 0x01,0x22, 0x24, 0x76, 0x61, 0x00, 0x04,
    0x22, 0x25, 0x64, 0x20, 0x00, 0x01,0x22, 0x25, 0x73, 0x2F, 0x00, 0x01,
    0x22, 0x25, 0x73, 0x5C, 0x00, 0x01,0x22, 0x28, 0x70, 0x72, 0x00, 0x01,
    0x22, 0x29, 0x22, 0x02, 0x00, 0x01,0x22, 0x2A, 0x2E, 0x63, 0x00, 0x03,
    0x22, 0x2B, 0x73, 0x65, 0x00, 0x02,0x22, 0x2D, 0x73, 0x20, 0x00, 0x01,
    0x22, 0x2E, 0x22, 0x02, 0x00, 0x01,0x22, 0x2F, 0x70, 0x61, 0x00, 0x01,
    0x22, 0x62, 0x72, 0x65, 0x00, 0x01,0x22, 0x63, 0x6F, 0x6D, 0x00, 0x01,
    0x22, 0x63, 0x6F, 0x6E, 0x00, 0x0C,0x22, 0x65, 0x63, 0x68, 0x00, 0x01,
    0x22, 0x67, 0x2F, 0x70, 0x00, 0x01,0x22, 0x67, 0x65, 0x74, 0x00, 0x02,
    0x22, 0x68, 0x65, 0x61, 0x00, 0x01,0x22, 0x68, 0x65, 0x6C, 0x00, 0x03,
    0x22, 0x69, 0x6D, 0x70, 0x00, 0x1A,0x22, 0x6C, 0x69, 0x73, 0x00, 0x01,
    0x22, 0x6C, 0x6F, 0x67, 0x00, 0x01,0x22, 0x6D, 0x65, 0x73, 0x00, 0x02,
    0x22, 0x6E, 0x69, 0x6E, 0x00, 0x01,0x22, 0x6E, 0x6D, 0x61, 0x00, 0x01,
    0x22, 0x70, 0x72, 0x69, 0x00, 0x01,0x22, 0x70, 0x72, 0x6F, 0x00, 0x01,
    0x22, 0x73, 0x65, 0x61, 0x00, 0x01,0x22, 0x73, 0x65, 0x74, 0x00, 0x02,
    0x22, 0x74, 0x65, 0x73, 0x00, 0x02,0x22, 0x74, 0x65, 0x78, 0x00, 0x02,
    0x22, 0x75, 0x6E, 0x69, 0x00, 0x01,0x22, 0x75, 0x70, 0x74, 0x00, 0x01,
    0x22, 0x76, 0x65, 0x72, 0x00, 0x01,0x22, 0x76, 0x69, 0x73, 0x00, 0x01,
    0x22, 0x77, 0x71, 0x22, 0x00, 0x01,0x24, 0x28, 0x6C, 0x73, 0x00, 0x01,
    0x24, 0x61, 0x22, 0x20, 0x00, 0x01,0x24, 0x62, 0x22, 0x20, 0x00, 0x01,
    0x24, 0x68, 0x6F, 0x6D, 0x00, 0x01,0x24, 0x69, 0x3B, 0x20, 0x00, 0x02,
    0x24, 0x6C, 0x69, 0x6E, 0x00, 0x01,0x24, 0x6E, 0x61, 0x6D, 0x00, 0x02,
    0x24, 0x70, 0x61, 0x74, 0x00, 0x02,0x24, 0x70, 0x77, 0x64, 0x00, 0x01,
    0x24, 0x73, 0x68, 0x65, 0x00, 0x01,0x24, 0x74, 0x65, 0x72, 0x00, 0x01,
    0x24, 0x75, 0x73, 0x65, 0x00, 0x01,0x24, 0x76, 0x61, 0x72, 0x00, 0x05,
    0x25, 0x61, 0x70, 0x70, 0x00, 0x01,0x25, 0x64, 0x20, 0x25, 0x00, 0x01,
    0x25, 0x6D, 0x2D, 0x25, 0x00, 0x01,0x25, 0x70, 0x61, 0x74, 0x00, 0x01,
    0x25, 0x73, 0x22, 0x20, 0x00, 0x01,0x25, 0x73, 0x2F, 0x6F, 0x00, 0x01,
    0x25, 0x73, 0x5C, 0x6E, 0x00, 0x01,0x25, 0x74, 0x65, 0x6D, 0x00, 0x01,
    0x25, 0x75, 0x73, 0x65, 0x00, 0x01,0x25, 0x79, 0x2D, 0x25, 0x00, 0x01,
    0x26, 0x20, 0x63, 0x6F, 0x00, 0x01,0x26, 0x20, 0x65, 0x63, 0x00, 0x01,
    0x26, 0x26, 0x20, 0x63, 0x00, 0x01,0x26, 0x26, 0x20, 0x65, 0x00, 0x01,
    0x26, 0x31, 0x20, 0x26, 0x00, 0x01,0x27, 0x29, 0x22, 0x02, 0x00, 0x04,
    0x27, 0x29, 0x2C, 0x31, 0x00, 0x01,0x27, 0x29, 0x2E, 0x63, 0x00, 0x01,
    0x27, 0x29, 0x3B, 0x66, 0x00, 0x01,0x27, 0x29, 0x3B, 0x70, 0x00, 0x01,
    0x27, 0x2C, 0x27, 0x62, 0x00, 0x01,0x27, 0x3B, 0x22, 0x02, 0x00, 0x01,
    0x27, 0x61, 0x27, 0x2C, 0x00, 0x01,0x27, 0x62, 0x27, 0x29, 0x00, 0x01,
    0x27, 0x63, 0x64, 0x20, 0x00, 0x01,0x27, 0x64, 0x6F, 0x6E, 0x00, 0x01,
    0x27, 0x66, 0x69, 0x6C, 0x00, 0x01,0x27, 0x66, 0x73, 0x27, 0x00, 0x01,
    0x27, 0x67, 0x69, 0x74, 0x00, 0x01,0x27, 0x68, 0x65, 0x6C, 0x00, 0x02,
    0x27, 0x68, 0x69, 0x27, 0x00, 0x02,0x27, 0x6C, 0x73, 0x20, 0x00, 0x01,
    0x27, 0x6F, 0x73, 0x27, 0x00, 0x01,0x27, 0x70, 0x61, 0x74, 0x00, 0x01,
    0x28, 0x27, 0x61, 0x27, 0x00, 0x01,0x28, 0x27, 0x64, 0x6F, 0x00, 0x01,
    0x28, 0x27, 0x66, 0x69, 0x00, 0x01,0x28, 0x27, 0x66, 0x73, 0x00, 0x01,
    0x28, 0x27, 0x68, 0x65, 0x00, 0x01,0x28, 0x27, 0x68, 0x69, 0x00, 0x01,
    0x28, 0x27, 0x6F, 0x73, 0x00, 0x01,0x28, 0x27, 0x70, 0x61, 0x00, 0x01,
    0x28, 0x28, 0x29, 0x3D, 0x00, 0x01,0x28, 0x29, 0x20, 0x7B, 0x00, 0x01,
    0x28, 0x29, 0x22, 0x02, 0x00, 0x02,0x28, 0x29, 0x29, 0x22, 0x00, 0x04,
    0x28, 0x29, 0x3D, 0x3E, 0x00, 0x01,0x28, 0x31, 0x30, 0x30, 0x00, 0x01,
    0x28, 0x6C, 0x73, 0x29, 0x00, 0x01,0x28, 0x70, 0x72, 0x69, 0x00, 0x01,
    0x28, 0x70, 0x72, 0x6F, 0x00, 0x08,0x28, 0x72, 0x61, 0x6E, 0x00, 0x01,
    0x28, 0x72, 0x65, 0x71, 0x00, 0x01,0x29, 0x20, 0x63, 0x6D, 0x00, 0x01,
    0x29, 0x20, 0x7B, 0x20, 0x00, 0x01,0x29, 0x29, 0x22, 0x02, 0x00, 0x05,
    0x29, 0x2C, 0x31, 0x30, 0x00, 0x01,0x29, 0x2E, 0x63, 0x70, 0x00, 0x01,
    0x29, 0x3B, 0x20, 0x64, 0x00, 0x01,0x29, 0x3B, 0x66, 0x73, 0x00, 0x01,
    0x29, 0x3B, 0x70, 0x61, 0x00, 0x01,0x29, 0x3D, 0x3E, 0x63, 0x00, 0x01,
    0x2A, 0x2E, 0x63, 0x22, 0x00, 0x01,0x2A, 0x2E, 0x63, 0x6F, 0x00, 0x01,
    0x2A, 0x2E, 0x63, 0x70, 0x00, 0x01,0x2A, 0x3B, 0x20, 0x64, 0x00, 0x01,
    0x2B, 0x20, 0x2D, 0x6F, 0x00, 0x03,0x2B, 0x20, 0x2D, 0x73, 0x00, 0x01,
    0x2B, 0x20, 0x31, 0x20, 0x00, 0x01,0x2B, 0x25, 0x79, 0x2D, 0x00, 0x01,
    0x2B, 0x2B, 0x20, 0x2D, 0x00, 0x04,0x2B, 0x2B, 0x31, 0x37, 0x00, 0x01,
    0x2B, 0x2B, 0x32, 0x30, 0x00, 0x01,0x2B, 0x2F, 0x70, 0x61, 0x00, 0x01,
    0x2B, 0x31, 0x37, 0x20, 0x00, 0x01,0x2B, 0x32, 0x30, 0x20, 0x00, 0x01,
    0x2B, 0x73, 0x65, 0x74, 0x00, 0x02,0x2B, 0x78, 0x20, 0x66, 0x00, 0x01,
    0x2C, 0x27, 0x62, 0x27, 0x00, 0x01,0x2C, 0x31, 0x30, 0x30, 0x00, 0x01,
    0x2C, 0x63, 0x6D, 0x64, 0x00, 0x01,0x2D, 0x20, 0x62, 0x61, 0x00, 0x01,
    0x2D, 0x25, 0x64, 0x02, 0x00, 0x01,0x2D, 0x25, 0x6D, 0x2D, 0x00, 0x01,
    0x2D, 0x2D, 0x20, 0x62, 0x00, 0x01,0x2D, 0x2D, 0x61, 0x62, 0x00, 0x03,
    0x2D, 0x2D, 0x61, 0x64, 0x00, 0x01,0x2D, 0x2D, 0x61, 0x67, 0x00, 0x01,
    0x2D, 0x2D, 0x61, 0x6C, 0x00, 0x02,0x2D, 0x2D, 0x61, 0x6D, 0x00, 0x01,
    0x2D, 0x2D, 0x61, 0x72, 0x00, 0x01,0x2D, 0x2D, 0x61, 0x75, 0x00, 0x02,
    0x2D, 0x2D, 0x62, 0x61, 0x00, 0x01,0x2D, 0x2D, 0x62, 0x69, 0x00, 0x01,
    0x2D, 0x2D, 0x62, 0x75, 0x00, 0x07,0x2D, 0x2D, 0x63, 0x61, 0x00, 0x02,
    0x2D, 0x2D, 0x63, 0x63, 0x00, 0x01,0x2D, 0x2D, 0x63, 0x6F, 0x00, 0x05,
    0x2D, 0x2D, 0x64, 0x65, 0x00, 0x03,0x2D, 0x2D, 0x64, 0x69, 0x00, 0x03,
    0x2D, 0x2D, 0x65, 0x76, 0x00, 0x01,0x2D, 0x2D, 0x66, 0x69, 0x00, 0x02,
    0x2D, 0x2D, 0x66, 0x6F, 0x00, 0x02,0x2D, 0x2D, 0x66, 0x75, 0x00, 0x02,
    0x2D, 0x2D, 0x67, 0x6C, 0x00, 0x0D,0x2D, 0x2D, 0x67, 0x6F, 0x00, 0x01,
    0x2D, 0x2D, 0x67, 0x72, 0x00, 0x02,0x2D, 0x2D, 0x68, 0x61, 0x00, 0x01,
    0x2D, 0x2D, 0x68, 0x65, 0x00, 0x02,0x2D, 0x2D, 0x69, 0x6D, 0x00, 0x01,
    0x2D, 0x2D, 0x69, 0x6E, 0x00, 0x07,0x2D, 0x2D, 0x6A, 0x73, 0x00, 0x01,
    0x2D, 0x2D, 0x6C, 0x65, 0x00, 0x01,0x2D, 0x2D, 0x6C, 0x69, 0x00, 0x04,
    0x2D, 0x2D, 0x6C, 0x6F, 0x00, 0x02,0x2D, 0x2D, 0x6D, 0x61, 0x00, 0x01,
    0x2D, 0x2D, 0x6E, 0x61, 0x00, 0x01,0x2D, 0x2D, 0x6E, 0x65, 0x00, 0x01,
    0x2D, 0x2D, 0x6E, 0x6F, 0x00, 0x02,0x2D, 0x2D, 0x6F, 0x6E, 0x00, 0x03,
    0x2D, 0x2D, 0x6F, 0x70, 0x00, 0x01,0x2D, 0x2D, 0x6F, 0x75, 0x00, 0x04,
    0x2D, 0x2D, 0x70, 0x6F, 0x00, 0x01,0x2D, 0x2D, 0x70, 0x72, 0x00, 0x02,
    0x2D, 0x2D, 0x70, 0x79, 0x00, 0x01,0x2D, 0x2D, 0x72, 0x65, 0x00, 0x04,
    0x2D, 0x2D, 0x73, 0x61, 0x00, 0x02,0x2D, 0x2D, 0x73, 0x65, 0x00, 0x01,
    0x2D, 0x2D, 0x73, 0x69, 0x00, 0x01,0x2D, 0x2D, 0x73, 0x6B, 0x00, 0x01,
    0x2D, 0x2D, 0x73, 0x6F, 0x00, 0x01,0x2D, 0x2D, 0x74, 0x61, 0x00, 0x04,
    0x2D, 0x2D, 0x74, 0x65, 0x00, 0x01,0x2D, 0x2D, 0x74, 0x6F, 0x00, 0x02,
    0x2D, 0x2D, 0x74, 0x72, 0x00, 0x01,0x2D, 0x2D, 0x75, 0x69, 0x00, 0x01,
    0x2D, 0x2D, 0x75, 0x6E, 0x00, 0x01,0x2D, 0x2D, 0x75, 0x70, 0x00, 0x03,
    0x2D, 0x2D, 0x75, 0x73, 0x00, 0x02,0x2D, 0x2D, 0x76, 0x65, 0x00, 0x04,
    0x2D, 0x2D, 0x77, 0x61, 0x00, 0x01,0x2D, 0x2D, 0x77, 0x72, 0x00, 0x01,
    0x2D, 0x31, 0x30, 0x20, 0x00, 0x01,0x2D, 0x33, 0x2E, 0x30, 0x00, 0x01,
    0x2D, 0x39, 0x20, 0x70, 0x00, 0x01,0x2D, 0x61, 0x20, 0x22, 0x00, 0x01,
    0x2D, 0x61, 0x20, 0x2D, 0x00, 0x01,0x2D, 0x61, 0x20, 0x73, 0x00, 0x01,
    0x2D, 0x61, 0x20, 0x76, 0x00, 0x01,0x2D, 0x61, 0x62, 0x62, 0x00, 0x01,
    0x2D, 0x61, 0x62, 0x6F, 0x00, 0x02,0x2D, 0x61, 0x64, 0x64, 0x00, 0x01,
    0x2D, 0x61, 0x64, 0x6D, 0x00, 0x02,0x2D, 0x61, 0x67, 0x67, 0x00, 0x01,
    0x2D, 0x61, 0x6C, 0x6C, 0x00, 0x02,0x2D, 0x61, 0x6D, 0x65, 0x00, 0x01,
    0x2D, 0x61, 0x6E, 0x02, 0x00, 0x01,0x2D, 0x61, 0x70, 0x70, 0x00, 0x0C,
    0x2D, 0x61, 0x72, 0x67, 0x00, 0x01,0x2D, 0x61, 0x74, 0x74, 0x00, 0x01,
    0x2D, 0x61, 0x75, 0x64, 0x00, 0x01,0x2D, 0x61, 0x75, 0x74, 0x00, 0x02,
    0x2D, 0x61, 0x76, 0x20, 0x00, 0x01,0x2D, 0x61, 0x76, 0x7A, 0x00, 0x01,
    0x2D, 0x62, 0x20, 0x62, 0x00, 0x04,0x2D, 0x62, 0x20, 0x66, 0x00, 0x01,
    0x2D, 0x62, 0x20, 0x68, 0x00, 0x01,0x2D, 0x62, 0x61, 0x74, 0x00, 0x01,
    0x2D, 0x62, 0x69, 0x6E, 0x00, 0x01,0x2D, 0x62, 0x72, 0x61, 0x00, 0x01,
    0x2D, 0x62, 0x75, 0x69, 0x00, 0x07,0x2D, 0x62, 0x75, 0x6E, 0x00, 0x01,
    0x2D, 0x63, 0x20, 0x22, 0x00, 0x21,0x2D, 0x63, 0x20, 0x33, 0x00, 0x01,
    0x2D, 0x63, 0x20, 0x34, 0x00, 0x01,0x2D, 0x63, 0x20, 0x62, 0x00, 0x01,
    0x2D, 0x63, 0x20, 0x63, 0x00, 0x01,0x2D, 0x63, 0x20, 0x64, 0x00, 0x03,
    0x2D, 0x63, 0x20, 0x66, 0x00, 0x02,0x2D, 0x63, 0x20, 0x70, 0x00, 0x01,
    0x2D, 0x63, 0x20, 0x72, 0x00, 0x02,0x2D, 0x63, 0x20, 0x73, 0x00, 0x01,
    0x2D, 0x63, 0x20, 0x75, 0x00, 0x01,0x2D, 0x63, 0x31, 0x2D, 0x00, 0x01,
    0x2D, 0x63, 0x61, 0x63, 0x00, 0x02,0x2D, 0x63, 0x61, 0x70, 0x00, 0x01,
    0x2D, 0x63, 0x63, 0x02, 0x00, 0x01,0x2D, 0x63, 0x68, 0x65, 0x00, 0x01,
    0x2D, 0x63, 0x68, 0x69, 0x00, 0x01,0x2D, 0x63, 0x6A, 0x66, 0x00, 0x01,
    0x2D, 0x63, 0x6F, 0x6D, 0x00, 0x07,0x2D, 0x63, 0x6F, 0x6E, 0x00, 0x03,
    0x2D, 0x63, 0x6F, 0x76, 0x00, 0x01,0x2D, 0x63, 0x72, 0x65, 0x00, 0x01,
    0x2D, 0x63, 0x76, 0x66, 0x00, 0x01,0x2D, 0x63, 0x7A, 0x66, 0x00, 0x01,
    0x2D, 0x64, 0x20, 0x62, 0x00, 0x03,0x2D, 0x64, 0x20, 0x64, 0x00, 0x05,
    0x2D, 0x64, 0x20, 0x66, 0x00, 0x02,0x2D, 0x64, 0x20, 0x69, 0x00, 0x01,
    0x2D, 0x64, 0x3A, 0x20, 0x00, 0x01,0x2D, 0x64, 0x63, 0x6D, 0x00, 0x02,
    0x2D, 0x64, 0x65, 0x70, 0x00, 0x03,0x2D, 0x64, 0x65, 0x76, 0x00, 0x02,
    0x2D, 0x64, 0x69, 0x66, 0x00, 0x01,0x2D, 0x64, 0x69, 0x72, 0x00, 0x03,
    0x2D, 0x64, 0x69, 0x73, 0x00, 0x01,0x2D, 0x64, 0x72, 0x69, 0x00, 0x01,
    0x2D, 0x65, 0x20, 0x22, 0x00, 0x0D,0x2D, 0x65, 0x20, 0x2E, 0x00, 0x01,
    0x2D, 0x65, 0x20, 0x62, 0x00, 0x01,0x2D, 0x65, 0x20, 0x63, 0x00, 0x01,
    0x2D, 0x65, 0x20, 0x65, 0x00, 0x01,0x2D, 0x65, 0x20, 0x6D, 0x00, 0x02,
    0x2D, 0x65, 0x20, 0x6F, 0x00, 0x01,0x2D, 0x65, 0x20, 0x72, 0x00, 0x01,
    0x2D, 0x65, 0x61, 0x63, 0x00, 0x01,0x2D, 0x65, 0x66, 0x02, 0x00, 0x01,
    0x2D, 0x65, 0x6D, 0x61, 0x00, 0x01,0x2D, 0x65, 0x6F, 0x20, 0x00, 0x01,
    0x2D, 0x65, 0x76, 0x61, 0x00, 0x01,0x2D, 0x65, 0x78, 0x70, 0x00, 0x01,
    0x2D, 0x65, 0x78, 0x74, 0x00, 0x04,0x2D, 0x66, 0x20, 0x63, 0x00, 0x01,
    0x2D, 0x66, 0x20, 0x66, 0x00, 0x05,0x2D, 0x66, 0x20, 0x73, 0x00, 0x01,
    0x2D, 0x66, 0x31, 0x20, 0x00, 0x01,0x2D, 0x66, 0x61, 0x69, 0x00, 0x01,
    0x2D, 0x66, 0x64, 0x02, 0x00, 0x01,0x2D, 0x66, 0x66, 0x02, 0x00, 0x01,
    0x2D, 0x66, 0x69, 0x6C, 0x00, 0x06,0x2D, 0x66, 0x6F, 0x72, 0x00, 0x03,
    0x2D, 0x66, 0x75, 0x6C, 0x00, 0x01,0x2D, 0x66, 0x75, 0x6E, 0x00, 0x01,
    0x2D, 0x67, 0x20, 0x22, 0x00, 0x04,0x2D, 0x67, 0x20, 0x2D, 0x00, 0x02,
    0x2D, 0x67, 0x20, 0x70, 0x00, 0x01,0x2D, 0x67, 0x6C, 0x6F, 0x00, 0x0D,
    0x2D, 0x67, 0x6F, 0x74, 0x00, 0x01,0x2D, 0x67, 0x72, 0x61, 0x00, 0x02,
    0x2D, 0x68, 0x20, 0x22, 0x00, 0x01,0x2D, 0x68, 0x20, 0x2D, 0x00, 0x01,
    0x2D, 0x68, 0x20, 0x2E, 0x00, 0x01,0x2D, 0x68, 0x20, 0x62, 0x00, 0x01,
    0x2D, 0x68, 0x61, 0x72, 0x00, 0x01,0x2D, 0x68, 0x65, 0x6C, 0x00, 0x02,
    0x2D, 0x69, 0x20, 0x3A, 0x00, 0x01,0x2D, 0x69, 0x20, 0x66, 0x00, 0x01,
    0x2D, 0x69, 0x20, 0x68, 0x00, 0x01,0x2D, 0x69, 0x20, 0x69, 0x00, 0x01,
    0x2D, 0x69, 0x20, 0x6B, 0x00, 0x01,0x2D, 0x69, 0x20, 0x70, 0x00, 0x01,
    0x2D, 0x69, 0x20, 0x73, 0x00, 0x03,0x2D, 0x69, 0x20, 0x75, 0x00, 0x01,
    0x2D, 0x69, 0x20, 0x7B, 0x00, 0x01,0x2D, 0x69, 0x67, 0x6E, 0x00, 0x01,
    0x2D, 0x69, 0x6D, 0x61, 0x00, 0x01,0x2D, 0x69, 0x6E, 0x64, 0x00, 0x01,
    0x2D, 0x69, 0x6E, 0x66, 0x00, 0x01,0x2D, 0x69, 0x6E, 0x69, 0x00, 0x04,
    0x2D, 0x69, 0x6E, 0x73, 0x00, 0x03,0x2D, 0x69, 0x74, 0x20, 0x00, 0x03,
    0x2D, 0x6A, 0x34, 0x02, 0x00, 0x02,0x2D, 0x6A, 0x73, 0x6F, 0x00, 0x01,
    0x2D, 0x6B, 0x20, 0x22, 0x00, 0x01,0x2D, 0x6B, 0x20, 0x38, 0x00, 0x01,
    0x2D, 0x6C, 0x20, 0x32, 0x00, 0x01,0x2D, 0x6C, 0x20, 0x33, 0x00, 0x01,
    0x2D, 0x6C, 0x20, 0x66, 0x00, 0x02,0x2D, 0x6C, 0x20, 0x6C, 0x00, 0x01,
    0x2D, 0x6C, 0x20, 0x70, 0x00, 0x01,0x2D, 0x6C, 0x20, 0x75, 0x00, 0x01,
    0x2D, 0x6C, 0x61, 0x02, 0x00, 0x02,0x2D, 0x6C, 0x61, 0x27, 0x00, 0x01,
    0x2D, 0x6C, 0x61, 0x68, 0x00, 0x01,0x2D, 0x6C, 0x64, 0x66, 0x00, 0x01,
    0x2D, 0x6C, 0x65, 0x61, 0x00, 0x01,0x2D, 0x6C, 0x65, 0x76, 0x00, 0x01,
    0x2D, 0x6C, 0x66, 0x6F, 0x00, 0x01,0x2D, 0x6C, 0x69, 0x73, 0x00, 0x04,
    0x2D, 0x6C, 0x6F, 0x63, 0x00, 0x01,0x2D, 0x6C, 0x6F, 0x6E, 0x00, 0x01,
    0x2D, 0x6D, 0x20, 0x22, 0x00, 0x03,0x2D, 0x6D, 0x20, 0x61, 0x00, 0x01,
    0x2D, 0x6D, 0x20, 0x62, 0x00, 0x02,0x2D, 0x6D, 0x20, 0x63, 0x00, 0x06,
    0x2D, 0x6D, 0x20, 0x65, 0x00, 0x01,0x2D, 0x6D, 0x20, 0x66, 0x00, 0x01,
    0x2D, 0x6D, 0x20, 0x68, 0x00, 0x02,0x2D, 0x6D, 0x20, 0x69, 0x00, 0x01,
    0x2D, 0x6D, 0x20, 0x6A, 0x00, 0x02,0x2D, 0x6D, 0x20, 0x6D, 0x00, 0x01,
    0x2D, 0x6D, 0x20, 0x70, 0x00, 0x0E,0x2D, 0x6D, 0x20, 0x72, 0x00, 0x01,
    0x2D, 0x6D, 0x20, 0x73, 0x00, 0x02,0x2D, 0x6D, 0x20, 0x74, 0x00, 0x03,
    0x2D, 0x6D, 0x20, 0x75, 0x00, 0x03,0x2D, 0x6D, 0x20, 0x76, 0x00, 0x02,
    0x2D, 0x6D, 0x20, 0x77, 0x00, 0x01,0x2D, 0x6D, 0x20, 0x78, 0x00, 0x01,
    0x2D, 0x6D, 0x61, 0x78, 0x00, 0x01,0x2D, 0x6E, 0x20, 0x22, 0x00, 0x02,
    0x2D, 0x6E, 0x20, 0x2D, 0x00, 0x01,0x2D, 0x6E, 0x20, 0x31, 0x00, 0x04,
    0x2D, 0x6E, 0x20, 0x32, 0x00, 0x01,0x2D, 0x6E, 0x20, 0x34, 0x00, 0x01,
    0x2D, 0x6E, 0x20, 0x35, 0x00, 0x02,0x2D, 0x6E, 0x20, 0x65, 0x00, 0x01,
    0x2D, 0x6E, 0x20, 0x66, 0x00, 0x02,0x2D, 0x6E, 0x20, 0x70, 0x00, 0x02,
    0x2D, 0x6E, 0x61, 0x6D, 0x00, 0x06,0x2D, 0x6E, 0x65, 0x77, 0x00, 0x01,
    0x2D, 0x6E, 0x65, 0x78, 0x00, 0x01,0x2D, 0x6E, 0x6F, 0x2D, 0x00, 0x01,
    0x2D, 0x6E, 0x6F, 0x64, 0x00, 0x01,0x2D, 0x6E, 0x6F, 0x65, 0x00, 0x01,
    0x2D, 0x6E, 0x75, 0x78, 0x00, 0x01,0x2D, 0x6E, 0x77, 0x20, 0x00, 0x01,
    0x2D, 0x6F, 0x20, 0x62, 0x00, 0x01,0x2D, 0x6F, 0x20, 0x66, 0x00, 0x04,
    0x2D, 0x6F, 0x20, 0x6F, 0x00, 0x0A,0x2D, 0x6F, 0x20, 0x70, 0x00, 0x01,
    0x2D, 0x6F, 0x20, 0x75, 0x00, 0x01,0x2D, 0x6F, 0x32, 0x20, 0x00, 0x02,
    0x2D, 0x6F, 0x62, 0x6A, 0x00, 0x02,0x2D, 0x6F, 0x6C, 0x20, 0x00, 0x01,
    0x2D, 0x6F, 0x6E, 0x2D, 0x00, 0x01,0x2D, 0x6F, 0x6E, 0x65, 0x00, 0x02,
    0x2D, 0x6F, 0x6E, 0x74, 0x00, 0x01,0x2D, 0x6F, 0x70, 0x65, 0x00, 0x01,
    0x2D, 0x6F, 0x75, 0x74, 0x00, 0x04,0x2D, 0x70, 0x20, 0x22, 0x00, 0x01,
    0x2D, 0x70, 0x20, 0x32, 0x00, 0x01,0x2D, 0x70, 0x20, 0x38, 0x00, 0x01,
    0x2D, 0x70, 0x20, 0x61, 0x00, 0x01,0x2D, 0x70, 0x20, 0x64, 0x00, 0x01,
    0x2D, 0x70, 0x20, 0x68, 0x00, 0x01,0x2D, 0x70, 0x20, 0x70, 0x00, 0x02,
    0x2D, 0x70, 0x61, 0x63, 0x00, 0x01,0x2D, 0x70, 0x61, 0x72, 0x00, 0x02,
    0x2D, 0x70, 0x61, 0x74, 0x00, 0x01,0x2D, 0x70, 0x69, 0x63, 0x00, 0x02,
    0x2D, 0x70, 0x6C, 0x61, 0x00, 0x01,0x2D, 0x70, 0x6C, 0x75, 0x00, 0x01,
    0x2D, 0x70, 0x6F, 0x6C, 0x00, 0x01,0x2D, 0x70, 0x6F, 0x72, 0x00, 0x01,
    0x2D, 0x70, 0x72, 0x6F, 0x00, 0x04,0x2D, 0x70, 0x75, 0x6C, 0x00, 0x01,
    0x2D, 0x70, 0x79, 0x33, 0x00, 0x01,0x2D, 0x71, 0x20, 0x66, 0x00, 0x01,
    0x2D, 0x71, 0x20, 0x75, 0x00, 0x01,0x2D, 0x71, 0x75, 0x69, 0x00, 0x01,
    0x2D, 0x72, 0x20, 0x22, 0x00, 0x02,0x2D, 0x72, 0x20, 0x31, 0x00, 0x01,
    0x2D, 0x72, 0x20, 0x61, 0x00, 0x01,0x2D, 0x72, 0x20, 0x64, 0x00, 0x02,
    0x2D, 0x72, 0x20, 0x66, 0x00, 0x02,0x2D, 0x72, 0x20, 0x70, 0x00, 0x01,
    0x2D, 0x72, 0x20, 0x72, 0x00, 0x01,0x2D, 0x72, 0x20, 0x73, 0x00, 0x03,
    0x2D, 0x72, 0x20, 0x74, 0x00, 0x01,0x2D, 0x72, 0x20, 0x75, 0x00, 0x01,
    0x2D, 0x72, 0x65, 0x61, 0x00, 0x02,0x2D, 0x72, 0x65, 0x62, 0x00, 0x01,
    0x2D, 0x72, 0x65, 0x63, 0x00, 0x01,0x2D, 0x72, 0x65, 0x66, 0x00, 0x06,
    0x2D, 0x72, 0x65, 0x6C, 0x00, 0x02,0x2D, 0x72, 0x65, 0x6D, 0x00, 0x02,
    0x2D, 0x72, 0x65, 0x70, 0x00, 0x02,0x2D, 0x72, 0x66, 0x20, 0x00, 0x01,
    0x2D, 0x72, 0x75, 0x6E, 0x00, 0x01,0x2D, 0x73, 0x20, 0x2D, 0x00, 0x01,
    0x2D, 0x73, 0x20, 0x2E, 0x00, 0x03,0x2D, 0x73, 0x20, 0x62, 0x00, 0x02,
    0x2D, 0x73, 0x20, 0x6C, 0x00, 0x01,0x2D, 0x73, 0x20, 0x70, 0x00, 0x01,
    0x2D, 0x73, 0x20, 0x73, 0x00, 0x02,0x2D, 0x73, 0x61, 0x76, 0x00, 0x02,
    0x2D, 0x73, 0x64, 0x6B, 0x00, 0x01,0x2D, 0x73, 0x65, 0x6E, 0x00, 0x01,
    0x2D, 0x73, 0x65, 0x72, 0x00, 0x02,0x2D, 0x73, 0x65, 0x73, 0x00, 0x01,
    0x2D, 0x73, 0x68, 0x20, 0x00, 0x01,0x2D, 0x73, 0x69, 0x6E, 0x00, 0x01,
    0x2D, 0x73, 0x6B, 0x69, 0x00, 0x01,0x2D, 0x73, 0x6F, 0x66, 0x00, 0x01,
    0x2D, 0x73, 0x74, 0x64, 0x00, 0x02,0x2D, 0x73, 0x76, 0x65, 0x00, 0x01,
    0x2D, 0x73, 0x79, 0x6E, 0x00, 0x01,0x2D, 0x74, 0x20, 0x62, 0x00, 0x01,
    0x2D, 0x74, 0x20, 0x69, 0x00, 0x01,0x2D, 0x74, 0x20, 0x6C, 0x00, 0x01,
    0x2D, 0x74, 0x20, 0x73, 0x00, 0x01,0x2D, 0x74, 0x20, 0x74, 0x00, 0x01,
    0x2D, 0x74, 0x61, 0x72, 0x00, 0x03,0x2D, 0x74, 0x61, 0x73, 0x00, 0x01,
    0x2D, 0x74, 0x65, 0x73, 0x00, 0x01,0x2D, 0x74, 0x66, 0x20, 0x00, 0x01,
    0x2D, 0x74, 0x6F, 0x20, 0x00, 0x02,0x2D, 0x74, 0x72, 0x61, 0x00, 0x01,
    0x2D, 0x74, 0x72, 0x65, 0x00, 0x05,0x2D, 0x74, 0x75, 0x6C, 0x00, 0x01,
    0x2D, 0x74, 0x79, 0x70, 0x00, 0x02,0x2D, 0x75, 0x20, 0x31, 0x00, 0x01,
    0x2D, 0x75, 0x20, 0x66, 0x00, 0x02,0x2D, 0x75, 0x20, 0x73, 0x00, 0x01,
    0x2D, 0x75, 0x20, 0x75, 0x00, 0x01,0x2D, 0x75, 0x69, 0x02, 0x00, 0x01,
    0x2D, 0x75, 0x6E, 0x69, 0x00, 0x01,0x2D, 0x75, 0x6E, 0x6B, 0x00, 0x02,
    0x2D, 0x75, 0x70, 0x67, 0x00, 0x03,0x2D, 0x75, 0x72, 0x6C, 0x00, 0x01,
    0x2D, 0x75, 0x73, 0x65, 0x00, 0x02,0x2D, 0x76, 0x20, 0x66, 0x00, 0x01,
    0x2D, 0x76, 0x20, 0x70, 0x00, 0x01,0x2D, 0x76, 0x20, 0x73, 0x00, 0x02,
    0x2D, 0x76, 0x20, 0x75, 0x00, 0x01,0x2D, 0x76, 0x65, 0x72, 0x00, 0x04,
    0x2D, 0x76, 0x69, 0x74, 0x00, 0x01,0x2D, 0x77, 0x20, 0x66, 0x00, 0x02,
    0x2D, 0x77, 0x20, 0x6E, 0x00, 0x01,0x2D, 0x77, 0x22, 0x02, 0x00, 0x01,
    0x2D, 0x77, 0x61, 0x69, 0x00, 0x01,0x2D, 0x77, 0x61, 0x6C, 0x00, 0x01,
    0x2D, 0x77, 0x65, 0x78, 0x00, 0x01,0x2D, 0x77, 0x69, 0x6E, 0x00, 0x01,
    0x2D, 0x77, 0x72, 0x69, 0x00, 0x01,0x2D, 0x78, 0x20, 0x31, 0x00, 0x01,
    0x2D, 0x78, 0x20, 0x64, 0x00, 0x01,0x2D, 0x78, 0x20, 0x6C, 0x00, 0x01,
    0x2D, 0x78, 0x20, 0x70, 0x00, 0x02,0x2D, 0x78, 0x6A, 0x66, 0x00, 0x01,
    0x2D, 0x78, 0x76, 0x66, 0x00, 0x01,0x2D, 0x78, 0x7A, 0x66, 0x00, 0x01,
    0x2D, 0x7A, 0x20, 0x22, 0x00, 0x02,0x2E, 0x20, 0x2D, 0x2D, 0x00, 0x02,
    0x2E, 0x20, 0x2D, 0x62, 0x00, 0x03,0x2E, 0x20, 0x2D, 0x6E, 0x00, 0x01,
    0x2E, 0x20, 0x2D, 0x74, 0x00, 0x02,0x2E, 0x20, 0x66, 0x69, 0x00, 0x01,
    0x2E, 0x2E, 0x27, 0x02, 0x00, 0x01,0x2E, 0x2E, 0x2E, 0x02, 0x00, 0x03,
    0x2E, 0x2E, 0x3D, 0x27, 0x00, 0x01,0x2E, 0x2F, 0x2E, 0x2E, 0x00, 0x03,
    0x2E, 0x30, 0x20, 0x2D, 0x00, 0x01,0x2E, 0x30, 0x22, 0x02, 0x00, 0x01,
    0x2E, 0x30, 0x2E, 0x30, 0x00, 0x04,0x2E, 0x30, 0x2E, 0x31, 0x00, 0x01,
    0x2E, 0x31, 0x30, 0x02, 0x00, 0x01,0x2E, 0x31, 0x30, 0x2E, 0x00, 0x03,
    0x2E, 0x3D, 0x27, 0x63, 0x00, 0x01,0x2E, 0x61, 0x72, 0x63, 0x00, 0x01,
    0x2E, 0x61, 0x72, 0x67, 0x00, 0x01,0x2E, 0x61, 0x75, 0x74, 0x00, 0x02,
    0x2E, 0x62, 0x7A, 0x32, 0x00, 0x03,0x2E, 0x63, 0x20, 0x2D, 0x00, 0x01,
    0x2E, 0x63, 0x22, 0x02, 0x00, 0x01,0x2E, 0x63, 0x6F, 0x6D, 0x00, 0x05,
    0x2E, 0x63, 0x6F, 0x6E, 0x00, 0x02,0x2E, 0x63, 0x70, 0x70, 0x00, 0x08,
    0x2E, 0x63, 0x70, 0x75, 0x00, 0x01,0x2E, 0x63, 0x73, 0x70, 0x00, 0x02,
    0x2E, 0x63, 0x77, 0x64, 0x00, 0x01,0x2E, 0x64, 0x65, 0x66, 0x00, 0x01,
    0x2E, 0x64, 0x69, 0x66, 0x00, 0x01,0x2E, 0x65, 0x64, 0x69, 0x00, 0x01,
    0x2E, 0x65, 0x6C, 0x65, 0x00, 0x02,0x2E, 0x65, 0x6D, 0x61, 0x00, 0x01,
    0x2E, 0x65, 0x6E, 0x76, 0x00, 0x01,0x2E, 0x65, 0x74, 0x72, 0x00, 0x02,
    0x2E, 0x65, 0x78, 0x65, 0x00, 0x03,0x2E, 0x65, 0x78, 0x74, 0x00, 0x01,
    0x2E, 0x67, 0x69, 0x74, 0x00, 0x01,0x2E, 0x67, 0x6F, 0x02, 0x00, 0x01,
    0x2E, 0x67, 0x70, 0x67, 0x00, 0x01,0x2E, 0x67, 0x7A, 0x02, 0x00, 0x07,
    0x2E, 0x67, 0x7A, 0x20, 0x00, 0x01,0x2E, 0x68, 0x63, 0x6C, 0x00, 0x02,
    0x2E, 0x69, 0x6E, 0x66, 0x00, 0x02,0x2E, 0x69, 0x70, 0x5F, 0x00, 0x01,
    0x2E, 0x69, 0x70, 0x76, 0x00, 0x01,0x2E, 0x69, 0x70, 0x79, 0x00, 0x02,
    0x2E, 0x6A, 0x6F, 0x69, 0x00, 0x01,0x2E, 0x6A, 0x73, 0x02, 0x00, 0x05,
    0x2E, 0x6A, 0x73, 0x20, 0x00, 0x01,0x2E, 0x6A, 0x73, 0x6F, 0x00, 0x04,
    0x2E, 0x6B, 0x6F, 0x02, 0x00, 0x01,0x2E, 0x6C, 0x67, 0x20, 0x00, 0x01,
    0x2E, 0x6C, 0x6F, 0x67, 0x00, 0x0B,0x2E, 0x6D, 0x64, 0x02, 0x00, 0x01,
    0x2E, 0x6D, 0x65, 0x6D, 0x00, 0x01,0x2E, 0x6E, 0x61, 0x6D, 0x00, 0x01,
    0x2E, 0x6F, 0x62, 0x6A, 0x00, 0x01,0x2E, 0x6F, 0x75, 0x74, 0x00, 0x01,
    0x2E, 0x70, 0x61, 0x74, 0x00, 0x01,0x2E, 0x70, 0x65, 0x6D, 0x00, 0x01,
    0x2E, 0x70, 0x68, 0x70, 0x00, 0x02,0x2E, 0x70, 0x6B, 0x72, 0x00, 0x01,
    0x2E, 0x70, 0x6C, 0x02, 0x00, 0x01,0x2E, 0x70, 0x6C, 0x61, 0x00, 0x01,
    0x2E, 0x70, 0x72, 0x6F, 0x00, 0x01,0x2E, 0x70, 0x72, 0x75, 0x00, 0x01,
    0x2E, 0x70, 0x79, 0x02, 0x00, 0x08,0x2E, 0x70, 0x79, 0x20, 0x00, 0x07,
    0x2E, 0x72, 0x62, 0x02, 0x00, 0x02,0x2E, 0x72, 0x65, 0x61, 0x00, 0x01,
    0x2E, 0x72, 0x65, 0x62, 0x00, 0x01,0x2E, 0x72, 0x73, 0x02, 0x00, 0x03,
    0x2E, 0x73, 0x20, 0x2D, 0x00, 0x01,0x2E, 0x73, 0x65, 0x72, 0x00, 0x02,
    0x2E, 0x73, 0x65, 0x74, 0x00, 0x01,0x2E, 0x73, 0x68, 0x02, 0x00, 0x03,
    0x2E, 0x73, 0x69, 0x67, 0x00, 0x01,0x2E, 0x73, 0x6C, 0x6E, 0x00, 0x01,
    0x2E, 0x74, 0x61, 0x72, 0x00, 0x07,0x2E, 0x74, 0x6F, 0x6F, 0x00, 0x02,
    0x2E, 0x74, 0x73, 0x02, 0x00, 0x03,0x2E, 0x74, 0x73, 0x20, 0x00, 0x01,
    0x2E, 0x74, 0x78, 0x74, 0x00, 0x3B,0x2E, 0x75, 0x69, 0x20, 0x00, 0x01,
    0x2E, 0x75, 0x70, 0x74, 0x00, 0x01,0x2E, 0x75, 0x74, 0x66, 0x00, 0x01,
    0x2E, 0x76, 0x63, 0x78, 0x00, 0x01,0x2E, 0x76, 0x65, 0x6E, 0x00, 0x02,
    0x2E, 0x76, 0x65, 0x72, 0x00, 0x01,0x2E, 0x76, 0x69, 0x6D, 0x00, 0x01,
    0x2E, 0x78, 0x6D, 0x6C, 0x00, 0x01,0x2E, 0x78, 0x7A, 0x02, 0x00, 0x01,
    0x2E, 0x79, 0x61, 0x6D, 0x00, 0x01,0x2E, 0x79, 0x6D, 0x6C, 0x00, 0x02,
    0x2E, 0x7A, 0x69, 0x70, 0x00, 0x03,0x2F, 0x20, 0x2D, 0x2D, 0x00, 0x01,
    0x2F, 0x20, 0x2D, 0x6B, 0x00, 0x01,0x2F, 0x20, 0x2D, 0x6E, 0x00, 0x01,
    0x2F, 0x20, 0x2D, 0x76, 0x00, 0x01,0x2F, 0x20, 0x2D, 0x78, 0x00, 0x01,
    0x2F, 0x2E, 0x2E, 0x2E, 0x00, 0x03,0x2F, 0x2F, 0x62, 0x75, 0x00, 0x02,
    0x2F, 0x2F, 0x6C, 0x6F, 0x00, 0x01,0x2F, 0x2F, 0x70, 0x61, 0x00, 0x04,
    0x2F, 0x61, 0x6C, 0x6C, 0x00, 0x01,0x2F, 0x62, 0x61, 0x73, 0x00, 0x01,
    0x2F, 0x62, 0x69, 0x6E, 0x00, 0x02,0x2F, 0x62, 0x6F, 0x6F, 0x00, 0x01,
    0x2F, 0x62, 0x75, 0x63, 0x00, 0x02,0x2F, 0x63, 0x20, 0x64, 0x00, 0x01,
    0x2F, 0x63, 0x20, 0x65, 0x00, 0x01,0x2F, 0x63, 0x20, 0x73, 0x00, 0x01,
    0x2F, 0x63, 0x70, 0x75, 0x00, 0x01,0x2F, 0x64, 0x20, 0x64, 0x00, 0x01,
    0x2F, 0x64, 0x22, 0x20, 0x00, 0x01,0x2F, 0x64, 0x65, 0x76, 0x00, 0x06,
    0x2F, 0x65, 0x68, 0x73, 0x00, 0x01,0x2F, 0x65, 0x74, 0x63, 0x00, 0x03,
    0x2F, 0x66, 0x20, 0x2F, 0x00, 0x01,0x2F, 0x66, 0x20, 0x6D, 0x00, 0x01,
    0x2F, 0x66, 0x65, 0x3A, 0x00, 0x01,0x2F, 0x66, 0x69, 0x6C, 0x00, 0x02,
    0x2F, 0x67, 0x22, 0x20, 0x00, 0x01,0x2F, 0x68, 0x6F, 0x6D, 0x00, 0x01,
    0x2F, 0x69, 0x6D, 0x20, 0x00, 0x01,0x2F, 0x6C, 0x6F, 0x63, 0x00, 0x01,
    0x2F, 0x6C, 0x6F, 0x67, 0x00, 0x01,0x2F, 0x6D, 0x65, 0x64, 0x00, 0x01,
    0x2F, 0x6D, 0x6E, 0x74, 0x00, 0x02,0x2F, 0x6E, 0x65, 0x77, 0x00, 0x02,
    0x2F, 0x6E, 0x75, 0x6C, 0x00, 0x03,0x2F, 0x6F, 0x6C, 0x64, 0x00, 0x01,
    0x2F, 0x6F, 0x70, 0x74, 0x00, 0x01,0x2F, 0x6F, 0x73, 0x2D, 0x00, 0x01,
    0x2F, 0x6F, 0x75, 0x74, 0x00, 0x01,0x2F, 0x70, 0x3A, 0x63, 0x00, 0x01,
    0x2F, 0x70, 0x3A, 0x70, 0x00, 0x01,0x2F, 0x70, 0x61, 0x73, 0x00, 0x01,
    0x2F, 0x70, 0x61, 0x74, 0x00, 0x0A,0x2F, 0x70, 0x72, 0x6F, 0x00, 0x01,
    0x2F, 0x72, 0x6F, 0x6F, 0x00, 0x01,0x2F, 0x73, 0x64, 0x61, 0x00, 0x02,
    0x2F, 0x73, 0x72, 0x76, 0x00, 0x01,0x2F, 0x73, 0x75, 0x62, 0x00, 0x01,
    0x2F, 0x73, 0x79, 0x73, 0x00, 0x01,0x2F, 0x74, 0x3A, 0x62, 0x00, 0x01,
    0x2F, 0x74, 0x63, 0x70, 0x00, 0x02,0x2F, 0x74, 0x65, 0x73, 0x00, 0x01,
    0x2F, 0x74, 0x6D, 0x70, 0x00, 0x01,0x2F, 0x74, 0x6F, 0x2F, 0x00, 0x02,
    0x2F, 0x75, 0x73, 0x72, 0x00, 0x02,0x2F, 0x76, 0x61, 0x72, 0x00, 0x02,
    0x2F, 0x7A, 0x65, 0x72, 0x00, 0x01,0x30, 0x20, 0x2D, 0x2D, 0x00, 0x01,
    0x30, 0x20, 0x2D, 0x6D, 0x00, 0x01,0x30, 0x20, 0x2D, 0x6F, 0x00, 0x01,
    0x30, 0x20, 0x63, 0x6D, 0x00, 0x02,0x30, 0x20, 0x66, 0x69, 0x00, 0x03,
    0x30, 0x29, 0x22, 0x02, 0x00, 0x01,0x30, 0x29, 0x29, 0x22, 0x00, 0x01,
    0x30, 0x2E, 0x30, 0x02, 0x00, 0x06,0x30, 0x2E, 0x30, 0x2E, 0x00, 0x01,
    0x30, 0x2E, 0x31, 0x02, 0x00, 0x01,0x30, 0x2E, 0x35, 0x02, 0x00, 0x01,
    0x30, 0x2F, 0x74, 0x63, 0x00, 0x02,0x30, 0x30, 0x20, 0x2D, 0x00, 0x01,
    0x30, 0x30, 0x20, 0x66, 0x00, 0x01,0x30, 0x30, 0x29, 0x22, 0x00, 0x01,
    0x30, 0x30, 0x29, 0x29, 0x00, 0x01,0x30, 0x30, 0x30, 0x02, 0x00, 0x06,
    0x30, 0x30, 0x30, 0x20, 0x00, 0x01,0x30, 0x30, 0x30, 0x29, 0x00, 0x02,
    0x30, 0x30, 0x30, 0x30, 0x00, 0x01,0x30, 0x32, 0x32, 0x22, 0x00, 0x01,
    0x30, 0x32, 0x35, 0x02, 0x00, 0x01,0x30, 0x38, 0x30, 0x02, 0x00, 0x03,
    0x30, 0x38, 0x30, 0x2F, 0x00, 0x02,0x30, 0x38, 0x30, 0x3A, 0x00, 0x01,
    0x30, 0x3A, 0x38, 0x30, 0x00, 0x01,0x30, 0x78, 0x34, 0x30, 0x00, 0x01,
    0x31, 0x20, 0x26, 0x02, 0x00, 0x01,0x31, 0x20, 0x26, 0x26, 0x00, 0x02,
    0x31, 0x20, 0x31, 0x30, 0x00, 0x01,0x31, 0x20, 0x32, 0x20, 0x00, 0x01,
    0x31, 0x20, 0x63, 0x6D, 0x00, 0x02,0x31, 0x20, 0x64, 0x69, 0x00, 0x01,
    0x31, 0x20, 0x66, 0x69, 0x00, 0x09,0x31, 0x20, 0x68, 0x6F, 0x00, 0x01,
    0x31, 0x20, 0x7C, 0x20, 0x00, 0x01,0x31, 0x20, 0x7C, 0x7C, 0x00, 0x01,
    0x31, 0x2D, 0x31, 0x30, 0x00, 0x01,0x31, 0x2D, 0x70, 0x6C, 0x00, 0x01,
    0x31, 0x2E, 0x30, 0x20, 0x00, 0x01,0x31, 0x2E, 0x30, 0x22, 0x00, 0x01,
    0x31, 0x2E, 0x30, 0x2E, 0x00, 0x01,0x31, 0x30, 0x20, 0x63, 0x00, 0x02,
    0x31, 0x30, 0x20, 0x66, 0x00, 0x01,0x31, 0x30, 0x2E, 0x30, 0x00, 0x03,
    0x31, 0x30, 0x30, 0x20, 0x00, 0x01,0x31, 0x30, 0x30, 0x30, 0x00, 0x02,
    0x31, 0x30, 0x32, 0x35, 0x00, 0x01,0x31, 0x31, 0x2D, 0x70, 0x00, 0x01,
    0x31, 0x32, 0x37, 0x2E, 0x00, 0x01,0x31, 0x37, 0x20, 0x2D, 0x00, 0x01,
    0x31, 0x37, 0x20, 0x32, 0x00, 0x01,0x31, 0x38, 0x2E, 0x30, 0x00, 0x01,
    0x31, 0x3B, 0x20, 0x63, 0x00, 0x01,0x31, 0x6D, 0x20, 0x63, 0x00, 0x01,
    0x32, 0x20, 0x2D, 0x6F, 0x00, 0x01,0x32, 0x20, 0x2D, 0x73, 0x00, 0x01,
    0x32, 0x20, 0x31, 0x30, 0x00, 0x01,0x32, 0x20, 0x64, 0x65, 0x00, 0x04,
    0x32, 0x20, 0x64, 0x69, 0x00, 0x01,0x32, 0x20, 0x65, 0x63, 0x00, 0x01,
    0x32, 0x20, 0x66, 0x69, 0x00, 0x02,0x32, 0x20, 0x68, 0x65, 0x00, 0x01,
    0x32, 0x20, 0x69, 0x6E, 0x00, 0x01,0x32, 0x20, 0x6C, 0x69, 0x00, 0x01,
    0x32, 0x20, 0x6C, 0x6F, 0x00, 0x01,0x32, 0x20, 0x6D, 0x6F, 0x00, 0x01,
    0x32, 0x20, 0x72, 0x65, 0x00, 0x02,0x32, 0x20, 0x73, 0x61, 0x00, 0x01,
    0x32, 0x20, 0x73, 0x63, 0x00, 0x01,0x32, 0x20, 0x73, 0x68, 0x00, 0x01,
    0x32, 0x20, 0x73, 0x74, 0x00, 0x04,0x32, 0x20, 0x74, 0x72, 0x00, 0x01,
    0x32, 0x20, 0x75, 0x73, 0x00, 0x01,0x32, 0x20, 0x7C, 0x20, 0x00, 0x01,
    0x32, 0x2D, 0x75, 0x6E, 0x00, 0x01,0x32, 0x30, 0x20, 0x2D, 0x00, 0x01,
    0x32, 0x30, 0x20, 0x66, 0x00, 0x01,0x32, 0x30, 0x32, 0x32, 0x00, 0x01,
    0x32, 0x32, 0x20, 0x75, 0x00, 0x01,0x32, 0x32, 0x22, 0x02, 0x00, 0x01,
    0x32, 0x32, 0x32, 0x20, 0x00, 0x01,0x32, 0x32, 0x32, 0x32, 0x00, 0x01,
    0x32, 0x37, 0x2E, 0x30, 0x00, 0x01,0x32, 0x3E, 0x26, 0x31, 0x00, 0x02,
    0x32, 0x3E, 0x2F, 0x64, 0x00, 0x01,0x32, 0x6C, 0x69, 0x6E, 0x00, 0x01,
    0x33, 0x20, 0x63, 0x6D, 0x00, 0x01,0x33, 0x20, 0x63, 0x70, 0x00, 0x01,
    0x33, 0x20, 0x6C, 0x73, 0x00, 0x01,0x33, 0x20, 0x73, 0x63, 0x00, 0x01,
    0x33, 0x20, 0x73, 0x79, 0x00, 0x01,0x33, 0x2E, 0x30, 0x02, 0x00, 0x01,
    0x33, 0x2E, 0x30, 0x2E, 0x00, 0x01,0x33, 0x2E, 0x31, 0x30, 0x00, 0x04,
    0x33, 0x30, 0x30, 0x30, 0x00, 0x01,0x33, 0x31, 0x31, 0x2D, 0x00, 0x01,
    0x33, 0x32, 0x2D, 0x75, 0x00, 0x01,0x33, 0x3A, 0x2F, 0x2F, 0x00, 0x02,
    0x34, 0x20, 0x2F, 0x64, 0x00, 0x01,0x34, 0x20, 0x66, 0x69, 0x00, 0x01,
    0x34, 0x20, 0x67, 0x6F, 0x00, 0x02,0x34, 0x2E, 0x69, 0x70, 0x00, 0x01,
    0x34, 0x30, 0x30, 0x30, 0x00, 0x01,0x34, 0x32, 0x20, 0x68, 0x00, 0x01,
    0x34, 0x34, 0x20, 0x66, 0x00, 0x01,0x35, 0x20, 0x62, 0x69, 0x00, 0x01,
    0x35, 0x20, 0x66, 0x69, 0x00, 0x01,0x35, 0x20, 0x70, 0x69, 0x00, 0x01,
    0x35, 0x35, 0x20, 0x66, 0x00, 0x01,0x36, 0x34, 0x22, 0x02, 0x00, 0x01,
    0x36, 0x34, 0x34, 0x20, 0x00, 0x01,0x37, 0x20, 0x2D, 0x6F, 0x00, 0x01,
    0x37, 0x20, 0x32, 0x30, 0x00, 0x01,0x37, 0x2E, 0x30, 0x2E, 0x00, 0x01,
    0x37, 0x35, 0x35, 0x20, 0x00, 0x01,0x38, 0x20, 0x73, 0x72, 0x00, 0x01,
    0x38, 0x2E, 0x30, 0x2E, 0x00, 0x01,0x38, 0x30, 0x2F, 0x74, 0x00, 0x02,
    0x38, 0x30, 0x30, 0x30, 0x00, 0x04,0x38, 0x30, 0x38, 0x30, 0x00, 0x06,
    0x38, 0x30, 0x3A, 0x38, 0x00, 0x01,0x39, 0x20, 0x70, 0x69, 0x00, 0x01,
    0x3A, 0x20, 0x2D, 0x66, 0x00, 0x01,0x3A, 0x20, 0x61, 0x20, 0x00, 0x01,
    0x3A, 0x20, 0x76, 0x61, 0x00, 0x01,0x3A, 0x2F, 0x2F, 0x62, 0x00, 0x02,
    0x3A, 0x2F, 0x2F, 0x6C, 0x00, 0x01,0x3A, 0x2F, 0x6E, 0x65, 0x00, 0x01,
    0x3A, 0x31, 0x30, 0x32, 0x00, 0x01,0x3A, 0x38, 0x30, 0x02, 0x00, 0x01,
    0x3A, 0x38, 0x30, 0x30, 0x00, 0x02,0x3A, 0x38, 0x30, 0x38, 0x00, 0x01,
    0x3A, 0x3A, 0x20, 0x61, 0x00, 0x01,0x3A, 0x3A, 0x3A, 0x20, 0x00, 0x01,
    0x3A, 0x5C, 0x73, 0x6F, 0x00, 0x01,0x3A, 0x5C, 0x74, 0x6F, 0x00, 0x01,
    0x3A, 0x62, 0x75, 0x69, 0x00, 0x01,0x3A, 0x63, 0x6F, 0x6C, 0x00, 0x01,
    0x3A, 0x63, 0x6F, 0x6E, 0x00, 0x01,0x3A, 0x67, 0x72, 0x6F, 0x00, 0x02,
    0x3A, 0x6C, 0x69, 0x6E, 0x00, 0x01,0x3A, 0x6D, 0x69, 0x67, 0x00, 0x02,
    0x3A, 0x6F, 0x75, 0x74, 0x00, 0x02,0x3A, 0x70, 0x61, 0x74, 0x00, 0x02,
    0x3A, 0x70, 0x6C, 0x61, 0x00, 0x01,0x3A, 0x74, 0x61, 0x72, 0x00, 0x03,
    0x3A, 0x74, 0x65, 0x73, 0x00, 0x01,0x3B, 0x20, 0x63, 0x6F, 0x00, 0x01,
    0x3B, 0x20, 0x64, 0x6F, 0x00, 0x06,0x3B, 0x20, 0x65, 0x73, 0x00, 0x01,
    0x3B, 0x20, 0x66, 0x69, 0x00, 0x05,0x3B, 0x20, 0x70, 0x64, 0x00, 0x01,
    0x3B, 0x20, 0x74, 0x68, 0x00, 0x05,0x3B, 0x20, 0x7D, 0x02, 0x00, 0x02,
    0x3B, 0x3B, 0x20, 0x65, 0x00, 0x01,0x3B, 0x66, 0x73, 0x2E, 0x00, 0x01,
    0x3B, 0x70, 0x61, 0x74, 0x00, 0x01,0x3C, 0x20, 0x65, 0x6F, 0x00, 0x01,
    0x3C, 0x20, 0x66, 0x69, 0x00, 0x03,0x3C, 0x20, 0x70, 0x61, 0x00, 0x01,
    0x3C, 0x3C, 0x20, 0x65, 0x00, 0x01,0x3D, 0x20, 0x22, 0x24, 0x00, 0x01,
    0x3D, 0x24, 0x70, 0x61, 0x00, 0x01,0x3D, 0x27, 0x63, 0x64, 0x00, 0x01,
    0x3D, 0x27, 0x67, 0x69, 0x00, 0x01,0x3D, 0x27, 0x6C, 0x73, 0x00, 0x01,
    0x3D, 0x2F, 0x64, 0x65, 0x00, 0x02,0x3D, 0x31, 0x2E, 0x30, 0x00, 0x01,
    0x3D, 0x31, 0x30, 0x02, 0x00, 0x01,0x3D, 0x31, 0x6D, 0x02, 0x00, 0x01,
    0x3D, 0x31, 0x6D, 0x20, 0x00, 0x01,0x3D, 0x33, 0x2E, 0x31, 0x00, 0x01,
    0x3D, 0x3D, 0x31, 0x2E, 0x00, 0x01,0x3D, 0x3E, 0x63, 0x6F, 0x00, 0x01,
    0x3D, 0x63, 0x2B, 0x2B, 0x00, 0x02,0x3D, 0x63, 0x3A, 0x5C, 0x00, 0x01,
    0x3D, 0x64, 0x65, 0x62, 0x00, 0x01,0x3D, 0x64, 0x6F, 0x73, 0x00, 0x01,
    0x3D, 0x65, 0x6E, 0x5F, 0x00, 0x01,0x3D, 0x66, 0x69, 0x6C, 0x00, 0x02,
    0x3D, 0x66, 0x75, 0x6C, 0x00, 0x01,0x3D, 0x68, 0x69, 0x67, 0x00, 0x01,
    0x3D, 0x69, 0x6D, 0x61, 0x00, 0x01,0x3D, 0x70, 0x72, 0x65, 0x00, 0x01,
    0x3D, 0x72, 0x65, 0x6C, 0x00, 0x02,0x3D, 0x72, 0x65, 0x71, 0x00, 0x02,
    0x3D, 0x75, 0x6E, 0x69, 0x00, 0x01,0x3D, 0x76, 0x61, 0x6C, 0x00, 0x03,
    0x3D, 0x76, 0x69, 0x6D, 0x00, 0x01,0x3D, 0x78, 0x36, 0x34, 0x00, 0x01,
    0x3E, 0x20, 0x65, 0x6E, 0x00, 0x01,0x3E, 0x20, 0x66, 0x69, 0x00, 0x05,
    0x3E, 0x20, 0x6C, 0x6F, 0x00, 0x01,0x3E, 0x20, 0x72, 0x65, 0x00, 0x01,
    0x3E, 0x26, 0x31, 0x02, 0x00, 0x01,0x3E, 0x26, 0x31, 0x20, 0x00, 0x01,
    0x3E, 0x2F, 0x64, 0x65, 0x00, 0x01,0x3E, 0x3E, 0x20, 0x66, 0x00, 0x02,
    0x3E, 0x63, 0x6F, 0x6E, 0x00, 0x01,0x40, 0x68, 0x6F, 0x73, 0x00, 0x05,
    0x5B, 0x20, 0x22, 0x24, 0x00, 0x01,0x5B, 0x20, 0x2D, 0x64, 0x00, 0x01,
    0x5B, 0x20, 0x2D, 0x66, 0x00, 0x01,0x5B, 0x20, 0x2D, 0x6E, 0x00, 0x01,
    0x5B, 0x20, 0x2D, 0x7A, 0x00, 0x01,0x5C, 0x22, 0x29, 0x22, 0x00, 0x01,
    0x5C, 0x22, 0x68, 0x65, 0x00, 0x01,0x5C, 0x6E, 0x22, 0x20, 0x00, 0x01,
    0x5C, 0x73, 0x6F, 0x75, 0x00, 0x01,0x5C, 0x74, 0x6F, 0x6F, 0x00, 0x01,
    0x5D, 0x3B, 0x20, 0x74, 0x00, 0x05,0x5F, 0x62, 0x75, 0x69, 0x00, 0x02,
    0x5F, 0x64, 0x69, 0x72, 0x00, 0x01,0x5F, 0x66, 0x6F, 0x72, 0x00, 0x01,
    0x5F, 0x6D, 0x6F, 0x64, 0x00, 0x01,0x5F, 0x6E, 0x61, 0x6D, 0x00, 0x01,
    0x5F, 0x70, 0x61, 0x74, 0x00, 0x01,0x5F, 0x72, 0x65, 0x6C, 0x00, 0x01,
    0x5F, 0x74, 0x72, 0x61, 0x00, 0x01,0x5F, 0x74, 0x79, 0x70, 0x00, 0x02,
    0x5F, 0x75, 0x73, 0x2E, 0x00, 0x01,0x61, 0x20, 0x22, 0x75, 0x00, 0x01,
    0x61, 0x20, 0x2D, 0x6A, 0x00, 0x01,0x61, 0x20, 0x2D, 0x6D, 0x00, 0x01,
    0x61, 0x20, 0x2D, 0x74, 0x00, 0x01,0x61, 0x20, 0x61, 0x63, 0x00, 0x01,
    0x61, 0x20, 0x62, 0x20, 0x00, 0x01,0x61, 0x20, 0x63, 0x6C, 0x00, 0x01,
    0x61, 0x20, 0x63, 0x72, 0x00, 0x01,0x61, 0x20, 0x64, 0x65, 0x00, 0x01,
    0x61, 0x20, 0x65, 0x6E, 0x00, 0x01,0x61, 0x20, 0x69, 0x6E, 0x00, 0x02,
    0x61, 0x20, 0x6C, 0x69, 0x00, 0x01,0x61, 0x20, 0x73, 0x6F, 0x00, 0x02,
    0x61, 0x20, 0x76, 0x31, 0x00, 0x01,0x61, 0x22, 0x20, 0x3D, 0x00, 0x01,
    0x61, 0x27, 0x2C, 0x27, 0x00, 0x01,0x61, 0x62, 0x20, 0x2D, 0x00, 0x03,
    0x61, 0x62, 0x62, 0x72, 0x00, 0x01,0x61, 0x62, 0x6C, 0x65, 0x00, 0x03,
    0x61, 0x62, 0x6F, 0x72, 0x00, 0x03,0x61, 0x63, 0x65, 0x02, 0x00, 0x01,
    0x61, 0x63, 0x65, 0x20, 0x00, 0x07,0x61, 0x63, 0x65, 0x28, 0x00, 0x01,
    0x61, 0x63, 0x65, 0x72, 0x00, 0x01,0x61, 0x63, 0x68, 0x20, 0x00, 0x01,
    0x61, 0x63, 0x68, 0x2D, 0x00, 0x01,0x61, 0x63, 0x68, 0x65, 0x00, 0x07,
    0x61, 0x63, 0x6B, 0x02, 0x00, 0x03,0x61, 0x63, 0x6B, 0x20, 0x00, 0x03,
    0x61, 0x63, 0x6B, 0x2D, 0x00, 0x01,0x61, 0x63, 0x6B, 0x61, 0x00, 0x30,
    0x61, 0x63, 0x6B, 0x65, 0x00, 0x01,0x61, 0x63, 0x6D, 0x61, 0x00, 0x01,
    0x61, 0x63, 0x73, 0x20, 0x00, 0x04,0x61, 0x63, 0x74, 0x2D, 0x00, 0x02,
    0x61, 0x63, 0x74, 0x69, 0x00, 0x03,0x61, 0x64, 0x20, 0x2D, 0x00, 0x02,
    0x61, 0x64, 0x20, 0x2E, 0x00, 0x01,0x61, 0x64, 0x20, 0x61, 0x00, 0x01,
    0x61, 0x64, 0x20, 0x63, 0x00, 0x01,0x61, 0x64, 0x20, 0x66, 0x00, 0x02,
    0x61, 0x64, 0x20, 0x6A, 0x00, 0x02,0x61, 0x64, 0x20, 0x6C, 0x00, 0x01,
    0x61, 0x64, 0x20, 0x6E, 0x00, 0x01,0x61, 0x64, 0x20, 0x76, 0x00, 0x01,
    0x61, 0x64, 0x2D, 0x74, 0x00, 0x01,0x61, 0x64, 0x2E, 0x65, 0x00, 0x01,
    0x61, 0x64, 0x64, 0x02, 0x00, 0x01,0x61, 0x64, 0x64, 0x20, 0x00, 0x11,
    0x61, 0x64, 0x64, 0x72, 0x00, 0x01,0x61, 0x64, 0x65, 0x02, 0x00, 0x03,
    0x61, 0x64, 0x65, 0x20, 0x00, 0x04,0x61, 0x64, 0x65, 0x6C, 0x00, 0x02,
    0x61, 0x64, 0x65, 0x72, 0x00, 0x01,0x61, 0x64, 0x66, 0x69, 0x00, 0x01,
    0x61, 0x64, 0x6C, 0x65, 0x00, 0x04,0x61, 0x64, 0x6D, 0x65, 0x00, 0x01,
    0x61, 0x64, 0x6D, 0x69, 0x00, 0x02,0x61, 0x64, 0x7E, 0x31, 0x00, 0x01,
    0x61, 0x64, 0x7E, 0x33, 0x00, 0x01,0x61, 0x66, 0x65, 0x74, 0x00, 0x01,
    0x61, 0x66, 0x6F, 0x72, 0x00, 0x07,0x61, 0x67, 0x20, 0x2D, 0x00, 0x01,
    0x61, 0x67, 0x65, 0x02, 0x00, 0x34,0x61, 0x67, 0x65, 0x20, 0x00, 0x05,
    0x61, 0x67, 0x65, 0x22, 0x00, 0x02,0x61, 0x67, 0x65, 0x28, 0x00, 0x01,
    0x61, 0x67, 0x65, 0x2E, 0x00, 0x07,0x61, 0x67, 0x65, 0x3D, 0x00, 0x02,
    0x61, 0x67, 0x65, 0x73, 0x00, 0x01,0x61, 0x67, 0x67, 0x72, 0x00, 0x01,
    0x61, 0x67, 0x72, 0x61, 0x00, 0x04,0x61, 0x67, 0x73, 0x20, 0x00, 0x01,
    0x61, 0x69, 0x6C, 0x02, 0x00, 0x04,0x61, 0x69, 0x6C, 0x20, 0x00, 0x03,
    0x61, 0x69, 0x6C, 0x73, 0x00, 0x04,0x61, 0x69, 0x6C, 0x75, 0x00, 0x01,
    0x61, 0x69, 0x6E, 0x02, 0x00, 0x04,0x61, 0x69, 0x6E, 0x2E, 0x00, 0x01,
    0x61, 0x69, 0x6E, 0x65, 0x00, 0x05,0x61, 0x69, 0x6E, 0x74, 0x00, 0x02,
    0x61, 0x69, 0x74, 0x02, 0x00, 0x01,0x61, 0x69, 0x74, 0x20, 0x00, 0x01,
    0x61, 0x6A, 0x6F, 0x72, 0x00, 0x01,0x61, 0x6B, 0x2D, 0x63, 0x00, 0x01,
    0x61, 0x6B, 0x65, 0x02, 0x00, 0x03,0x61, 0x6B, 0x65, 0x20, 0x00, 0x21,
    0x61, 0x6B, 0x65, 0x38, 0x00, 0x01,0x61, 0x6B, 0x65, 0x5F, 0x00, 0x03,
    0x61, 0x6B, 0x65, 0x66, 0x00, 0x03,0x61, 0x6B, 0x65, 0x6D, 0x00, 0x01,
    0x61, 0x6B, 0x70, 0x6F, 0x00, 0x01,0x61, 0x6C, 0x20, 0x22, 0x00, 0x01,
    0x61, 0x6C, 0x20, 0x33, 0x00, 0x02,0x61, 0x6C, 0x20, 0x61, 0x00, 0x01,
    0x61, 0x6C, 0x20, 0x63, 0x00, 0x06,0x61, 0x6C, 0x20, 0x66, 0x00, 0x01,
    0x61, 0x6C, 0x20, 0x69, 0x00, 0x01,0x61, 0x6C, 0x20, 0x70, 0x00, 0x02,
    0x61, 0x6C, 0x20, 0x72, 0x00, 0x01,0x61, 0x6C, 0x20, 0x73, 0x00, 0x01,
    0x61, 0x6C, 0x20, 0x75, 0x00, 0x03,0x61, 0x6C, 0x3B, 0x20, 0x00, 0x01,
    0x61, 0x6C, 0x63, 0x74, 0x00, 0x03,0x61, 0x6C, 0x65, 0x20, 0x00, 0x02,
    0x61, 0x6C, 0x65, 0x6E, 0x00, 0x01,0x61, 0x6C, 0x67, 0x72, 0x00, 0x02,
    0x61, 0x6C, 0x68, 0x6F, 0x00, 0x04,0x61, 0x6C, 0x69, 0x61, 0x00, 0x05,
    0x61, 0x6C, 0x69, 0x64, 0x00, 0x01,0x61, 0x6C, 0x69, 0x66, 0x00, 0x01,
    0x61, 0x6C, 0x6C, 0x02, 0x00, 0x0F,0x61, 0x6C, 0x6C, 0x20, 0x00, 0x26,
    0x61, 0x6C, 0x6C, 0x2D, 0x00, 0x02,0x61, 0x6C, 0x6C, 0x65, 0x00, 0x01,
    0x61, 0x6C, 0x6C, 0x67, 0x00, 0x01,0x61, 0x6C, 0x6C, 0x6F, 0x00, 0x03,
    0x61, 0x6C, 0x73, 0x20, 0x00, 0x01,0x61, 0x6C, 0x73, 0x65, 0x00, 0x01,
    0x61, 0x6C, 0x74, 0x02, 0x00, 0x01,0x61, 0x6C, 0x75, 0x65, 0x00, 0x07,
    0x61, 0x6D, 0x62, 0x64, 0x00, 0x01,0x61, 0x6D, 0x65, 0x02, 0x00, 0x07,
    0x61, 0x6D, 0x65, 0x20, 0x00, 0x0D,0x61, 0x6D, 0x65, 0x22, 0x00, 0x02,
    0x61, 0x6D, 0x65, 0x27, 0x00, 0x01,0x61, 0x6D, 0x65, 0x63, 0x00, 0x01,
    0x61, 0x6D, 0x65, 0x6E, 0x00, 0x01,0x61, 0x6D, 0x69, 0x02, 0x00, 0x01,
    0x61, 0x6D, 0x6C, 0x02, 0x00, 0x01,0x61, 0x6D, 0x6C, 0x22, 0x00, 0x01,
    0x61, 0x6E, 0x20, 0x2D, 0x00, 0x03,0x61, 0x6E, 0x20, 0x69, 0x00, 0x01,
    0x61, 0x6E, 0x61, 0x67, 0x00, 0x05,0x61, 0x6E, 0x63, 0x65, 0x00, 0x04,
    0x61, 0x6E, 0x63, 0x68, 0x00, 0x0E,0x61, 0x6E, 0x64, 0x02, 0x00, 0x01,
    0x61, 0x6E, 0x64, 0x20, 0x00, 0x0B,0x61, 0x6E, 0x64, 0x22, 0x00, 0x01,
    0x61, 0x6E, 0x64, 0x31, 0x00, 0x04,0x61, 0x6E, 0x64, 0x32, 0x00, 0x04,
    0x61, 0x6E, 0x64, 0x33, 0x00, 0x01,0x61, 0x6E, 0x64, 0x61, 0x00, 0x01,
    0x61, 0x6E, 0x64, 0x69, 0x00, 0x01,0x61, 0x6E, 0x64, 0x6F, 0x00, 0x01,
    0x61, 0x6E, 0x67, 0x20, 0x00, 0x01,0x61, 0x6E, 0x67, 0x2B, 0x00, 0x01,
    0x61, 0x6E, 0x67, 0x3D, 0x00, 0x01,0x61, 0x6E, 0x67, 0x65, 0x00, 0x02,
    0x61, 0x6E, 0x67, 0x6F, 0x00, 0x03,0x61, 0x6E, 0x6C, 0x69, 0x00, 0x01,
    0x61, 0x6E, 0x6F, 0x20, 0x00, 0x04,0x61, 0x6E, 0x73, 0x69, 0x00, 0x03,
    0x61, 0x6E, 0x74, 0x20, 0x00, 0x06,0x61, 0x6E, 0x74, 0x69, 0x00, 0x01,
    0x61, 0x70, 0x20, 0x63, 0x00, 0x01,0x61, 0x70, 0x2D, 0x73, 0x00, 0x01,
    0x61, 0x70, 0x68, 0x02, 0x00, 0x01,0x61, 0x70, 0x68, 0x22, 0x00, 0x01,
    0x61, 0x70, 0x69, 0x02, 0x00, 0x01,0x61, 0x70, 0x70, 0x02, 0x00, 0x0B,
    0x61, 0x70, 0x70, 0x20, 0x00, 0x07,0x61, 0x70, 0x70, 0x2E, 0x00, 0x02,
    0x61, 0x70, 0x70, 0x64, 0x00, 0x01,0x61, 0x70, 0x70, 0x6C, 0x00, 0x02,
    0x61, 0x70, 0x74, 0x20, 0x00, 0x06,0x61, 0x70, 0x74, 0x2D, 0x00, 0x01,
    0x61, 0x70, 0x74, 0x75, 0x00, 0x01,0x61, 0x72, 0x20, 0x2D, 0x00, 0x0B,
    0x61, 0x72, 0x20, 0x64, 0x00, 0x01,0x61, 0x72, 0x20, 0x69, 0x00, 0x01,
    0x61, 0x72, 0x22, 0x02, 0x00, 0x02,0x61, 0x72, 0x22, 0x20, 0x00, 0x02,
    0x61, 0x72, 0x2E, 0x62, 0x00, 0x02,0x61, 0x72, 0x2E, 0x67, 0x00, 0x03,
    0x61, 0x72, 0x2F, 0x6C, 0x00, 0x01,0x61, 0x72, 0x3D, 0x76, 0x00, 0x02,
    0x61, 0x72, 0x61, 0x6C, 0x00, 0x01,0x61, 0x72, 0x63, 0x68, 0x00, 0x10,
    0x61, 0x72, 0x64, 0x02, 0x00, 0x01,0x61, 0x72, 0x64, 0x20, 0x00, 0x01,
    0x61, 0x72, 0x64, 0x3D, 0x00, 0x01,0x61, 0x72, 0x67, 0x31, 0x00, 0x01,
    0x61, 0x72, 0x67, 0x65, 0x00, 0x08,0x61, 0x72, 0x67, 0x6F, 0x00, 0x0F,
    0x61, 0x72, 0x67, 0x73, 0x00, 0x04,0x61, 0x72, 0x67, 0x76, 0x00, 0x01,
    0x61, 0x72, 0x6E, 0x20, 0x00, 0x07,0x61, 0x72, 0x6E, 0x22, 0x00, 0x01,
    0x61, 0x72, 0x73, 0x65, 0x00, 0x02,0x61, 0x72, 0x74, 0x02, 0x00, 0x09,
    0x61, 0x72, 0x74, 0x20, 0x00, 0x07,0x61, 0x72, 0x74, 0x61, 0x00, 0x01,
    0x61, 0x72, 0x74, 0x70, 0x00, 0x01,0x61, 0x72, 0x74, 0x75, 0x00, 0x01,
    0x61, 0x72, 0x79, 0x02, 0x00, 0x0B,0x61, 0x72, 0x79, 0x20, 0x00, 0x03,
    0x61, 0x73, 0x20, 0x2E, 0x00, 0x01,0x61, 0x73, 0x20, 0x67, 0x00, 0x01,
    0x61, 0x73, 0x20, 0x6C, 0x00, 0x02,0x61, 0x73, 0x20, 0x73, 0x00, 0x01,
    0x61, 0x73, 0x22, 0x02, 0x00, 0x01,0x61, 0x73, 0x2E, 0x6C, 0x00, 0x01,
    0x61, 0x73, 0x3D, 0x33, 0x00, 0x01,0x61, 0x73, 0x65, 0x02, 0x00, 0x0A,
    0x61, 0x73, 0x65, 0x20, 0x00, 0x0C,0x61, 0x73, 0x65, 0x36, 0x00, 0x01,
    0x61, 0x73, 0x65, 0x6E, 0x00, 0x01,0x61, 0x73, 0x68, 0x02, 0x00, 0x05,
    0x61, 0x73, 0x68, 0x20, 0x00, 0x03,0x61, 0x73, 0x68, 0x2D, 0x00, 0x01,
    0x61, 0x73, 0x68, 0x6C, 0x00, 0x01,0x61, 0x73, 0x6B, 0x22, 0x00, 0x01,
    0x61, 0x73, 0x6B, 0x3D, 0x00, 0x01,0x61, 0x73, 0x6B, 0x6B, 0x00, 0x01,
    0x61, 0x73, 0x6B, 0x6C, 0x00, 0x01,0x61, 0x73, 0x6D, 0x2D, 0x00, 0x01,
    0x61, 0x73, 0x6D, 0x33, 0x00, 0x01,0x61, 0x73, 0x73, 0x69, 0x00, 0x01,
    0x61, 0x73, 0x73, 0x6C, 0x00, 0x01,0x61, 0x73, 0x73, 0x77, 0x00, 0x01,
    0x61, 0x73, 0x74, 0x65, 0x00, 0x01,0x61, 0x73, 0x74, 0x75, 0x00, 0x01,
    0x61, 0x74, 0x20, 0x2D, 0x00, 0x07,0x61, 0x74, 0x20, 0x2F, 0x00, 0x03,
    0x61, 0x74, 0x20, 0x31, 0x00, 0x01,0x61, 0x74, 0x20, 0x3E, 0x00, 0x01,
    0x61, 0x74, 0x20, 0x63, 0x00, 0x01,0x61, 0x74, 0x20, 0x66, 0x00, 0x03,
    0x61, 0x74, 0x20, 0x6E, 0x00, 0x01,0x61, 0x74, 0x20, 0x72, 0x00, 0x01,
    0x61, 0x74, 0x2D, 0x66, 0x00, 0x01,0x61, 0x74, 0x2D, 0x70, 0x00, 0x01,
    0x61, 0x74, 0x61, 0x02, 0x00, 0x02,0x61, 0x74, 0x61, 0x25, 0x00, 0x01,
    0x61, 0x74, 0x63, 0x68, 0x00, 0x0B,0x61, 0x74, 0x65, 0x02, 0x00, 0x0F,
    0x61, 0x74, 0x65, 0x20, 0x00, 0x09,0x61, 0x74, 0x65, 0x2D, 0x00, 0x0A,
    0x61, 0x74, 0x65, 0x2E, 0x00, 0x01,0x61, 0x74, 0x65, 0x63, 0x00, 0x01,
    0x61, 0x74, 0x65, 0x64, 0x00, 0x03,0x61, 0x74, 0x65, 0x73, 0x00, 0x01,
    0x61, 0x74, 0x65, 0x74, 0x00, 0x01,0x61, 0x74, 0x66, 0x6F, 0x00, 0x02,
    0x61, 0x74, 0x68, 0x02, 0x00, 0x08,0x61, 0x74, 0x68, 0x20, 0x00, 0x02,
    0x61, 0x74, 0x68, 0x22, 0x00, 0x01,0x61, 0x74, 0x68, 0x25, 0x00, 0x01,
    0x61, 0x74, 0x68, 0x27, 0x00, 0x01,0x61, 0x74, 0x68, 0x29, 0x00, 0x01,
    0x61, 0x74, 0x68, 0x2E, 0x00, 0x01,0x61, 0x74, 0x68, 0x2F, 0x00, 0x02,
    0x61, 0x74, 0x68, 0x3A, 0x00, 0x05,0x61, 0x74, 0x68, 0x3D, 0x00, 0x03,
    0x61, 0x74, 0x69, 0x6F, 0x00, 0x03,0x61, 0x74, 0x70, 0x6C, 0x00, 0x01,
    0x61, 0x74, 0x71, 0x02, 0x00, 0x01,0x61, 0x74, 0x72, 0x6D, 0x00, 0x01,
    0x61, 0x74, 0x73, 0x20, 0x00, 0x01,0x61, 0x74, 0x74, 0x61, 0x00, 0x01,
    0x61, 0x74, 0x74, 0x65, 0x00, 0x12,0x61, 0x74, 0x74, 0x72, 0x00, 0x01,
    0x61, 0x74, 0x75, 0x73, 0x00, 0x09,0x61, 0x75, 0x64, 0x69, 0x00, 0x06,
    0x61, 0x75, 0x6C, 0x74, 0x00, 0x04,0x61, 0x75, 0x74, 0x68, 0x00, 0x01,
    0x61, 0x75, 0x74, 0x6F, 0x00, 0x06,0x61, 0x75, 0x78, 0x02, 0x00, 0x01,
    0x61, 0x76, 0x20, 0x73, 0x00, 0x01,0x61, 0x76, 0x65, 0x02, 0x00, 0x01,
    0x61, 0x76, 0x65, 0x20, 0x00, 0x01,0x61, 0x76, 0x65, 0x2D, 0x00, 0x01,
    0x61, 0x76, 0x69, 0x74, 0x00, 0x01,0x61, 0x76, 0x7A, 0x20, 0x00, 0x01,
    0x61, 0x77, 0x73, 0x20, 0x00, 0x06,0x61, 0x78, 0x2D, 0x64, 0x00, 0x01,
    0x61, 0x79, 0x62, 0x6F, 0x00, 0x02,0x61, 0x79, 0x70, 0x6F, 0x00, 0x04,
    0x61, 0x79, 0x77, 0x72, 0x00, 0x01,0x61, 0x7A, 0x20, 0x67, 0x00, 0x01,
    0x61, 0x7A, 0x20, 0x6C, 0x00, 0x01,0x61, 0x7A, 0x20, 0x76, 0x00, 0x01,
    0x61, 0x7A, 0x65, 0x6C, 0x00, 0x03,0x62, 0x20, 0x2D, 0x2D, 0x00, 0x01,
    0x62, 0x20, 0x2D, 0x63, 0x00, 0x01,0x62, 0x20, 0x2D, 0x65, 0x00, 0x01,
    0x62, 0x20, 0x2D, 0x6C, 0x00, 0x01,0x62, 0x20, 0x2D, 0x70, 0x00, 0x01,
    0x62, 0x20, 0x2D, 0x72, 0x00, 0x01,0x62, 0x20, 0x62, 0x72, 0x00, 0x01,
    0x62, 0x20, 0x62, 0x75, 0x00, 0x03,0x62, 0x20, 0x63, 0x02, 0x00, 0x01,
    0x62, 0x20, 0x63, 0x6D, 0x00, 0x02,0x62, 0x20, 0x66, 0x69, 0x00, 0x01,
    0x62, 0x20, 0x68, 0x74, 0x00, 0x01,0x62, 0x20, 0x6C, 0x69, 0x00, 0x01,
    0x62, 0x20, 0x72, 0x75, 0x00, 0x01,0x62, 0x20, 0x73, 0x63, 0x00, 0x01,
    0x62, 0x20, 0x73, 0x6F, 0x00, 0x01,0x62, 0x20, 0x73, 0x74, 0x00, 0x01,
    0x62, 0x22, 0x20, 0x5D, 0x00, 0x01,0x62, 0x27, 0x29, 0x22, 0x00, 0x01,
    0x62, 0x2E, 0x61, 0x02, 0x00, 0x03,0x62, 0x2E, 0x68, 0x63, 0x00, 0x01,
    0x62, 0x2E, 0x73, 0x65, 0x00, 0x01,0x62, 0x3A, 0x6D, 0x69, 0x00, 0x02,
    0x62, 0x3B, 0x20, 0x70, 0x00, 0x01,0x62, 0x5F, 0x72, 0x65, 0x00, 0x01,
    0x62, 0x61, 0x6C, 0x20, 0x00, 0x0F,0x62, 0x61, 0x6E, 0x64, 0x00, 0x01,
    0x62, 0x61, 0x70, 0x69, 0x00, 0x01,0x62, 0x61, 0x73, 0x65, 0x00, 0x0B,
    0x62, 0x61, 0x73, 0x68, 0x00, 0x03,0x62, 0x61, 0x74, 0x63, 0x00, 0x02,
    0x62, 0x61, 0x7A, 0x65, 0x00, 0x03,0x62, 0x62, 0x72, 0x65, 0x00, 0x01,
    0x62, 0x62, 0x72, 0x6F, 0x00, 0x01,0x62, 0x63, 0x6F, 0x6E, 0x00, 0x02,
    0x62, 0x64, 0x61, 0x20, 0x00, 0x01,0x62, 0x64, 0x69, 0x72, 0x00, 0x01,
    0x62, 0x65, 0x20, 0x61, 0x00, 0x01,0x62, 0x65, 0x20, 0x6D, 0x00, 0x01,
    0x62, 0x65, 0x20, 0x70, 0x00, 0x01,0x62, 0x65, 0x2D, 0x69, 0x00, 0x01,
    0x62, 0x65, 0x63, 0x74, 0x00, 0x0C,0x62, 0x65, 0x6E, 0x76, 0x00, 0x01,
    0x62, 0x65, 0x72, 0x22, 0x00, 0x01,0x62, 0x65, 0x72, 0x73, 0x00, 0x01,
    0x62, 0x69, 0x6E, 0x02, 0x00, 0x01,0x62, 0x69, 0x6E, 0x2F, 0x00, 0x01,
    0x62, 0x69, 0x6E, 0x61, 0x00, 0x0E,0x62, 0x69, 0x6E, 0x64, 0x00, 0x01,
    0x62, 0x69, 0x73, 0x65, 0x00, 0x01,0x62, 0x6A, 0x64, 0x75, 0x00, 0x02,
    0x62, 0x6A, 0x65, 0x63, 0x00, 0x04,0x62, 0x6C, 0x20, 0x2D, 0x00, 0x03,
    0x62, 0x6C, 0x20, 0x2E, 0x00, 0x01,0x62, 0x6C, 0x20, 0x66, 0x00, 0x01,
    0x62, 0x6C, 0x61, 0x63, 0x00, 0x01,0x62, 0x6C, 0x61, 0x6D, 0x00, 0x01,
    0x62, 0x6C, 0x65, 0x20, 0x00, 0x04,0x62, 0x6C, 0x65, 0x2D, 0x00, 0x02,
    0x62, 0x6C, 0x69, 0x73, 0x00, 0x04,0x62, 0x6C, 0x6B, 0x02, 0x00, 0x01,
    0x62, 0x6C, 0x6B, 0x69, 0x00, 0x01,0x62, 0x6D, 0x6F, 0x64, 0x00, 0x03,
    0x62, 0x6F, 0x6C, 0x69, 0x00, 0x01,0x62, 0x6F, 0x6F, 0x6B, 0x00, 0x06,
    0x62, 0x6F, 0x6F, 0x74, 0x00, 0x01,0x62, 0x6F, 0x72, 0x6E, 0x00, 0x01,
    0x62, 0x6F, 0x72, 0x74, 0x00, 0x02,0x62, 0x72, 0x61, 0x6E, 0x00, 0x0E,
    0x62, 0x72, 0x65, 0x61, 0x00, 0x02,0x62, 0x72, 0x65, 0x76, 0x00, 0x01,
    0x62, 0x72, 0x65, 0x77, 0x00, 0x06,0x62, 0x72, 0x6F, 0x77, 0x00, 0x02,
    0x62, 0x73, 0x3D, 0x31, 0x00, 0x02,0x62, 0x74, 0x20, 0x63, 0x00, 0x01,
    0x62, 0x74, 0x20, 0x74, 0x00, 0x01,0x62, 0x74, 0x72, 0x65, 0x00, 0x01,
    0x62, 0x75, 0x63, 0x6B, 0x00, 0x03,0x62, 0x75, 0x66, 0x20, 0x00, 0x01,
    0x62, 0x75, 0x67, 0x02, 0x00, 0x02,0x62, 0x75, 0x67, 0x67, 0x00, 0x01,
    0x62, 0x75, 0x67, 0x73, 0x00, 0x01,0x62, 0x75, 0x69, 0x6C, 0x00, 0x32,
    0x62, 0x75, 0x6E, 0x20, 0x00, 0x05,0x62, 0x75, 0x6E, 0x64, 0x00, 0x04,
    0x62, 0x75, 0x6E, 0x7A, 0x00, 0x01,0x62, 0x79, 0x20, 0x73, 0x00, 0x02,
    0x62, 0x79, 0x2D, 0x33, 0x00, 0x01,0x62, 0x79, 0x6F, 0x62, 0x00, 0x01,
    0x62, 0x7A, 0x32, 0x02, 0x00, 0x02,0x62, 0x7A, 0x32, 0x20, 0x00, 0x01,
    0x62, 0x7A, 0x69, 0x70, 0x00, 0x01,0x63, 0x20, 0x22, 0x25, 0x00, 0x01,
    0x63, 0x20, 0x22, 0x2F, 0x00, 0x01,0x63, 0x20, 0x22, 0x62, 0x00, 0x01,
    0x63, 0x20, 0x22, 0x67, 0x00, 0x01,0x63, 0x20, 0x22, 0x69, 0x00, 0x1A,
    0x63, 0x20, 0x22, 0x70, 0x00, 0x01,0x63, 0x20, 0x22, 0x73, 0x00, 0x01,
    0x63, 0x20, 0x22, 0x77, 0x00, 0x01,0x63, 0x20, 0x2D, 0x2D, 0x00, 0x07,
    0x63, 0x20, 0x2D, 0x61, 0x00, 0x02,0x63, 0x20, 0x2D, 0x63, 0x00, 0x02,
    0x63, 0x20, 0x2D, 0x67, 0x00, 0x01,0x63, 0x20, 0x2D, 0x69, 0x00, 0x03,
    0x63, 0x20, 0x2D, 0x6C, 0x00, 0x03,0x63, 0x20, 0x2D, 0x6F, 0x00, 0x02,
    0x63, 0x20, 0x2D, 0x72, 0x00, 0x01,0x63, 0x20, 0x2D, 0x77, 0x00, 0x02,
    0x63, 0x20, 0x2F, 0x66, 0x00, 0x01,0x63, 0x20, 0x33, 0x20, 0x00, 0x01,
    0x63, 0x20, 0x34, 0x20, 0x00, 0x01,0x63, 0x20, 0x5C, 0x22, 0x00, 0x01,
    0x63, 0x20, 0x62, 0x69, 0x00, 0x01,0x63, 0x20, 0x63, 0x6D, 0x00, 0x02,
    0x63, 0x20, 0x63, 0x6F, 0x00, 0x01,0x63, 0x20, 0x64, 0x65, 0x00, 0x02,
    0x63, 0x20, 0x64, 0x69, 0x00, 0x03,0x63, 0x20, 0x65, 0x63, 0x00, 0x01,
    0x63, 0x20, 0x66, 0x69, 0x00, 0x04,0x63, 0x20, 0x6F, 0x75, 0x00, 0x01,
    0x63, 0x20, 0x70, 0x61, 0x00, 0x01,0x63, 0x20, 0x72, 0x65, 0x00, 0x02,
    0x63, 0x20, 0x72, 0x75, 0x00, 0x01,0x63, 0x20, 0x73, 0x6F, 0x00, 0x03,
    0x63, 0x20, 0x73, 0x74, 0x00, 0x02,0x63, 0x20, 0x75, 0x72, 0x00, 0x01,
    0x63, 0x28, 0x27, 0x66, 0x00, 0x01,0x63, 0x2B, 0x2B, 0x31, 0x00, 0x01,
    0x63, 0x2B, 0x2B, 0x32, 0x00, 0x01,0x63, 0x2D, 0x72, 0x65, 0x00, 0x01,
    0x63, 0x2F, 0x63, 0x70, 0x00, 0x01,0x63, 0x2F, 0x6F, 0x73, 0x00, 0x01,
    0x63, 0x2F, 0x70, 0x61, 0x00, 0x01,0x63, 0x31, 0x2D, 0x31, 0x00, 0x01,
    0x63, 0x32, 0x20, 0x64, 0x00, 0x01,0x63, 0x3A, 0x5C, 0x74, 0x00, 0x01,
    0x63, 0x61, 0x63, 0x68, 0x00, 0x07,0x63, 0x61, 0x6C, 0x20, 0x00, 0x01,
    0x63, 0x61, 0x6C, 0x65, 0x00, 0x03,0x63, 0x61, 0x6C, 0x68, 0x00, 0x04,
    0x63, 0x61, 0x6C, 0x6C, 0x00, 0x01,0x63, 0x61, 0x70, 0x74, 0x00, 0x01,
    0x63, 0x61, 0x72, 0x67, 0x00, 0x0F,0x63, 0x61, 0x73, 0x3D, 0x00, 0x01,
    0x63, 0x61, 0x73, 0x65, 0x00, 0x01,0x63, 0x61, 0x74, 0x20, 0x00, 0x08,
    0x63, 0x61, 0x74, 0x2D, 0x00, 0x01,0x63, 0x61, 0x74, 0x69, 0x00, 0x01,
    0x63, 0x63, 0x20, 0x2D, 0x00, 0x06,0x63, 0x64, 0x20, 0x2D, 0x00, 0x01,
    0x63, 0x64, 0x20, 0x2E, 0x00, 0x02,0x63, 0x64, 0x20, 0x2F, 0x00, 0x0D,
    0x63, 0x64, 0x20, 0x7E, 0x00, 0x01,0x63, 0x65, 0x20, 0x2D, 0x00, 0x07,
    0x63, 0x65, 0x20, 0x62, 0x00, 0x01,0x63, 0x65, 0x20, 0x63, 0x00, 0x02,
    0x63, 0x65, 0x20, 0x64, 0x00, 0x0D,0x63, 0x65, 0x20, 0x66, 0x00, 0x01,
    0x63, 0x65, 0x20, 0x70, 0x00, 0x01,0x63, 0x65, 0x20, 0x72, 0x00, 0x01,
    0x63, 0x65, 0x20, 0x73, 0x00, 0x02,0x63, 0x65, 0x20, 0x79, 0x00, 0x01,
    0x63, 0x65, 0x28, 0x29, 0x00, 0x01,0x63, 0x65, 0x2E, 0x63, 0x00, 0x0E,
    0x63, 0x65, 0x2E, 0x6F, 0x00, 0x01,0x63, 0x65, 0x2E, 0x72, 0x00, 0x03,
    0x63, 0x65, 0x2E, 0x73, 0x00, 0x01,0x63, 0x65, 0x6C, 0x61, 0x00, 0x01,
    0x63, 0x65, 0x72, 0x74, 0x00, 0x01,0x63, 0x65, 0x73, 0x02, 0x00, 0x03,
    0x63, 0x65, 0x73, 0x20, 0x00, 0x02,0x63, 0x65, 0x73, 0x73, 0x00, 0x09,
    0x63, 0x68, 0x20, 0x2D, 0x00, 0x05,0x63, 0x68, 0x20, 0x62, 0x00, 0x01,
    0x63, 0x68, 0x20, 0x63, 0x00, 0x01,0x63, 0x68, 0x20, 0x66, 0x00, 0x02,
    0x63, 0x68, 0x20, 0x6C, 0x00, 0x01,0x63, 0x68, 0x20, 0x6D, 0x00, 0x01,
    0x63, 0x68, 0x20, 0x6F, 0x00, 0x01,0x63, 0x68, 0x20, 0x70, 0x00, 0x04,
    0x63, 0x68, 0x20, 0x72, 0x00, 0x02,0x63, 0x68, 0x20, 0x74, 0x00, 0x02,
    0x63, 0x68, 0x22, 0x02, 0x00, 0x01,0x63, 0x68, 0x29, 0x22, 0x00, 0x01,
    0x63, 0x68, 0x2D, 0x72, 0x00, 0x01,0x63, 0x68, 0x2E, 0x64, 0x00, 0x01,
    0x63, 0x68, 0x2E, 0x70, 0x00, 0x01,0x63, 0x68, 0x61, 0x6E, 0x00, 0x01,
    0x63, 0x68, 0x61, 0x72, 0x00, 0x02,0x63, 0x68, 0x65, 0x20, 0x00, 0x05,
    0x63, 0x68, 0x65, 0x63, 0x00, 0x09,0x63, 0x68, 0x65, 0x64, 0x00, 0x01,
    0x63, 0x68, 0x65, 0x67, 0x00, 0x01,0x63, 0x68, 0x65, 0x72, 0x00, 0x03,
    0x63, 0x68, 0x69, 0x6C, 0x00, 0x01,0x63, 0x68, 0x69, 0x76, 0x00, 0x09,
    0x63, 0x68, 0x6D, 0x6F, 0x00, 0x03,0x63, 0x68, 0x6F, 0x20, 0x00, 0x24,
    0x63, 0x68, 0x6F, 0x77, 0x00, 0x02,0x63, 0x6A, 0x66, 0x20, 0x00, 0x01,
    0x63, 0x6B, 0x20, 0x2D, 0x00, 0x02,0x63, 0x6B, 0x20, 0x2F, 0x00, 0x01,
    0x63, 0x6B, 0x20, 0x62, 0x00, 0x02,0x63, 0x6B, 0x20, 0x63, 0x00, 0x01,
    0x63, 0x6B, 0x20, 0x66, 0x00, 0x01,0x63, 0x6B, 0x20, 0x73, 0x00, 0x03,
    0x63, 0x6B, 0x2D, 0x61, 0x00, 0x01,0x63, 0x6B, 0x2D, 0x69, 0x00, 0x01,
    0x63, 0x6B, 0x2D, 0x72, 0x00, 0x01,0x63, 0x6B, 0x3D, 0x66, 0x00, 0x01,
    0x63, 0x6B, 0x61, 0x67, 0x00, 0x30,0x63, 0x6B, 0x65, 0x72, 0x00, 0x12,
    0x63, 0x6B, 0x65, 0x74, 0x00, 0x02,0x63, 0x6B, 0x6F, 0x75, 0x00, 0x02,
    0x63, 0x6B, 0x73, 0x74, 0x00, 0x01,0x63, 0x6C, 0x20, 0x2F, 0x00, 0x02,
    0x63, 0x6C, 0x2E, 0x65, 0x00, 0x01,0x63, 0x6C, 0x61, 0x6E, 0x00, 0x02,
    0x63, 0x6C, 0x61, 0x73, 0x00, 0x01,0x63, 0x6C, 0x65, 0x61, 0x00, 0x0D,
    0x63, 0x6C, 0x69, 0x70, 0x00, 0x01,0x63, 0x6C, 0x6F, 0x6E, 0x00, 0x02,
    0x63, 0x6C, 0x6F, 0x75, 0x00, 0x04,0x63, 0x6C, 0x75, 0x64, 0x00, 0x01,
    0x63, 0x6C, 0x75, 0x73, 0x00, 0x02,0x63, 0x6D, 0x61, 0x6B, 0x00, 0x18,
    0x63, 0x6D, 0x61, 0x6E, 0x00, 0x01,0x63, 0x6D, 0x64, 0x02, 0x00, 0x1A,
    0x63, 0x6D, 0x64, 0x20, 0x00, 0x09,0x63, 0x6D, 0x64, 0x3B, 0x00, 0x01,
    0x63, 0x6D, 0x70, 0x20, 0x00, 0x01,0x63, 0x6D, 0x70, 0x30, 0x00, 0x01,
    0x63, 0x6F, 0x64, 0x65, 0x00, 0x0A,0x63, 0x6F, 0x6C, 0x02, 0x00, 0x01,
    0x63, 0x6F, 0x6C, 0x6F, 0x00, 0x01,0x63, 0x6F, 0x6D, 0x02, 0x00, 0x05,
    0x63, 0x6F, 0x6D, 0x6D, 0x00, 0x1E,0x63, 0x6F, 0x6D, 0x70, 0x00, 0x0E,
    0x63, 0x6F, 0x6E, 0x64, 0x00, 0x06,0x63, 0x6F, 0x6E, 0x66, 0x00, 0x1A,
    0x63, 0x6F, 0x6E, 0x73, 0x00, 0x12,0x63, 0x6F, 0x6E, 0x74, 0x00, 0x09,
    0x63, 0x6F, 0x6E, 0x76, 0x00, 0x02,0x63, 0x6F, 0x70, 0x79, 0x00, 0x02,
    0x63, 0x6F, 0x72, 0x64, 0x00, 0x01,0x63, 0x6F, 0x72, 0x65, 0x00, 0x03,
    0x63, 0x6F, 0x73, 0x79, 0x00, 0x02,0x63, 0x6F, 0x75, 0x6E, 0x00, 0x02,
    0x63, 0x6F, 0x76, 0x02, 0x00, 0x01,0x63, 0x6F, 0x76, 0x20, 0x00, 0x02,
    0x63, 0x6F, 0x76, 0x65, 0x00, 0x06,0x63, 0x70, 0x20, 0x2D, 0x00, 0x05,
    0x63, 0x70, 0x20, 0x66, 0x00, 0x02,0x63, 0x70, 0x20, 0x73, 0x00, 0x01,
    0x63, 0x70, 0x70, 0x02, 0x00, 0x07,0x63, 0x70, 0x70, 0x22, 0x00, 0x01,
    0x63, 0x70, 0x72, 0x6F, 0x00, 0x01,0x63, 0x70, 0x75, 0x69, 0x00, 0x01,
    0x63, 0x70, 0x75, 0x6C, 0x00, 0x01,0x63, 0x70, 0x75, 0x73, 0x00, 0x01,
    0x63, 0x72, 0x61, 0x74, 0x00, 0x01,0x63, 0x72, 0x65, 0x61, 0x00, 0x0D,
    0x63, 0x72, 0x65, 0x64, 0x00, 0x01,0x63, 0x72, 0x65, 0x65, 0x00, 0x01,
    0x63, 0x72, 0x69, 0x62, 0x00, 0x04,0x63, 0x72, 0x69, 0x70, 0x00, 0x12,
    0x63, 0x72, 0x6C, 0x66, 0x00, 0x02,0x63, 0x72, 0x6F, 0x6E, 0x00, 0x03,
    0x63, 0x73, 0x20, 0x2D, 0x00, 0x03,0x63, 0x73, 0x20, 0x66, 0x00, 0x01,
    0x63, 0x73, 0x20, 0x70, 0x00, 0x01,0x63, 0x73, 0x70, 0x72, 0x00, 0x02,
    0x63, 0x73, 0x76, 0x22, 0x00, 0x01,0x63, 0x74, 0x20, 0x64, 0x00, 0x01,
    0x63, 0x74, 0x20, 0x66, 0x00, 0x01,0x63, 0x74, 0x20, 0x70, 0x00, 0x02,
    0x63, 0x74, 0x20, 0x73, 0x00, 0x01,0x63, 0x74, 0x2D, 0x61, 0x00, 0x02,
    0x63, 0x74, 0x2E, 0x6F, 0x00, 0x02,0x63, 0x74, 0x2E, 0x73, 0x00, 0x01,
    0x63, 0x74, 0x2E, 0x76, 0x00, 0x01,0x63, 0x74, 0x65, 0x73, 0x00, 0x05,
    0x63, 0x74, 0x69, 0x6F, 0x00, 0x04,0x63, 0x74, 0x69, 0x76, 0x00, 0x02,
    0x63, 0x74, 0x6C, 0x02, 0x00, 0x02,0x63, 0x74, 0x6C, 0x20, 0x00, 0x18,
    0x63, 0x74, 0x6F, 0x72, 0x00, 0x04,0x63, 0x74, 0x73, 0x02, 0x00, 0x01,
    0x63, 0x75, 0x72, 0x6C, 0x00, 0x0A,0x63, 0x75, 0x72, 0x73, 0x00, 0x01,
    0x63, 0x75, 0x74, 0x20, 0x00, 0x02,0x63, 0x76, 0x66, 0x20, 0x00, 0x01,
    0x63, 0x77, 0x64, 0x28, 0x00, 0x01,0x63, 0x78, 0x70, 0x72, 0x00, 0x01,
    0x63, 0x79, 0x20, 0x63, 0x00, 0x01,0x63, 0x79, 0x70, 0x72, 0x00, 0x01,
    0x63, 0x7A, 0x66, 0x20, 0x00, 0x01,0x64, 0x20, 0x22, 0x63, 0x00, 0x01,
    0x64, 0x20, 0x22, 0x67, 0x00, 0x02,0x64, 0x20, 0x25, 0x73, 0x00, 0x01,
    0x64, 0x20, 0x26, 0x02, 0x00, 0x02,0x64, 0x20, 0x2B, 0x78, 0x00, 0x01,
    0x64, 0x20, 0x2D, 0x02, 0x00, 0x01,0x64, 0x20, 0x2D, 0x2D, 0x00, 0x08,
    0x64, 0x20, 0x2D, 0x61, 0x00, 0x02,0x64, 0x20, 0x2D, 0x62, 0x00, 0x01,
    0x64, 0x20, 0x2D, 0x63, 0x00, 0x02,0x64, 0x20, 0x2D, 0x64, 0x00, 0x02,
    0x64, 0x20, 0x2D, 0x6A, 0x00, 0x01,0x64, 0x20, 0x2D, 0x6C, 0x00, 0x02,
    0x64, 0x20, 0x2D, 0x6E, 0x00, 0x03,0x64, 0x20, 0x2D, 0x6F, 0x00, 0x02,
    0x64, 0x20, 0x2D, 0x70, 0x00, 0x02,0x64, 0x20, 0x2D, 0x74, 0x00, 0x01,
    0x64, 0x20, 0x2E, 0x02, 0x00, 0x02,0x64, 0x20, 0x2E, 0x20, 0x00, 0x04,
    0x64, 0x20, 0x2E, 0x2E, 0x00, 0x02,0x64, 0x20, 0x2F, 0x20, 0x00, 0x01,
    0x64, 0x20, 0x2F, 0x2F, 0x00, 0x02,0x64, 0x20, 0x2F, 0x62, 0x00, 0x02,
    0x64, 0x20, 0x2F, 0x63, 0x00, 0x02,0x64, 0x20, 0x2F, 0x64, 0x00, 0x01,
    0x64, 0x20, 0x2F, 0x65, 0x00, 0x01,0x64, 0x20, 0x2F, 0x68, 0x00, 0x01,
    0x64, 0x20, 0x2F, 0x6D, 0x00, 0x02,0x64, 0x20, 0x2F, 0x6F, 0x00, 0x01,
    0x64, 0x20, 0x2F, 0x70, 0x00, 0x02,0x64, 0x20, 0x2F, 0x72, 0x00, 0x01,
    0x64, 0x20, 0x2F, 0x73, 0x00, 0x01,0x64, 0x20, 0x2F, 0x74, 0x00, 0x02,
    0x64, 0x20, 0x2F, 0x75, 0x00, 0x02,0x64, 0x20, 0x2F, 0x76, 0x00, 0x01,
    0x64, 0x20, 0x31, 0x32, 0x00, 0x01,0x64, 0x20, 0x36, 0x34, 0x00, 0x01,
    0x64, 0x20, 0x37, 0x35, 0x00, 0x01,0x64, 0x20, 0x38, 0x30, 0x00, 0x01,
    0x64, 0x20, 0x3E, 0x20, 0x00, 0x01,0x64, 0x20, 0x61, 0x6C, 0x00, 0x01,
    0x64, 0x20, 0x61, 0x72, 0x00, 0x01,0x64, 0x20, 0x61, 0x75, 0x00, 0x01,
    0x64, 0x20, 0x62, 0x69, 0x00, 0x02,0x64, 0x20, 0x62, 0x72, 0x00, 0x02,
    0x64, 0x20, 0x62, 0x75, 0x00, 0x04,0x64, 0x20, 0x63, 0x6D, 0x00, 0x02,
    0x64, 0x20, 0x63, 0x6F, 0x00, 0x04,0x64, 0x20, 0x64, 0x3A, 0x00, 0x01,
    0x64, 0x20, 0x64, 0x61, 0x00, 0x02,0x64, 0x20, 0x64, 0x65, 0x00, 0x01,
    0x64, 0x20, 0x64, 0x69, 0x00, 0x04,0x64, 0x20, 0x66, 0x69, 0x00, 0x05,
    0x64, 0x20, 0x69, 0x66, 0x00, 0x02,0x64, 0x20, 0x69, 0x6D, 0x00, 0x01,
    0x64, 0x20, 0x69, 0x6E, 0x00, 0x01,0x64, 0x20, 0x6A, 0x6F, 0x00, 0x02,
    0x64, 0x20, 0x6C, 0x69, 0x00, 0x01,0x64, 0x20, 0x6D, 0x6F, 0x00, 0x02,
    0x64, 0x20, 0x6E, 0x61, 0x00, 0x02,0x64, 0x20, 0x6E, 0x65, 0x00, 0x02,
    0x64, 0x20, 0x6E, 0x6F, 0x00, 0x01,0x64, 0x20, 0x6F, 0x72, 0x00, 0x01,
    0x64, 0x20, 0x70, 0x61, 0x00, 0x05,0x64, 0x20, 0x70, 0x6F, 0x00, 0x01,
    0x64, 0x20, 0x70, 0x72, 0x00, 0x03,0x64, 0x20, 0x72, 0x65, 0x00, 0x03,
    0x64, 0x20, 0x73, 0x63, 0x00, 0x01,0x64, 0x20, 0x73, 0x69, 0x00, 0x01,
    0x64, 0x20, 0x74, 0x65, 0x00, 0x01,0x64, 0x20, 0x74, 0x69, 0x00, 0x01,
    0x64, 0x20, 0x76, 0x61, 0x00, 0x01,0x64, 0x20, 0x7B, 0x7D, 0x00, 0x02,
    0x64, 0x20, 0x7C, 0x20, 0x00, 0x07,0x64, 0x20, 0x7E, 0x02, 0x00, 0x01,
    0x64, 0x22, 0x20, 0x66, 0x00, 0x01,0x64, 0x28, 0x29, 0x29, 0x00, 0x01,
    0x64, 0x2C, 0x63, 0x6D, 0x00, 0x01,0x64, 0x2D, 0x65, 0x6D, 0x00, 0x01,
    0x64, 0x2D, 0x74, 0x72, 0x00, 0x01,0x64, 0x2E, 0x65, 0x78, 0x00, 0x01,
    0x64, 0x2F, 0x6E, 0x65, 0x00, 0x01,0x64, 0x31, 0x20, 0x26, 0x00, 0x01,
    0x64, 0x31, 0x20, 0x7C, 0x00, 0x02,0x64, 0x31, 0x3B, 0x20, 0x00, 0x01,
    0x64, 0x32, 0x20, 0x7C, 0x00, 0x01,0x64, 0x3A, 0x20, 0x2D, 0x00, 0x01,
    0x64, 0x3A, 0x5C, 0x73, 0x00, 0x01,0x64, 0x3B, 0x3B, 0x20, 0x00, 0x01,
    0x64, 0x3D, 0x31, 0x02, 0x00, 0x01,0x64, 0x3D, 0x63, 0x2B, 0x00, 0x02,
    0x64, 0x5F, 0x74, 0x79, 0x00, 0x02,0x64, 0x61, 0x20, 0x61, 0x00, 0x01,
    0x64, 0x61, 0x20, 0x63, 0x00, 0x01,0x64, 0x61, 0x20, 0x64, 0x00, 0x01,
    0x64, 0x61, 0x20, 0x65, 0x00, 0x01,0x64, 0x61, 0x20, 0x69, 0x00, 0x02,
    0x64, 0x61, 0x20, 0x6C, 0x00, 0x01,0x64, 0x61, 0x31, 0x02, 0x00, 0x02,
    0x64, 0x61, 0x72, 0x02, 0x00, 0x01,0x64, 0x61, 0x73, 0x22, 0x00, 0x01,
    0x64, 0x61, 0x74, 0x61, 0x00, 0x03,0x64, 0x61, 0x74, 0x65, 0x00, 0x12,
    0x64, 0x61, 0x79, 0x02, 0x00, 0x01,0x64, 0x62, 0x20, 0x2D, 0x00, 0x03,
    0x64, 0x62, 0x20, 0x63, 0x00, 0x02,0x64, 0x62, 0x20, 0x73, 0x00, 0x01,
    0x64, 0x62, 0x2E, 0x73, 0x00, 0x01,0x64, 0x62, 0x3A, 0x6D, 0x00, 0x02,
    0x64, 0x62, 0x3B, 0x20, 0x00, 0x01,0x64, 0x62, 0x75, 0x66, 0x00, 0x01,
    0x64, 0x63, 0x6D, 0x61, 0x00, 0x02,0x64, 0x64, 0x20, 0x2D, 0x00, 0x03,
    0x64, 0x64, 0x20, 0x2E, 0x00, 0x01,0x64, 0x64, 0x20, 0x2F, 0x00, 0x01,
    0x64, 0x64, 0x20, 0x62, 0x00, 0x01,0x64, 0x64, 0x20, 0x64, 0x00, 0x02,
    0x64, 0x64, 0x20, 0x66, 0x00, 0x01,0x64, 0x64, 0x20, 0x69, 0x00, 0x02,
    0x64, 0x64, 0x20, 0x6F, 0x00, 0x01,0x64, 0x64, 0x20, 0x70, 0x00, 0x06,
    0x64, 0x64, 0x20, 0x72, 0x00, 0x03,0x64, 0x64, 0x72, 0x32, 0x00, 0x01,
    0x64, 0x65, 0x20, 0x2D, 0x00, 0x18,0x64, 0x65, 0x20, 0x2E, 0x00, 0x01,
    0x64, 0x65, 0x20, 0x66, 0x00, 0x01,0x64, 0x65, 0x20, 0x70, 0x00, 0x02,
    0x64, 0x65, 0x20, 0x72, 0x00, 0x01,0x64, 0x65, 0x20, 0x73, 0x00, 0x03,
    0x64, 0x65, 0x61, 0x63, 0x00, 0x01,0x64, 0x65, 0x62, 0x75, 0x00, 0x03,
    0x64, 0x65, 0x64, 0x75, 0x00, 0x01,0x64, 0x65, 0x66, 0x61, 0x00, 0x01,
    0x64, 0x65, 0x6C, 0x02, 0x00, 0x01,0x64, 0x65, 0x6C, 0x20, 0x00, 0x01,
    0x64, 0x65, 0x6C, 0x65, 0x00, 0x04,0x64, 0x65, 0x6C, 0x66, 0x00, 0x02,
    0x64, 0x65, 0x6D, 0x6F, 0x00, 0x01,0x64, 0x65, 0x6E, 0x63, 0x00, 0x02,
    0x64, 0x65, 0x6E, 0x74, 0x00, 0x01,0x64, 0x65, 0x6E, 0x76, 0x00, 0x01,
    0x64, 0x65, 0x70, 0x65, 0x00, 0x02,0x64, 0x65, 0x70, 0x6C, 0x00, 0x06,
    0x64, 0x65, 0x70, 0x6D, 0x00, 0x01,0x64, 0x65, 0x70, 0x74, 0x00, 0x03,
    0x64, 0x65, 0x72, 0x3A, 0x00, 0x01,0x64, 0x65, 0x73, 0x02, 0x00, 0x01,
    0x64, 0x65, 0x73, 0x63, 0x00, 0x04,0x64, 0x65, 0x73, 0x74, 0x00, 0x11,
    0x64, 0x65, 0x76, 0x02, 0x00, 0x03,0x64, 0x65, 0x76, 0x20, 0x00, 0x02,
    0x64, 0x65, 0x76, 0x2F, 0x00, 0x06,0x64, 0x65, 0x76, 0x65, 0x00, 0x01,
    0x64, 0x65, 0x78, 0x20, 0x00, 0x01,0x64, 0x66, 0x20, 0x2D, 0x00, 0x02,
    0x64, 0x66, 0x69, 0x6C, 0x00, 0x01,0x64, 0x66, 0x6C, 0x61, 0x00, 0x01,
    0x64, 0x69, 0x61, 0x02, 0x00, 0x01,0x64, 0x69, 0x66, 0x66, 0x00, 0x0D,
    0x64, 0x69, 0x6E, 0x66, 0x00, 0x01,0x64, 0x69, 0x6F, 0x20, 0x00, 0x01,
    0x64, 0x69, 0x72, 0x02, 0x00, 0x13,0x64, 0x69, 0x72, 0x20, 0x00, 0x0A,
    0x64, 0x69, 0x72, 0x2F, 0x00, 0x01,0x64, 0x69, 0x72, 0x31, 0x00, 0x01,
    0x64, 0x69, 0x72, 0x32, 0x00, 0x01,0x64, 0x69, 0x72, 0x3B, 0x00, 0x01,
    0x64, 0x69, 0x72, 0x65, 0x00, 0x03,0x64, 0x69, 0x72, 0x6E, 0x00, 0x01,
    0x64, 0x69, 0x73, 0x61, 0x00, 0x02,0x64, 0x69, 0x73, 0x63, 0x00, 0x01,
    0x64, 0x69, 0x73, 0x6B, 0x00, 0x01,0x64, 0x69, 0x74, 0x02, 0x00, 0x01,
    0x64, 0x69, 0x74, 0x20, 0x00, 0x06,0x64, 0x69, 0x74, 0x2D, 0x00, 0x01,
    0x64, 0x69, 0x74, 0x65, 0x00, 0x01,0x64, 0x69, 0x74, 0x6F, 0x00, 0x02,
    0x64, 0x6A, 0x61, 0x6E, 0x00, 0x03,0x64, 0x6B, 0x73, 0x02, 0x00, 0x01,
    0x64, 0x6C, 0x65, 0x02, 0x00, 0x02,0x64, 0x6C, 0x65, 0x20, 0x00, 0x06,
    0x64, 0x6D, 0x65, 0x2E, 0x00, 0x01,0x64, 0x6D, 0x65, 0x73, 0x00, 0x02,
    0x64, 0x6D, 0x69, 0x6E, 0x00, 0x02,0x64, 0x6E, 0x61, 0x6D, 0x00, 0x01,
    0x64, 0x6E, 0x66, 0x20, 0x00, 0x02,0x64, 0x6F, 0x20, 0x2D, 0x00, 0x02,
    0x64, 0x6F, 0x20, 0x63, 0x00, 0x01,0x64, 0x6F, 0x20, 0x65, 0x00, 0x03,
    0x64, 0x6F, 0x63, 0x20, 0x00, 0x01,0x64, 0x6F, 0x63, 0x6B, 0x00, 0x11,
    0x64, 0x6F, 0x63, 0x73, 0x00, 0x01,0x64, 0x6F, 0x63, 0x74, 0x00, 0x01,
    0x64, 0x6F, 0x6D, 0x22, 0x00, 0x01,0x64, 0x6F, 0x6E, 0x65, 0x00, 0x05,
    0x64, 0x6F, 0x73, 0x22, 0x00, 0x01,0x64, 0x6F, 0x74, 0x6E, 0x00, 0x21,
    0x64, 0x6F, 0x77, 0x20, 0x00, 0x01,0x64, 0x6F, 0x77, 0x6E, 0x00, 0x01,
    0x64, 0x6F, 0x78, 0x79, 0x00, 0x02,0x64, 0x70, 0x72, 0x6F, 0x00, 0x01,
    0x64, 0x72, 0x32, 0x6C, 0x00, 0x01,0x64, 0x72, 0x69, 0x76, 0x00, 0x01,
    0x64, 0x72, 0x6F, 0x70, 0x00, 0x01,0x64, 0x73, 0x74, 0x72, 0x00, 0x01,
    0x64, 0x75, 0x20, 0x2D, 0x00, 0x02,0x64, 0x75, 0x63, 0x74, 0x00, 0x01,
    0x64, 0x75, 0x6C, 0x65, 0x00, 0x09,0x64, 0x75, 0x6D, 0x70, 0x00, 0x03,
    0x64, 0x75, 0x70, 0x65, 0x00, 0x01,0x64, 0x7E, 0x31, 0x02, 0x00, 0x01,
    0x64, 0x7E, 0x33, 0x02, 0x00, 0x01,0x65, 0x20, 0x22, 0x2A, 0x00, 0x03,
    0x65, 0x20, 0x22, 0x63, 0x00, 0x0C,0x65, 0x20, 0x22, 0x73, 0x00, 0x01,
    0x65, 0x20, 0x22, 0x74, 0x00, 0x01,0x65, 0x20, 0x24, 0x76, 0x00, 0x01,
    0x65, 0x20, 0x2B, 0x25, 0x00, 0x01,0x65, 0x20, 0x2D, 0x2D, 0x00, 0x22,
    0x65, 0x20, 0x2D, 0x61, 0x00, 0x02,0x65, 0x20, 0x2D, 0x63, 0x00, 0x02,
    0x65, 0x20, 0x2D, 0x65, 0x00, 0x14,0x65, 0x20, 0x2D, 0x66, 0x00, 0x01,
    0x65, 0x20, 0x2D, 0x67, 0x00, 0x04,0x65, 0x20, 0x2D, 0x68, 0x00, 0x01,
    0x65, 0x20, 0x2D, 0x69, 0x00, 0x01,0x65, 0x20, 0x2D, 0x6A, 0x00, 0x01,
    0x65, 0x20, 0x2D, 0x6C, 0x00, 0x04,0x65, 0x20, 0x2D, 0x6D, 0x00, 0x01,
    0x65, 0x20, 0x2D, 0x6E, 0x00, 0x03,0x65, 0x20, 0x2D, 0x70, 0x00, 0x01,
    0x65, 0x20, 0x2D, 0x72, 0x00, 0x02,0x65, 0x20, 0x2D, 0x73, 0x00, 0x04,
    0x65, 0x20, 0x2D, 0x74, 0x00, 0x01,0x65, 0x20, 0x2D, 0x75, 0x00, 0x01,
    0x65, 0x20, 0x2D, 0x76, 0x00, 0x01,0x65, 0x20, 0x2E, 0x02, 0x00, 0x04,
    0x65, 0x20, 0x2F, 0x66, 0x00, 0x02,0x65, 0x20, 0x2F, 0x70, 0x00, 0x02,
    0x65, 0x20, 0x31, 0x38, 0x00, 0x01,0x65, 0x20, 0x3C, 0x20, 0x00, 0x02,
    0x65, 0x20, 0x3E, 0x20, 0x00, 0x01,0x65, 0x20, 0x5D, 0x3B, 0x00, 0x01,
    0x65, 0x20, 0x61, 0x64, 0x00, 0x03,0x65, 0x20, 0x61, 0x6C, 0x00, 0x04,
    0x65, 0x20, 0x61, 0x70, 0x00, 0x02,0x65, 0x20, 0x62, 0x69, 0x00, 0x02,
    0x65, 0x20, 0x62, 0x72, 0x00, 0x03,0x65, 0x20, 0x62, 0x73, 0x00, 0x01,
    0x65, 0x20, 0x62, 0x75, 0x00, 0x04,0x65, 0x20, 0x63, 0x68, 0x00, 0x02,
    0x65, 0x20, 0x63, 0x6C, 0x00, 0x07,0x65, 0x20, 0x63, 0x6D, 0x00, 0x05,
    0x65, 0x20, 0x63, 0x6F, 0x00, 0x02,0x65, 0x20, 0x64, 0x20, 0x00, 0x01,
    0x65, 0x20, 0x64, 0x62, 0x00, 0x01,0x65, 0x20, 0x64, 0x65, 0x00, 0x11,
    0x65, 0x20, 0x64, 0x6F, 0x00, 0x01,0x65, 0x20, 0x65, 0x63, 0x00, 0x01,
    0x65, 0x20, 0x65, 0x6E, 0x00, 0x01,0x65, 0x20, 0x65, 0x78, 0x00, 0x01,
    0x65, 0x20, 0x66, 0x20, 0x00, 0x01,0x65, 0x20, 0x66, 0x69, 0x00, 0x0A,
    0x65, 0x20, 0x66, 0x75, 0x00, 0x01,0x65, 0x20, 0x67, 0x69, 0x00, 0x02,
    0x65, 0x20, 0x68, 0x65, 0x00, 0x02,0x65, 0x20, 0x68, 0x74, 0x00, 0x01,
    0x65, 0x20, 0x69, 0x6E, 0x00, 0x03,0x65, 0x20, 0x6B, 0x65, 0x00, 0x01,
    0x65, 0x20, 0x6C, 0x69, 0x00, 0x03,0x65, 0x20, 0x6C, 0x73, 0x00, 0x02,
    0x65, 0x20, 0x6D, 0x61, 0x00, 0x03,0x65, 0x20, 0x6D, 0x6F, 0x00, 0x02,
    0x65, 0x20, 0x6D, 0x79, 0x00, 0x02,0x65, 0x20, 0x6E, 0x65, 0x00, 0x01,
    0x65, 0x20, 0x6F, 0x66, 0x00, 0x01,0x65, 0x20, 0x6F, 0x70, 0x00, 0x01,
    0x65, 0x20, 0x6F, 0x72, 0x00, 0x02,0x65, 0x20, 0x70, 0x61, 0x00, 0x09,
    0x65, 0x20, 0x70, 0x69, 0x00, 0x01,0x65, 0x20, 0x70, 0x6F, 0x00, 0x02,
    0x65, 0x20, 0x70, 0x72, 0x00, 0x02,0x65, 0x20, 0x72, 0x65, 0x00, 0x06,
    0x65, 0x20, 0x72, 0x67, 0x00, 0x01,0x65, 0x20, 0x72, 0x75, 0x00, 0x03,
    0x65, 0x20, 0x73, 0x33, 0x00, 0x01,0x65, 0x20, 0x73, 0x63, 0x00, 0x05,
    0x65, 0x20, 0x73, 0x65, 0x00, 0x04,0x65, 0x20, 0x73, 0x6F, 0x00, 0x02,
    0x65, 0x20, 0x73, 0x74, 0x00, 0x03,0x65, 0x20, 0x74, 0x65, 0x00, 0x02,
    0x65, 0x20, 0x74, 0x72, 0x00, 0x02,0x65, 0x20, 0x75, 0x70, 0x00, 0x04,
    0x65, 0x20, 0x75, 0x72, 0x00, 0x04,0x65, 0x20, 0x75, 0x73, 0x00, 0x01,
    0x65, 0x20, 0x79, 0x65, 0x00, 0x01,0x65, 0x22, 0x20, 0x75, 0x00, 0x01,
    0x65, 0x27, 0x29, 0x22, 0x00, 0x01,0x65, 0x27, 0x29, 0x2C, 0x00, 0x01,
    0x65, 0x28, 0x27, 0x66, 0x00, 0x01,0x65, 0x28, 0x27, 0x6F, 0x00, 0x01,
    0x65, 0x28, 0x27, 0x70, 0x00, 0x01,0x65, 0x28, 0x29, 0x22, 0x00, 0x01,
    0x65, 0x28, 0x29, 0x29, 0x00, 0x02,0x65, 0x28, 0x31, 0x30, 0x00, 0x01,
    0x65, 0x2D, 0x64, 0x65, 0x00, 0x01,0x65, 0x2D, 0x65, 0x78, 0x00, 0x02,
    0x65, 0x2D, 0x69, 0x6E, 0x00, 0x01,0x65, 0x2D, 0x6E, 0x65, 0x00, 0x01,
    0x65, 0x2D, 0x6E, 0x75, 0x00, 0x01,0x65, 0x2D, 0x70, 0x6C, 0x00, 0x01,
    0x65, 0x2D, 0x70, 0x72, 0x00, 0x01,0x65, 0x2D, 0x72, 0x65, 0x00, 0x04,
    0x65, 0x2D, 0x73, 0x76, 0x00, 0x01,0x65, 0x2D, 0x74, 0x72, 0x00, 0x01,
    0x65, 0x2D, 0x76, 0x69, 0x00, 0x01,0x65, 0x2E, 0x61, 0x75, 0x00, 0x02,
    0x65, 0x2E, 0x62, 0x7A, 0x00, 0x01,0x65, 0x2E, 0x63, 0x02, 0x00, 0x06,
    0x65, 0x2E, 0x63, 0x20, 0x00, 0x01,0x65, 0x2E, 0x63, 0x6F, 0x00, 0x05,
    0x65, 0x2E, 0x63, 0x70, 0x00, 0x07,0x65, 0x2E, 0x65, 0x64, 0x00, 0x01,
    0x65, 0x2E, 0x65, 0x6C, 0x00, 0x02,0x65, 0x2E, 0x67, 0x7A, 0x00, 0x05,
    0x65, 0x2E, 0x69, 0x6E, 0x00, 0x02,0x65, 0x2E, 0x6A, 0x73, 0x00, 0x03,
    0x65, 0x2E, 0x6B, 0x6F, 0x00, 0x01,0x65, 0x2E, 0x6C, 0x6F, 0x00, 0x0B,
    0x65, 0x2E, 0x6D, 0x64, 0x00, 0x01,0x65, 0x2E, 0x6F, 0x62, 0x00, 0x01,
    0x65, 0x2E, 0x70, 0x6B, 0x00, 0x01,0x65, 0x2E, 0x70, 0x79, 0x00, 0x06,
    0x65, 0x2E, 0x72, 0x73, 0x00, 0x03,0x65, 0x2E, 0x73, 0x20, 0x00, 0x01,
    0x65, 0x2E, 0x73, 0x68, 0x00, 0x03,0x65, 0x2E, 0x74, 0x61, 0x00, 0x07,
    0x65, 0x2E, 0x74, 0x73, 0x00, 0x01,0x65, 0x2E, 0x74, 0x78, 0x00, 0x39,
    0x65, 0x2E, 0x78, 0x6D, 0x00, 0x01,0x65, 0x2E, 0x78, 0x7A, 0x00, 0x01,
    0x65, 0x2E, 0x79, 0x61, 0x00, 0x01,0x65, 0x2E, 0x7A, 0x69, 0x00, 0x03,
    0x65, 0x31, 0x20, 0x66, 0x00, 0x08,0x65, 0x33, 0x22, 0x02, 0x00, 0x01,
    0x65, 0x36, 0x34, 0x22, 0x00, 0x01,0x65, 0x38, 0x20, 0x73, 0x00, 0x01,
    0x65, 0x3A, 0x63, 0x6F, 0x00, 0x01,0x65, 0x3A, 0x6C, 0x69, 0x00, 0x01,
    0x65, 0x3A, 0x6F, 0x75, 0x00, 0x01,0x65, 0x3B, 0x20, 0x64, 0x00, 0x02,
    0x65, 0x3D, 0x3D, 0x31, 0x00, 0x01,0x65, 0x3D, 0x64, 0x65, 0x00, 0x01,
    0x65, 0x3D, 0x69, 0x6D, 0x00, 0x01,0x65, 0x3D, 0x72, 0x65, 0x00, 0x01,
    0x65, 0x5F, 0x62, 0x75, 0x00, 0x02,0x65, 0x5F, 0x64, 0x69, 0x00, 0x01,
    0x65, 0x61, 0x62, 0x6F, 0x00, 0x01,0x65, 0x61, 0x63, 0x68, 0x00, 0x01,
    0x65, 0x61, 0x63, 0x74, 0x00, 0x03,0x65, 0x61, 0x64, 0x02, 0x00, 0x09,
    0x65, 0x61, 0x64, 0x20, 0x00, 0x07,0x65, 0x61, 0x64, 0x2D, 0x00, 0x01,
    0x65, 0x61, 0x64, 0x65, 0x00, 0x03,0x65, 0x61, 0x64, 0x66, 0x00, 0x01,
    0x65, 0x61, 0x64, 0x6D, 0x00, 0x01,0x65, 0x61, 0x64, 0x7E, 0x00, 0x02,
    0x65, 0x61, 0x6B, 0x02, 0x00, 0x01,0x65, 0x61, 0x6B, 0x2D, 0x00, 0x01,
    0x65, 0x61, 0x6B, 0x70, 0x00, 0x01,0x65, 0x61, 0x6E, 0x02, 0x00, 0x09,
    0x65, 0x61, 0x6E, 0x20, 0x00, 0x03,0x65, 0x61, 0x72, 0x02, 0x00, 0x01,
    0x65, 0x61, 0x72, 0x63, 0x00, 0x06,0x65, 0x61, 0x72, 0x6E, 0x00, 0x01,
    0x65, 0x61, 0x73, 0x65, 0x00, 0x0C,0x65, 0x61, 0x73, 0x74, 0x00, 0x01,
    0x65, 0x61, 0x74, 0x65, 0x00, 0x0D,0x65, 0x62, 0x61, 0x70, 0x00, 0x01,
    0x65, 0x62, 0x61, 0x73, 0x00, 0x08,0x65, 0x62, 0x62, 0x72, 0x00, 0x01,
    0x65, 0x62, 0x6F, 0x6F, 0x00, 0x03,0x65, 0x62, 0x75, 0x67, 0x00, 0x03,
    0x65, 0x62, 0x75, 0x69, 0x00, 0x01,0x65, 0x63, 0x20, 0x2D, 0x00, 0x02,
    0x65, 0x63, 0x20, 0x63, 0x00, 0x01,0x65, 0x63, 0x20, 0x72, 0x00, 0x01,
    0x65, 0x63, 0x32, 0x20, 0x00, 0x01,0x65, 0x63, 0x68, 0x6F, 0x00, 0x24,
    0x65, 0x63, 0x6B, 0x02, 0x00, 0x03,0x65, 0x63, 0x6B, 0x20, 0x00, 0x01,
    0x65, 0x63, 0x6B, 0x2D, 0x00, 0x02,0x65, 0x63, 0x6B, 0x3D, 0x00, 0x01,
    0x65, 0x63, 0x6B, 0x6F, 0x00, 0x02,0x65, 0x63, 0x6F, 0x72, 0x00, 0x01,
    0x65, 0x63, 0x6F, 0x73, 0x00, 0x02,0x65, 0x63, 0x74, 0x02, 0x00, 0x06,
    0x65, 0x63, 0x74, 0x20, 0x00, 0x05,0x65, 0x63, 0x74, 0x2E, 0x00, 0x04,
    0x65, 0x63, 0x74, 0x6C, 0x00, 0x0E,0x65, 0x63, 0x74, 0x6F, 0x00, 0x03,
    0x65, 0x63, 0x74, 0x73, 0x00, 0x01,0x65, 0x63, 0x75, 0x72, 0x00, 0x01,
    0x65, 0x64, 0x20, 0x2D, 0x00, 0x01,0x65, 0x64, 0x61, 0x74, 0x00, 0x01,
    0x65, 0x64, 0x65, 0x6E, 0x00, 0x01,0x65, 0x64, 0x69, 0x61, 0x00, 0x01,
    0x65, 0x64, 0x69, 0x74, 0x00, 0x03,0x65, 0x64, 0x6E, 0x61, 0x00, 0x01,
    0x65, 0x64, 0x75, 0x70, 0x00, 0x01,0x65, 0x65, 0x20, 0x2D, 0x00, 0x04,
    0x65, 0x65, 0x20, 0x2F, 0x00, 0x01,0x65, 0x65, 0x20, 0x61, 0x00, 0x01,
    0x65, 0x65, 0x20, 0x66, 0x00, 0x02,0x65, 0x65, 0x20, 0x68, 0x00, 0x01,
    0x65, 0x65, 0x20, 0x6C, 0x00, 0x01,0x65, 0x65, 0x20, 0x72, 0x00, 0x01,
    0x65, 0x65, 0x22, 0x02, 0x00, 0x01,0x65, 0x65, 0x2E, 0x65, 0x00, 0x02,
    0x65, 0x65, 0x6E, 0x02, 0x00, 0x01,0x65, 0x65, 0x70, 0x20, 0x00, 0x04,
    0x65, 0x65, 0x7A, 0x65, 0x00, 0x02,0x65, 0x66, 0x20, 0x68, 0x00, 0x03,
    0x65, 0x66, 0x61, 0x69, 0x00, 0x01,0x65, 0x66, 0x61, 0x75, 0x00, 0x01,
    0x65, 0x66, 0x65, 0x72, 0x00, 0x02,0x65, 0x66, 0x65, 0x74, 0x00, 0x01,
    0x65, 0x66, 0x69, 0x6C, 0x00, 0x03,0x65, 0x66, 0x6C, 0x6F, 0x00, 0x02,
    0x65, 0x66, 0x73, 0x02, 0x00, 0x01,0x65, 0x67, 0x72, 0x69, 0x00, 0x01,
    0x65, 0x68, 0x73, 0x63, 0x00, 0x01,0x65, 0x69, 0x74, 0x20, 0x00, 0x01,
    0x65, 0x6C, 0x20, 0x62, 0x00, 0x01,0x65, 0x6C, 0x20, 0x63, 0x00, 0x01,
    0x65, 0x6C, 0x20, 0x66, 0x00, 0x01,0x65, 0x6C, 0x20, 0x72, 0x00, 0x01,
    0x65, 0x6C, 0x20, 0x74, 0x00, 0x01,0x65, 0x6C, 0x3D, 0x68, 0x00, 0x01,
    0x65, 0x6C, 0x61, 0x69, 0x00, 0x01,0x65, 0x6C, 0x65, 0x61, 0x00, 0x0C,
    0x65, 0x6C, 0x65, 0x63, 0x00, 0x01,0x65, 0x6C, 0x65, 0x6D, 0x00, 0x02,
    0x65, 0x6C, 0x65, 0x74, 0x00, 0x04,0x65, 0x6C, 0x66, 0x20, 0x00, 0x02,
    0x65, 0x6C, 0x67, 0x72, 0x00, 0x01,0x65, 0x6C, 0x69, 0x6E, 0x00, 0x02,
    0x65, 0x6C, 0x6C, 0x02, 0x00, 0x02,0x65, 0x6C, 0x6C, 0x20, 0x00, 0x01,
    0x65, 0x6C, 0x6C, 0x6F, 0x00, 0x0A,0x65, 0x6C, 0x6D, 0x20, 0x00, 0x06,
    0x65, 0x6C, 0x6F, 0x61, 0x00, 0x01,0x65, 0x6C, 0x6F, 0x70, 0x00, 0x01,
    0x65, 0x6C, 0x70, 0x02, 0x00, 0x04,0x65, 0x6C, 0x70, 0x20, 0x00, 0x01,
    0x65, 0x6C, 0x70, 0x2D, 0x00, 0x01,0x65, 0x6C, 0x74, 0x65, 0x00, 0x01,
    0x65, 0x6D, 0x20, 0x69, 0x00, 0x01,0x65, 0x6D, 0x20, 0x6C, 0x00, 0x01,
    0x65, 0x6D, 0x20, 0x75, 0x00, 0x01,0x65, 0x6D, 0x22, 0x02, 0x00, 0x01,
    0x65, 0x6D, 0x2E, 0x63, 0x00, 0x01,0x65, 0x6D, 0x61, 0x63, 0x00, 0x04,
    0x65, 0x6D, 0x61, 0x69, 0x00, 0x02,0x65, 0x6D, 0x62, 0x65, 0x00, 0x01,
    0x65, 0x6D, 0x63, 0x74, 0x00, 0x07,0x65, 0x6D, 0x65, 0x6E, 0x00, 0x04,
    0x65, 0x6D, 0x69, 0x67, 0x00, 0x01,0x65, 0x6D, 0x69, 0x6E, 0x00, 0x01,
    0x65, 0x6D, 0x69, 0x74, 0x00, 0x01,0x65, 0x6D, 0x69, 0x78, 0x00, 0x01,
    0x65, 0x6D, 0x6F, 0x6E, 0x00, 0x01,0x65, 0x6D, 0x6F, 0x72, 0x00, 0x01,
    0x65, 0x6D, 0x6F, 0x74, 0x00, 0x06,0x65, 0x6D, 0x6F, 0x76, 0x00, 0x07,
    0x65, 0x6D, 0x70, 0x25, 0x00, 0x01,0x65, 0x6D, 0x70, 0x6C, 0x00, 0x01,
    0x65, 0x6D, 0x70, 0x74, 0x00, 0x02,0x65, 0x6E, 0x20, 0x63, 0x00, 0x01,
    0x65, 0x6E, 0x20, 0x64, 0x00, 0x01,0x65, 0x6E, 0x20, 0x65, 0x00, 0x05,
    0x65, 0x6E, 0x20, 0x6F, 0x00, 0x01,0x65, 0x6E, 0x5F, 0x75, 0x00, 0x01,
    0x65, 0x6E, 0x61, 0x62, 0x00, 0x01,0x65, 0x6E, 0x61, 0x6D, 0x00, 0x01,
    0x65, 0x6E, 0x61, 0x6E, 0x00, 0x02,0x65, 0x6E, 0x63, 0x65, 0x00, 0x02,
    0x65, 0x6E, 0x63, 0x79, 0x00, 0x02,0x65, 0x6E, 0x64, 0x02, 0x00, 0x02,
    0x65, 0x6E, 0x64, 0x2D, 0x00, 0x01,0x65, 0x6E, 0x64, 0x61, 0x00, 0x01,
    0x65, 0x6E, 0x64, 0x65, 0x00, 0x02,0x65, 0x6E, 0x65, 0x72, 0x00, 0x01,
    0x65, 0x6E, 0x68, 0x74, 0x00, 0x01,0x65, 0x6E, 0x69, 0x63, 0x00, 0x01,
    0x65, 0x6E, 0x73, 0x69, 0x00, 0x04,0x65, 0x6E, 0x73, 0x6F, 0x00, 0x01,
    0x65, 0x6E, 0x73, 0x75, 0x00, 0x01,0x65, 0x6E, 0x74, 0x20, 0x00, 0x02,
    0x65, 0x6E, 0x74, 0x2E, 0x00, 0x01,0x65, 0x6E, 0x74, 0x69, 0x00, 0x01,
    0x65, 0x6E, 0x74, 0x73, 0x00, 0x03,0x65, 0x6E, 0x74, 0x74, 0x00, 0x02,
    0x65, 0x6E, 0x76, 0x02, 0x00, 0x04,0x65, 0x6E, 0x76, 0x20, 0x00, 0x0B,
    0x65, 0x6E, 0x76, 0x2E, 0x00, 0x01,0x65, 0x6E, 0x76, 0x69, 0x00, 0x01,
    0x65, 0x6F, 0x20, 0x70, 0x00, 0x01,0x65, 0x6F, 0x66, 0x02, 0x00, 0x02,
    0x65, 0x6F, 0x75, 0x74, 0x00, 0x02,0x65, 0x70, 0x20, 0x2D, 0x00, 0x08,
    0x65, 0x70, 0x20, 0x30, 0x00, 0x01,0x65, 0x70, 0x20, 0x31, 0x00, 0x02,
    0x65, 0x70, 0x20, 0x35, 0x00, 0x01,0x65, 0x70, 0x20, 0x70, 0x00, 0x05,
    0x65, 0x70, 0x61, 0x63, 0x00, 0x01,0x65, 0x70, 0x61, 0x64, 0x00, 0x01,
    0x65, 0x70, 0x65, 0x6E, 0x00, 0x02,0x65, 0x70, 0x69, 0x70, 0x00, 0x01,
    0x65, 0x70, 0x6C, 0x61, 0x00, 0x01,0x65, 0x70, 0x6C, 0x69, 0x00, 0x01,
    0x65, 0x70, 0x6C, 0x6F, 0x00, 0x06,0x65, 0x70, 0x6D, 0x6F, 0x00, 0x01,
    0x65, 0x70, 0x6F, 0x02, 0x00, 0x01,0x65, 0x70, 0x6F, 0x20, 0x00, 0x05,
    0x65, 0x70, 0x6F, 0x2E, 0x00, 0x01,0x65, 0x70, 0x6F, 0x72, 0x00, 0x02,
    0x65, 0x70, 0x74, 0x68, 0x00, 0x03,0x65, 0x71, 0x20, 0x31, 0x00, 0x02,
    0x65, 0x71, 0x75, 0x61, 0x00, 0x01,0x65, 0x71, 0x75, 0x65, 0x00, 0x02,
    0x65, 0x71, 0x75, 0x69, 0x00, 0x07,0x65, 0x72, 0x20, 0x2D, 0x00, 0x04,
    0x65, 0x72, 0x20, 0x38, 0x00, 0x03,0x65, 0x72, 0x20, 0x61, 0x00, 0x01,
    0x65, 0x72, 0x20, 0x62, 0x00, 0x03,0x65, 0x72, 0x20, 0x63, 0x00, 0x02,
    0x65, 0x72, 0x20, 0x64, 0x00, 0x01,0x65, 0x72, 0x20, 0x65, 0x00, 0x01,
    0x65, 0x72, 0x20, 0x66, 0x00, 0x01,0x65, 0x72, 0x20, 0x67, 0x00, 0x01,
    0x65, 0x72, 0x20, 0x68, 0x00, 0x01,0x65, 0x72, 0x20, 0x69, 0x00, 0x03,
    0x65, 0x72, 0x20, 0x6C, 0x00, 0x03,0x65, 0x72, 0x20, 0x6E, 0x00, 0x03,
    0x65, 0x72, 0x20, 0x70, 0x00, 0x04,0x65, 0x72, 0x20, 0x72, 0x00, 0x06,
    0x65, 0x72, 0x20, 0x73, 0x00, 0x04,0x65, 0x72, 0x20, 0x75, 0x00, 0x01,
    0x65, 0x72, 0x22, 0x20, 0x00, 0x01,0x65, 0x72, 0x2D, 0x62, 0x00, 0x01,
    0x65, 0x72, 0x2D, 0x63, 0x00, 0x04,0x65, 0x72, 0x2D, 0x72, 0x00, 0x01,
    0x65, 0x72, 0x2D, 0x73, 0x00, 0x01,0x65, 0x72, 0x2E, 0x65, 0x00, 0x01,
    0x65, 0x72, 0x2E, 0x6E, 0x00, 0x01,0x65, 0x72, 0x2E, 0x73, 0x00, 0x01,
    0x65, 0x72, 0x3A, 0x20, 0x00, 0x01,0x65, 0x72, 0x3A, 0x67, 0x00, 0x02,
    0x65, 0x72, 0x40, 0x68, 0x00, 0x05,0x65, 0x72, 0x61, 0x67, 0x00, 0x05,
    0x65, 0x72, 0x61, 0x74, 0x00, 0x01,0x65, 0x72, 0x64, 0x61, 0x00, 0x01,
    0x65, 0x72, 0x65, 0x20, 0x00, 0x06,0x65, 0x72, 0x65, 0x6C, 0x00, 0x01,
    0x65, 0x72, 0x65, 0x6E, 0x00, 0x02,0x65, 0x72, 0x66, 0x20, 0x00, 0x04,
    0x65, 0x72, 0x67, 0x65, 0x00, 0x04,0x65, 0x72, 0x69, 0x66, 0x00, 0x01,
    0x65, 0x72, 0x6C, 0x20, 0x00, 0x01,0x65, 0x72, 0x6D, 0x02, 0x00, 0x01,
    0x65, 0x72, 0x6D, 0x22, 0x00, 0x01,0x65, 0x72, 0x6E, 0x02, 0x00, 0x0B,
    0x65, 0x72, 0x6E, 0x20, 0x00, 0x04,0x65, 0x72, 0x6E, 0x22, 0x00, 0x01,
    0x65, 0x72, 0x6E, 0x29, 0x00, 0x01,0x65, 0x72, 0x6E, 0x2F, 0x00, 0x01,
    0x65, 0x72, 0x6F, 0x20, 0x00, 0x01,0x65, 0x72, 0x70, 0x72, 0x00, 0x01,
    0x65, 0x72, 0x72, 0x61, 0x00, 0x07,0x65, 0x72, 0x72, 0x79, 0x00, 0x03,
    0x65, 0x72, 0x73, 0x02, 0x00, 0x01,0x65, 0x72, 0x73, 0x20, 0x00, 0x01,
    0x65, 0x72, 0x73, 0x68, 0x00, 0x02,0x65, 0x72, 0x73, 0x69, 0x00, 0x08,
    0x65, 0x72, 0x74, 0x20, 0x00, 0x04,0x65, 0x72, 0x75, 0x73, 0x00, 0x01,
    0x65, 0x72, 0x76, 0x65, 0x00, 0x09,0x65, 0x72, 0x76, 0x69, 0x00, 0x0A,
    0x65, 0x73, 0x20, 0x22, 0x00, 0x01,0x65, 0x73, 0x20, 0x61, 0x00, 0x01,
    0x65, 0x73, 0x20, 0x6C, 0x00, 0x02,0x65, 0x73, 0x20, 0x73, 0x00, 0x02,
    0x65, 0x73, 0x22, 0x02, 0x00, 0x02,0x65, 0x73, 0x61, 0x63, 0x00, 0x01,
    0x65, 0x73, 0x62, 0x75, 0x00, 0x01,0x65, 0x73, 0x63, 0x72, 0x00, 0x04,
    0x65, 0x73, 0x65, 0x74, 0x00, 0x03,0x65, 0x73, 0x67, 0x02, 0x00, 0x01,
    0x65, 0x73, 0x67, 0x20, 0x00, 0x01,0x65, 0x73, 0x6C, 0x69, 0x00, 0x01,
    0x65, 0x73, 0x73, 0x02, 0x00, 0x01,0x65, 0x73, 0x73, 0x20, 0x00, 0x04,
    0x65, 0x73, 0x73, 0x22, 0x00, 0x01,0x65, 0x73, 0x73, 0x2E, 0x00, 0x08,
    0x65, 0x73, 0x73, 0x61, 0x00, 0x02,0x65, 0x73, 0x73, 0x69, 0x00, 0x05,
    0x65, 0x73, 0x74, 0x02, 0x00, 0x22,0x65, 0x73, 0x74, 0x20, 0x00, 0x14,
    0x65, 0x73, 0x74, 0x22, 0x00, 0x01,0x65, 0x73, 0x74, 0x2D, 0x00, 0x02,
    0x65, 0x73, 0x74, 0x5F, 0x00, 0x03,0x65, 0x73, 0x74, 0x61, 0x00, 0x02,
    0x65, 0x73, 0x74, 0x65, 0x00, 0x01,0x65, 0x73, 0x74, 0x6F, 0x00, 0x01,
    0x65, 0x73, 0x74, 0x72, 0x00, 0x03,0x65, 0x73, 0x74, 0x73, 0x00, 0x07,
    0x65, 0x73, 0x75, 0x70, 0x00, 0x01,0x65, 0x73, 0x75, 0x72, 0x00, 0x01,
    0x65, 0x73, 0x79, 0x6E, 0x00, 0x01,0x65, 0x74, 0x20, 0x2D, 0x00, 0x0D,
    0x65, 0x74, 0x20, 0x2E, 0x00, 0x01,0x65, 0x74, 0x20, 0x61, 0x00, 0x02,
    0x65, 0x74, 0x20, 0x62, 0x00, 0x04,0x65, 0x74, 0x20, 0x63, 0x00, 0x02,
    0x65, 0x74, 0x20, 0x64, 0x00, 0x01,0x65, 0x74, 0x20, 0x66, 0x00, 0x04,
    0x65, 0x74, 0x20, 0x68, 0x00, 0x02,0x65, 0x74, 0x20, 0x6B, 0x00, 0x04,
    0x65, 0x74, 0x20, 0x6C, 0x00, 0x03,0x65, 0x74, 0x20, 0x6D, 0x00, 0x01,
    0x65, 0x74, 0x20, 0x6E, 0x00, 0x08,0x65, 0x74, 0x20, 0x70, 0x00, 0x08,
    0x65, 0x74, 0x20, 0x72, 0x00, 0x04,0x65, 0x74, 0x20, 0x73, 0x00, 0x02,
    0x65, 0x74, 0x20, 0x74, 0x00, 0x02,0x65, 0x74, 0x20, 0x75, 0x00, 0x01,
    0x65, 0x74, 0x20, 0x76, 0x00, 0x01,0x65, 0x74, 0x20, 0x77, 0x00, 0x03,
    0x65, 0x74, 0x2D, 0x63, 0x00, 0x02,0x65, 0x74, 0x2D, 0x70, 0x00, 0x01,
    0x65, 0x74, 0x2D, 0x75, 0x00, 0x01,0x65, 0x74, 0x2E, 0x69, 0x00, 0x01,
    0x65, 0x74, 0x2F, 0x02, 0x00, 0x02,0x65, 0x74, 0x5F, 0x74, 0x00, 0x01,
    0x65, 0x74, 0x63, 0x02, 0x00, 0x01,0x65, 0x74, 0x63, 0x2F, 0x00, 0x02,
    0x65, 0x74, 0x63, 0x68, 0x00, 0x04,0x65, 0x74, 0x65, 0x20, 0x00, 0x04,
    0x65, 0x74, 0x69, 0x6D, 0x00, 0x01,0x65, 0x74, 0x6F, 0x70, 0x00, 0x01,
    0x65, 0x74, 0x72, 0x65, 0x00, 0x02,0x65, 0x74, 0x73, 0x02, 0x00, 0x01,
    0x65, 0x74, 0x73, 0x74, 0x00, 0x02,0x65, 0x74, 0x74, 0x69, 0x00, 0x02,
    0x65, 0x74, 0x75, 0x70, 0x00, 0x02,0x65, 0x74, 0x75, 0x72, 0x00, 0x02,
    0x65, 0x74, 0x79, 0x20, 0x00, 0x01,0x65, 0x76, 0x20, 0x70, 0x00, 0x02,
    0x65, 0x76, 0x2D, 0x70, 0x00, 0x02,0x65, 0x76, 0x2D, 0x72, 0x00, 0x01,
    0x65, 0x76, 0x2F, 0x6E, 0x00, 0x03,0x65, 0x76, 0x2F, 0x73, 0x00, 0x02,
    0x65, 0x76, 0x2F, 0x7A, 0x00, 0x01,0x65, 0x76, 0x61, 0x6C, 0x00, 0x02,
    0x65, 0x76, 0x65, 0x6C, 0x00, 0x02,0x65, 0x76, 0x65, 0x72, 0x00, 0x02,
    0x65, 0x76, 0x69, 0x65, 0x00, 0x01,0x65, 0x77, 0x20, 0x2D, 0x00, 0x01,
    0x65, 0x77, 0x20, 0x63, 0x00, 0x02,0x65, 0x77, 0x20, 0x67, 0x00, 0x01,
    0x65, 0x77, 0x20, 0x69, 0x00, 0x01,0x65, 0x77, 0x20, 0x6C, 0x00, 0x01,
    0x65, 0x77, 0x20, 0x70, 0x00, 0x01,0x65, 0x77, 0x20, 0x73, 0x00, 0x03,
    0x65, 0x77, 0x20, 0x75, 0x00, 0x02,0x65, 0x77, 0x20, 0x77, 0x00, 0x01,
    0x65, 0x77, 0x2D, 0x77, 0x00, 0x01,0x65, 0x77, 0x2F, 0x67, 0x00, 0x01,
    0x65, 0x77, 0x2F, 0x70, 0x00, 0x01,0x65, 0x77, 0x74, 0x6F, 0x00, 0x01,
    0x65, 0x78, 0x20, 0x68, 0x00, 0x01,0x65, 0x78, 0x65, 0x02, 0x00, 0x02,
    0x65, 0x78, 0x65, 0x20, 0x00, 0x01,0x65, 0x78, 0x65, 0x63, 0x00, 0x04,
    0x65, 0x78, 0x69, 0x73, 0x00, 0x01,0x65, 0x78, 0x69, 0x74, 0x00, 0x02,
    0x65, 0x78, 0x70, 0x6C, 0x00, 0x01,0x65, 0x78, 0x70, 0x6F, 0x00, 0x06,
    0x65, 0x78, 0x74, 0x02, 0x00, 0x02,0x65, 0x78, 0x74, 0x22, 0x00, 0x02,
    0x65, 0x78, 0x74, 0x2D, 0x00, 0x01,0x65, 0x78, 0x74, 0x34, 0x00, 0x01,
    0x65, 0x78, 0x74, 0x65, 0x00, 0x04,0x65, 0x78, 0x74, 0x72, 0x00, 0x01,
    0x65, 0x79, 0x20, 0x76, 0x00, 0x03,0x65, 0x79, 0x2E, 0x70, 0x00, 0x01,
    0x65, 0x79, 0x3D, 0x76, 0x00, 0x01,0x65, 0x7A, 0x65, 0x02, 0x00, 0x01,
    0x65, 0x7A, 0x65, 0x20, 0x00, 0x01,0x66, 0x20, 0x22, 0x25, 0x00, 0x02,
    0x66, 0x20, 0x2D, 0x2D, 0x00, 0x01,0x66, 0x20, 0x2D, 0x68, 0x00, 0x03,
    0x66, 0x20, 0x2D, 0x69, 0x00, 0x01,0x66, 0x20, 0x2D, 0x6E, 0x00, 0x01,
    0x66, 0x20, 0x2D, 0x6F, 0x00, 0x01,0x66, 0x20, 0x2D, 0x70, 0x00, 0x01,
    0x66, 0x20, 0x2D, 0x72, 0x00, 0x01,0x66, 0x20, 0x2D, 0x73, 0x00, 0x01,
    0x66, 0x20, 0x2D, 0x75, 0x00, 0x01,0x66, 0x20, 0x2F, 0x69, 0x00, 0x01,
    0x66, 0x20, 0x5B, 0x20, 0x00, 0x05,0x66, 0x20, 0x61, 0x72, 0x00, 0x07,
    0x66, 0x20, 0x62, 0x69, 0x00, 0x01,0x66, 0x20, 0x63, 0x68, 0x00, 0x01,
    0x66, 0x20, 0x63, 0x6D, 0x00, 0x01,0x66, 0x20, 0x64, 0x69, 0x00, 0x01,
    0x66, 0x20, 0x66, 0x69, 0x00, 0x08,0x66, 0x20, 0x68, 0x65, 0x00, 0x05,
    0x66, 0x20, 0x69, 0x6E, 0x00, 0x02,0x66, 0x20, 0x6D, 0x61, 0x00, 0x01,
    0x66, 0x20, 0x72, 0x65, 0x00, 0x02,0x66, 0x20, 0x73, 0x63, 0x00, 0x01,
    0x66, 0x20, 0x73, 0x74, 0x00, 0x01,0x66, 0x20, 0x74, 0x6F, 0x00, 0x01,
    0x66, 0x20, 0x74, 0x72, 0x00, 0x01,0x66, 0x20, 0x75, 0x70, 0x00, 0x01,
    0x66, 0x20, 0x7B, 0x20, 0x00, 0x01,0x66, 0x28, 0x29, 0x20, 0x00, 0x01,
    0x66, 0x2D, 0x38, 0x02, 0x00, 0x01,0x66, 0x2D, 0x66, 0x69, 0x00, 0x01,
    0x66, 0x2D, 0x69, 0x6E, 0x00, 0x01,0x66, 0x2D, 0x74, 0x72, 0x00, 0x01,
    0x66, 0x31, 0x20, 0x66, 0x00, 0x01,0x66, 0x3D, 0x2F, 0x64, 0x00, 0x02,
    0x66, 0x3D, 0x64, 0x6F, 0x00, 0x01,0x66, 0x3D, 0x66, 0x69, 0x00, 0x02,
    0x66, 0x3D, 0x75, 0x6E, 0x00, 0x01,0x66, 0x61, 0x69, 0x6C, 0x00, 0x02,
    0x66, 0x61, 0x6C, 0x73, 0x00, 0x01,0x66, 0x61, 0x75, 0x6C, 0x00, 0x01,
    0x66, 0x64, 0x69, 0x73, 0x00, 0x01,0x66, 0x65, 0x3A, 0x6F, 0x00, 0x01,
    0x66, 0x65, 0x72, 0x65, 0x00, 0x02,0x66, 0x65, 0x74, 0x63, 0x00, 0x04,
    0x66, 0x65, 0x74, 0x79, 0x00, 0x01,0x66, 0x66, 0x20, 0x2D, 0x00, 0x03,
    0x66, 0x66, 0x20, 0x63, 0x00, 0x01,0x66, 0x66, 0x20, 0x66, 0x00, 0x03,
    0x66, 0x66, 0x20, 0x68, 0x00, 0x02,0x66, 0x66, 0x2D, 0x66, 0x00, 0x01,
    0x66, 0x66, 0x2D, 0x69, 0x00, 0x01,0x66, 0x66, 0x2D, 0x74, 0x00, 0x01,
    0x66, 0x66, 0x3D, 0x64, 0x00, 0x01,0x66, 0x66, 0x3D, 0x75, 0x00, 0x01,
    0x66, 0x69, 0x65, 0x64, 0x00, 0x01,0x66, 0x69, 0x67, 0x02, 0x00, 0x01,
    0x66, 0x69, 0x67, 0x20, 0x00, 0x15,0x66, 0x69, 0x67, 0x2E, 0x00, 0x01,
    0x66, 0x69, 0x67, 0x75, 0x00, 0x02,0x66, 0x69, 0x6C, 0x65, 0x00, 0x87,
    0x66, 0x69, 0x6C, 0x74, 0x00, 0x03,0x66, 0x69, 0x6E, 0x64, 0x00, 0x05,
    0x66, 0x69, 0x78, 0x02, 0x00, 0x01,0x66, 0x69, 0x78, 0x20, 0x00, 0x01,
    0x66, 0x6C, 0x61, 0x67, 0x00, 0x01,0x66, 0x6C, 0x61, 0x6B, 0x00, 0x01,
    0x66, 0x6C, 0x61, 0x73, 0x00, 0x01,0x66, 0x6C, 0x6F, 0x63, 0x00, 0x01,
    0x66, 0x6C, 0x6F, 0x67, 0x00, 0x02,0x66, 0x6C, 0x6F, 0x77, 0x00, 0x01,
    0x66, 0x6D, 0x74, 0x02, 0x00, 0x01,0x66, 0x6D, 0x74, 0x20, 0x00, 0x02,
    0x66, 0x6F, 0x20, 0x2D, 0x00, 0x01,0x66, 0x6F, 0x20, 0x6D, 0x00, 0x01,
    0x66, 0x6F, 0x6F, 0x02, 0x00, 0x01,0x66, 0x6F, 0x72, 0x20, 0x00, 0x02,
    0x66, 0x6F, 0x72, 0x2D, 0x00, 0x01,0x66, 0x6F, 0x72, 0x63, 0x00, 0x02,
    0x66, 0x6F, 0x72, 0x65, 0x00, 0x01,0x66, 0x6F, 0x72, 0x6D, 0x00, 0x0C,
    0x66, 0x6F, 0x72, 0x77, 0x00, 0x02,0x66, 0x72, 0x65, 0x65, 0x00, 0x04,
    0x66, 0x73, 0x27, 0x29, 0x00, 0x01,0x66, 0x73, 0x2E, 0x65, 0x00, 0x01,
    0x66, 0x73, 0x2E, 0x72, 0x00, 0x01,0x66, 0x73, 0x3D, 0x72, 0x00, 0x01,
    0x66, 0x73, 0x63, 0x6B, 0x00, 0x03,0x66, 0x74, 0x2E, 0x6A, 0x00, 0x01,
    0x66, 0x75, 0x6C, 0x6C, 0x00, 0x03,0x66, 0x75, 0x6E, 0x63, 0x00, 0x03,
    0x66, 0x75, 0x73, 0x65, 0x00, 0x02,0x67, 0x20, 0x22, 0x6C, 0x00, 0x01,
    0x67, 0x20, 0x22, 0x6E, 0x00, 0x02,0x67, 0x20, 0x22, 0x75, 0x00, 0x01,
    0x67, 0x20, 0x22, 0x76, 0x00, 0x01,0x67, 0x20, 0x2D, 0x2D, 0x00, 0x13,
    0x67, 0x20, 0x2D, 0x61, 0x00, 0x01,0x67, 0x20, 0x2D, 0x63, 0x00, 0x01,
    0x67, 0x20, 0x2D, 0x6E, 0x00, 0x01,0x67, 0x20, 0x2D, 0x6F, 0x00, 0x02,
    0x67, 0x20, 0x2D, 0x70, 0x00, 0x01,0x67, 0x20, 0x2D, 0x77, 0x00, 0x01,
    0x67, 0x20, 0x2F, 0x61, 0x00, 0x01,0x67, 0x20, 0x32, 0x3E, 0x00, 0x01,
    0x67, 0x20, 0x64, 0x65, 0x00, 0x01,0x67, 0x20, 0x67, 0x65, 0x00, 0x01,
    0x67, 0x20, 0x67, 0x6F, 0x00, 0x01,0x67, 0x20, 0x6C, 0x69, 0x00, 0x01,
    0x67, 0x20, 0x70, 0x61, 0x00, 0x01,0x67, 0x20, 0x72, 0x65, 0x00, 0x01,
    0x67, 0x20, 0x73, 0x65, 0x00, 0x03,0x67, 0x20, 0x73, 0x68, 0x00, 0x01,
    0x67, 0x22, 0x20, 0x66, 0x00, 0x01,0x67, 0x28, 0x27, 0x64, 0x00, 0x01,
    0x67, 0x28, 0x27, 0x68, 0x00, 0x01,0x67, 0x28, 0x70, 0x72, 0x00, 0x08,
    0x67, 0x28, 0x72, 0x65, 0x00, 0x01,0x67, 0x2B, 0x2B, 0x20, 0x00, 0x04,
    0x67, 0x2E, 0x6A, 0x73, 0x00, 0x01,0x67, 0x2F, 0x70, 0x61, 0x00, 0x01,
    0x67, 0x2F, 0x73, 0x79, 0x00, 0x01,0x67, 0x3D, 0x27, 0x67, 0x00, 0x01,
    0x67, 0x3D, 0x65, 0x6E, 0x00, 0x01,0x67, 0x63, 0x20, 0x2D, 0x00, 0x02,
    0x67, 0x63, 0x63, 0x20, 0x00, 0x06,0x67, 0x63, 0x6C, 0x6F, 0x00, 0x04,
    0x67, 0x63, 0x6F, 0x76, 0x00, 0x01,0x67, 0x64, 0x62, 0x20, 0x00, 0x03,
    0x67, 0x65, 0x20, 0x2D, 0x00, 0x02,0x67, 0x65, 0x20, 0x2E, 0x00, 0x01,
    0x67, 0x65, 0x20, 0x62, 0x00, 0x01,0x67, 0x65, 0x20, 0x68, 0x00, 0x01,
    0x67, 0x65, 0x20, 0x6E, 0x00, 0x01,0x67, 0x65, 0x20, 0x72, 0x00, 0x02,
    0x67, 0x65, 0x22, 0x02, 0x00, 0x02,0x67, 0x65, 0x28, 0x29, 0x00, 0x01,
    0x67, 0x65, 0x28, 0x31, 0x00, 0x01,0x67, 0x65, 0x2E, 0x69, 0x00, 0x02,
    0x67, 0x65, 0x2E, 0x70, 0x00, 0x05,0x67, 0x65, 0x3D, 0x3D, 0x00, 0x01,
    0x67, 0x65, 0x3D, 0x69, 0x00, 0x01,0x67, 0x65, 0x64, 0x02, 0x00, 0x01,
    0x67, 0x65, 0x6D, 0x20, 0x00, 0x02,0x67, 0x65, 0x6E, 0x20, 0x00, 0x01,
    0x67, 0x65, 0x6E, 0x65, 0x00, 0x01,0x67, 0x65, 0x6E, 0x68, 0x00, 0x01,
    0x67, 0x65, 0x72, 0x20, 0x00, 0x01,0x67, 0x65, 0x73, 0x02, 0x00, 0x01,
    0x67, 0x65, 0x74, 0x02, 0x00, 0x03,0x67, 0x65, 0x74, 0x20, 0x00, 0x11,
    0x67, 0x65, 0x74, 0x2D, 0x00, 0x03,0x67, 0x65, 0x74, 0x6F, 0x00, 0x01,
    0x67, 0x65, 0x74, 0x73, 0x00, 0x01,0x67, 0x67, 0x65, 0x72, 0x00, 0x01,
    0x67, 0x67, 0x69, 0x6E, 0x00, 0x01,0x67, 0x67, 0x72, 0x65, 0x00, 0x01,
    0x67, 0x68, 0x74, 0x20, 0x00, 0x01,0x67, 0x69, 0x6E, 0x02, 0x00, 0x06,
    0x67, 0x69, 0x6E, 0x20, 0x00, 0x05,0x67, 0x69, 0x6E, 0x67, 0x00, 0x01,
    0x67, 0x69, 0x74, 0x02, 0x00, 0x03,0x67, 0x69, 0x74, 0x20, 0x00, 0x92,
    0x67, 0x69, 0x74, 0x27, 0x00, 0x01,0x67, 0x69, 0x74, 0x69, 0x00, 0x01,
    0x67, 0x6B, 0x65, 0x79, 0x00, 0x01,0x67, 0x6C, 0x65, 0x2E, 0x00, 0x05,
    0x67, 0x6C, 0x6F, 0x62, 0x00, 0x0F,0x67, 0x6D, 0x6F, 0x6E, 0x00, 0x01,
    0x67, 0x6E, 0x20, 0x74, 0x00, 0x01,0x67, 0x6E, 0x61, 0x6C, 0x00, 0x01,
    0x67, 0x6E, 0x69, 0x6E, 0x00, 0x01,0x67, 0x6E, 0x6F, 0x72, 0x00, 0x02,
    0x67, 0x6F, 0x20, 0x61, 0x00, 0x01,0x67, 0x6F, 0x20, 0x62, 0x00, 0x06,
    0x67, 0x6F, 0x20, 0x63, 0x00, 0x02,0x67, 0x6F, 0x20, 0x64, 0x00, 0x01,
    0x67, 0x6F, 0x20, 0x66, 0x00, 0x01,0x67, 0x6F, 0x20, 0x67, 0x00, 0x01,
    0x67, 0x6F, 0x20, 0x69, 0x00, 0x03,0x67, 0x6F, 0x20, 0x6D, 0x00, 0x02,
    0x67, 0x6F, 0x20, 0x6E, 0x00, 0x01,0x67, 0x6F, 0x20, 0x70, 0x00, 0x01,
    0x67, 0x6F, 0x20, 0x72, 0x00, 0x03,0x67, 0x6F, 0x20, 0x74, 0x00, 0x02,
    0x67, 0x6F, 0x20, 0x75, 0x00, 0x01,0x67, 0x6F, 0x20, 0x76, 0x00, 0x01,
    0x67, 0x6F, 0x22, 0x02, 0x00, 0x01,0x67, 0x6F, 0x2D, 0x61, 0x00, 0x02,
    0x67, 0x6F, 0x6F, 0x67, 0x00, 0x05,0x67, 0x6F, 0x74, 0x6F, 0x00, 0x01,
    0x67, 0x70, 0x67, 0x73, 0x00, 0x01,0x67, 0x70, 0x72, 0x6F, 0x00, 0x01,
    0x67, 0x72, 0x61, 0x64, 0x00, 0x0B,0x67, 0x72, 0x61, 0x6E, 0x00, 0x04,
    0x67, 0x72, 0x61, 0x70, 0x00, 0x02,0x67, 0x72, 0x61, 0x74, 0x00, 0x04,
    0x67, 0x72, 0x61, 0x76, 0x00, 0x01,0x67, 0x72, 0x65, 0x70, 0x00, 0x0D,
    0x67, 0x72, 0x65, 0x73, 0x00, 0x01,0x67, 0x72, 0x69, 0x6E, 0x00, 0x05,
    0x67, 0x72, 0x6F, 0x74, 0x00, 0x01,0x67, 0x72, 0x6F, 0x75, 0x00, 0x03,
    0x67, 0x73, 0x20, 0x22, 0x00, 0x01,0x67, 0x73, 0x20, 0x2D, 0x00, 0x03,
    0x67, 0x73, 0x20, 0x62, 0x00, 0x01,0x67, 0x73, 0x20, 0x63, 0x00, 0x03,
    0x67, 0x73, 0x20, 0x70, 0x00, 0x02,0x67, 0x73, 0x65, 0x72, 0x00, 0x01,
    0x67, 0x73, 0x69, 0x67, 0x00, 0x01,0x67, 0x75, 0x6E, 0x7A, 0x00, 0x01,
    0x67, 0x75, 0x72, 0x61, 0x00, 0x01,0x67, 0x75, 0x72, 0x65, 0x00, 0x01,
    0x67, 0x76, 0x29, 0x22, 0x00, 0x01,0x67, 0x7A, 0x20, 0x64, 0x00, 0x01,
    0x67, 0x7A, 0x69, 0x70, 0x00, 0x02,0x68, 0x20, 0x22, 0x68, 0x00, 0x01,
    0x68, 0x20, 0x2D, 0x2D, 0x00, 0x02,0x68, 0x20, 0x2D, 0x63, 0x00, 0x02,
    0x68, 0x20, 0x2D, 0x64, 0x00, 0x02,0x68, 0x20, 0x2D, 0x69, 0x00, 0x01,
    0x68, 0x20, 0x2D, 0x6E, 0x00, 0x01,0x68, 0x20, 0x2D, 0x70, 0x00, 0x01,
    0x68, 0x20, 0x2D, 0x74, 0x00, 0x01,0x68, 0x20, 0x2E, 0x02, 0x00, 0x01,
    0x68, 0x20, 0x62, 0x69, 0x00, 0x01,0x68, 0x20, 0x62, 0x72, 0x00, 0x02,
    0x68, 0x20, 0x63, 0x6D, 0x00, 0x01,0x68, 0x20, 0x64, 0x69, 0x00, 0x01,
    0x68, 0x20, 0x64, 0x72, 0x00, 0x01,0x68, 0x20, 0x66, 0x69, 0x00, 0x02,
    0x68, 0x20, 0x6B, 0x65, 0x00, 0x01,0x68, 0x20, 0x6C, 0x69, 0x00, 0x01,
    0x68, 0x20, 0x6C, 0x6F, 0x00, 0x01,0x68, 0x20, 0x6C, 0x73, 0x00, 0x01,
    0x68, 0x20, 0x6D, 0x61, 0x00, 0x01,0x68, 0x20, 0x6F, 0x72, 0x00, 0x03,
    0x68, 0x20, 0x70, 0x61, 0x00, 0x04,0x68, 0x20, 0x70, 0x6F, 0x00, 0x01,
    0x68, 0x20, 0x72, 0x65, 0x00, 0x01,0x68, 0x20, 0x72, 0x75, 0x00, 0x01,
    0x68, 0x20, 0x74, 0x65, 0x00, 0x02,0x68, 0x20, 0x75, 0x73, 0x00, 0x01,
    0x68, 0x27, 0x29, 0x3B, 0x00, 0x01,0x68, 0x29, 0x22, 0x02, 0x00, 0x02,
    0x68, 0x2D, 0x6F, 0x62, 0x00, 0x01,0x68, 0x2D, 0x72, 0x65, 0x00, 0x01,
    0x68, 0x2E, 0x64, 0x69, 0x00, 0x01,0x68, 0x2E, 0x6A, 0x6F, 0x00, 0x01,
    0x68, 0x2E, 0x70, 0x72, 0x00, 0x01,0x68, 0x2F, 0x74, 0x6F, 0x00, 0x02,
    0x68, 0x3A, 0x2F, 0x6E, 0x00, 0x01,0x68, 0x3A, 0x74, 0x61, 0x00, 0x03,
    0x68, 0x3A, 0x74, 0x65, 0x00, 0x01,0x68, 0x3D, 0x24, 0x70, 0x00, 0x01,
    0x68, 0x3D, 0x30, 0x02, 0x00, 0x02,0x68, 0x3D, 0x31, 0x02, 0x00, 0x01,
    0x68, 0x3D, 0x63, 0x3A, 0x00, 0x01,0x68, 0x3D, 0x72, 0x65, 0x00, 0x01,
    0x68, 0x61, 0x6C, 0x74, 0x00, 0x01,0x68, 0x61, 0x6E, 0x67, 0x00, 0x01,
    0x68, 0x61, 0x72, 0x64, 0x00, 0x01,0x68, 0x61, 0x72, 0x74, 0x00, 0x02,
    0x68, 0x61, 0x73, 0x68, 0x00, 0x03,0x68, 0x61, 0x74, 0x63, 0x00, 0x01,
    0x68, 0x63, 0x6C, 0x02, 0x00, 0x02,0x68, 0x65, 0x20, 0x63, 0x00, 0x02,
    0x68, 0x65, 0x20, 0x6C, 0x00, 0x02,0x68, 0x65, 0x20, 0x73, 0x00, 0x01,
    0x68, 0x65, 0x61, 0x64, 0x00, 0x10,0x68, 0x65, 0x63, 0x6B, 0x00, 0x09,
    0x68, 0x65, 0x64, 0x02, 0x00, 0x01,0x68, 0x65, 0x67, 0x72, 0x00, 0x01,
    0x68, 0x65, 0x6C, 0x67, 0x00, 0x01,0x68, 0x65, 0x6C, 0x6C, 0x00, 0x0D,
    0x68, 0x65, 0x6C, 0x6D, 0x00, 0x06,0x68, 0x65, 0x6C, 0x70, 0x00, 0x06,
    0x68, 0x65, 0x6E, 0x20, 0x00, 0x05,0x68, 0x65, 0x72, 0x65, 0x00, 0x06,
    0x68, 0x65, 0x72, 0x72, 0x00, 0x03,0x68, 0x69, 0x27, 0x29, 0x00, 0x01,
    0x68, 0x69, 0x27, 0x3B, 0x00, 0x01,0x68, 0x69, 0x3B, 0x20, 0x00, 0x02,
    0x68, 0x69, 0x63, 0x68, 0x00, 0x01,0x68, 0x69, 0x66, 0x74, 0x00, 0x01,
    0x68, 0x69, 0x67, 0x68, 0x00, 0x01,0x68, 0x69, 0x6C, 0x64, 0x00, 0x01,
    0x68, 0x69, 0x6C, 0x65, 0x00, 0x01,0x68, 0x69, 0x6E, 0x78, 0x00, 0x02,
    0x68, 0x69, 0x73, 0x02, 0x00, 0x01,0x68, 0x69, 0x73, 0x22, 0x00, 0x01,
    0x68, 0x69, 0x76, 0x65, 0x00, 0x09,0x68, 0x6C, 0x69, 0x62, 0x00, 0x01,
    0x68, 0x6D, 0x6F, 0x64, 0x00, 0x03,0x68, 0x6F, 0x20, 0x22, 0x00, 0x04,
    0x68, 0x6F, 0x20, 0x24, 0x00, 0x0F,0x68, 0x6F, 0x20, 0x25, 0x00, 0x04,
    0x68, 0x6F, 0x20, 0x27, 0x00, 0x02,0x68, 0x6F, 0x20, 0x64, 0x00, 0x02,
    0x68, 0x6F, 0x20, 0x65, 0x00, 0x03,0x68, 0x6F, 0x20, 0x68, 0x00, 0x05,
    0x68, 0x6F, 0x20, 0x6E, 0x00, 0x01,0x68, 0x6F, 0x61, 0x6D, 0x00, 0x01,
    0x68, 0x6F, 0x6D, 0x65, 0x00, 0x02,0x68, 0x6F, 0x6E, 0x02, 0x00, 0x01,
    0x68, 0x6F, 0x6E, 0x20, 0x00, 0x4E,0x68, 0x6F, 0x6E, 0x33, 0x00, 0x01,
    0x68, 0x6F, 0x6E, 0x3D, 0x00, 0x01,0x68, 0x6F, 0x72, 0x74, 0x00, 0x01,
    0x68, 0x6F, 0x73, 0x74, 0x00, 0x0B,0x68, 0x6F, 0x75, 0x72, 0x00, 0x01,
    0x68, 0x6F, 0x77, 0x02, 0x00, 0x03,0x68, 0x6F, 0x77, 0x20, 0x00, 0x03,
    0x68, 0x6F, 0x77, 0x2D, 0x00, 0x01,0x68, 0x6F, 0x77, 0x6E, 0x00, 0x02,
    0x68, 0x70, 0x20, 0x2D, 0x00, 0x05,0x68, 0x70, 0x20, 0x73, 0x00, 0x01,
    0x68, 0x72, 0x69, 0x6E, 0x00, 0x01,0x68, 0x73, 0x63, 0x20, 0x00, 0x01,
    0x68, 0x74, 0x20, 0x74, 0x00, 0x01,0x68, 0x74, 0x6D, 0x6C, 0x00, 0x04,
    0x68, 0x74, 0x6F, 0x70, 0x00, 0x01,0x68, 0x74, 0x74, 0x70, 0x00, 0x04,
    0x68, 0x75, 0x70, 0x20, 0x00, 0x01,0x69, 0x20, 0x2B, 0x2F, 0x00, 0x01,
    0x69, 0x20, 0x3A, 0x38, 0x00, 0x01,0x69, 0x20, 0x61, 0x75, 0x00, 0x01,
    0x69, 0x20, 0x63, 0x6F, 0x00, 0x01,0x69, 0x20, 0x64, 0x65, 0x00, 0x01,
    0x69, 0x20, 0x66, 0x69, 0x00, 0x02,0x69, 0x20, 0x68, 0x65, 0x00, 0x01,
    0x69, 0x20, 0x69, 0x6D, 0x00, 0x01,0x69, 0x20, 0x69, 0x6E, 0x00, 0x03,
    0x69, 0x20, 0x6B, 0x65, 0x00, 0x01,0x69, 0x20, 0x70, 0x61, 0x00, 0x01,
    0x69, 0x20, 0x70, 0x72, 0x00, 0x01,0x69, 0x20, 0x73, 0x63, 0x00, 0x01,
    0x69, 0x20, 0x73, 0x6F, 0x00, 0x02,0x69, 0x20, 0x73, 0x74, 0x00, 0x01,
    0x69, 0x20, 0x75, 0x70, 0x00, 0x01,0x69, 0x20, 0x75, 0x72, 0x00, 0x01,
    0x69, 0x20, 0x7B, 0x7D, 0x00, 0x01,0x69, 0x27, 0x29, 0x22, 0x00, 0x01,
    0x69, 0x27, 0x3B, 0x22, 0x00, 0x01,0x69, 0x3B, 0x20, 0x64, 0x00, 0x02,
    0x69, 0x3B, 0x20, 0x7D, 0x00, 0x02,0x69, 0x61, 0x6C, 0x73, 0x00, 0x01,
    0x69, 0x61, 0x73, 0x20, 0x00, 0x04,0x69, 0x61, 0x73, 0x2E, 0x00, 0x01,
    0x69, 0x62, 0x20, 0x6C, 0x00, 0x01,0x69, 0x62, 0x20, 0x73, 0x00, 0x01,
    0x69, 0x62, 0x22, 0x02, 0x00, 0x02,0x69, 0x62, 0x2E, 0x61, 0x00, 0x03,
    0x69, 0x62, 0x65, 0x02, 0x00, 0x01,0x69, 0x62, 0x65, 0x20, 0x00, 0x02,
    0x69, 0x62, 0x65, 0x2D, 0x00, 0x01,0x69, 0x62, 0x6C, 0x65, 0x00, 0x03,
    0x69, 0x63, 0x2D, 0x72, 0x00, 0x01,0x69, 0x63, 0x61, 0x73, 0x00, 0x01,
    0x69, 0x63, 0x65, 0x02, 0x00, 0x09,0x69, 0x63, 0x65, 0x20, 0x00, 0x03,
    0x69, 0x63, 0x65, 0x73, 0x00, 0x02,0x69, 0x63, 0x68, 0x20, 0x00, 0x01,
    0x69, 0x63, 0x6B, 0x20, 0x00, 0x02,0x69, 0x63, 0x6B, 0x73, 0x00, 0x01,
    0x69, 0x63, 0x79, 0x20, 0x00, 0x01,0x69, 0x64, 0x22, 0x02, 0x00, 0x01,
    0x69, 0x64, 0x2C, 0x63, 0x00, 0x01,0x69, 0x64, 0x61, 0x74, 0x00, 0x01,
    0x69, 0x64, 0x79, 0x02, 0x00, 0x01,0x69, 0x65, 0x64, 0x6E, 0x00, 0x01,
    0x69, 0x65, 0x72, 0x20, 0x00, 0x01,0x69, 0x65, 0x77, 0x02, 0x00, 0x01,
    0x69, 0x66, 0x20, 0x5B, 0x00, 0x05,0x69, 0x66, 0x3D, 0x2F, 0x00, 0x01,
    0x69, 0x66, 0x3D, 0x66, 0x00, 0x01,0x69, 0x66, 0x66, 0x02, 0x00, 0x02,
    0x69, 0x66, 0x66, 0x20, 0x00, 0x08,0x69, 0x66, 0x66, 0x2D, 0x00, 0x03,
    0x69, 0x66, 0x69, 0x65, 0x00, 0x01,0x69, 0x66, 0x74, 0x02, 0x00, 0x01,
    0x69, 0x66, 0x79, 0x02, 0x00, 0x01,0x69, 0x67, 0x20, 0x2D, 0x00, 0x0D,
    0x69, 0x67, 0x20, 0x2F, 0x00, 0x01,0x69, 0x67, 0x20, 0x64, 0x00, 0x01,
    0x69, 0x67, 0x20, 0x67, 0x00, 0x01,0x69, 0x67, 0x20, 0x6C, 0x00, 0x01,
    0x69, 0x67, 0x20, 0x72, 0x00, 0x01,0x69, 0x67, 0x20, 0x73, 0x00, 0x03,
    0x69, 0x67, 0x2E, 0x6A, 0x00, 0x01,0x69, 0x67, 0x67, 0x65, 0x00, 0x01,
    0x69, 0x67, 0x68, 0x02, 0x00, 0x01,0x69, 0x67, 0x68, 0x74, 0x00, 0x01,
    0x69, 0x67, 0x69, 0x6E, 0x00, 0x08,0x69, 0x67, 0x6E, 0x20, 0x00, 0x01,
    0x69, 0x67, 0x6E, 0x61, 0x00, 0x01,0x69, 0x67, 0x6E, 0x69, 0x00, 0x01,
    0x69, 0x67, 0x6E, 0x6F, 0x00, 0x02,0x69, 0x67, 0x72, 0x61, 0x00, 0x05,
    0x69, 0x67, 0x75, 0x72, 0x00, 0x02,0x69, 0x6C, 0x20, 0x2D, 0x00, 0x02,
    0x69, 0x6C, 0x20, 0x66, 0x00, 0x01,0x69, 0x6C, 0x64, 0x02, 0x00, 0x14,
    0x69, 0x6C, 0x64, 0x20, 0x00, 0x1C,0x69, 0x6C, 0x64, 0x5F, 0x00, 0x02,
    0x69, 0x6C, 0x64, 0x69, 0x00, 0x01,0x69, 0x6C, 0x65, 0x02, 0x00, 0x19,
    0x69, 0x6C, 0x65, 0x20, 0x00, 0x0E,0x69, 0x6C, 0x65, 0x25, 0x00, 0x01,
    0x69, 0x6C, 0x65, 0x27, 0x00, 0x01,0x69, 0x6C, 0x65, 0x2E, 0x00, 0x4B,
    0x69, 0x6C, 0x65, 0x31, 0x00, 0x08,0x69, 0x6C, 0x65, 0x32, 0x00, 0x08,
    0x69, 0x6C, 0x65, 0x3A, 0x00, 0x01,0x69, 0x6C, 0x65, 0x73, 0x00, 0x06,
    0x69, 0x6C, 0x6C, 0x20, 0x00, 0x04,0x69, 0x6C, 0x6C, 0x61, 0x00, 0x01,
    0x69, 0x6C, 0x73, 0x20, 0x00, 0x04,0x69, 0x6C, 0x74, 0x65, 0x00, 0x03,
    0x69, 0x6C, 0x74, 0x69, 0x00, 0x01,0x69, 0x6C, 0x75, 0x72, 0x00, 0x01,
    0x69, 0x6D, 0x20, 0x22, 0x00, 0x02,0x69, 0x6D, 0x20, 0x2D, 0x00, 0x0A,
    0x69, 0x6D, 0x20, 0x66, 0x00, 0x01,0x69, 0x6D, 0x20, 0x6E, 0x00, 0x01,
    0x69, 0x6D, 0x61, 0x67, 0x00, 0x09,0x69, 0x6D, 0x61, 0x70, 0x00, 0x01,
    0x69, 0x6D, 0x65, 0x02, 0x00, 0x01,0x69, 0x6D, 0x65, 0x20, 0x00, 0x01,
    0x69, 0x6D, 0x65, 0x22, 0x00, 0x02,0x69, 0x6D, 0x65, 0x28, 0x00, 0x01,
    0x69, 0x6D, 0x65, 0x64, 0x00, 0x01,0x69, 0x6D, 0x65, 0x69, 0x00, 0x01,
    0x69, 0x6D, 0x65, 0x6F, 0x00, 0x02,0x69, 0x6D, 0x65, 0x73, 0x00, 0x01,
    0x69, 0x6D, 0x69, 0x74, 0x00, 0x03,0x69, 0x6D, 0x70, 0x6C, 0x00, 0x01,
    0x69, 0x6D, 0x70, 0x6F, 0x00, 0x1B,0x69, 0x6E, 0x20, 0x24, 0x00, 0x01,
    0x69, 0x6E, 0x20, 0x2A, 0x00, 0x01,0x69, 0x6E, 0x20, 0x6D, 0x00, 0x03,
    0x69, 0x6E, 0x20, 0x70, 0x00, 0x01,0x69, 0x6E, 0x20, 0x73, 0x00, 0x02,
    0x69, 0x6E, 0x20, 0x75, 0x00, 0x02,0x69, 0x6E, 0x28, 0x27, 0x00, 0x01,
    0x69, 0x6E, 0x2E, 0x67, 0x00, 0x01,0x69, 0x6E, 0x2F, 0x62, 0x00, 0x01,
    0x69, 0x6E, 0x61, 0x72, 0x00, 0x0E,0x69, 0x6E, 0x63, 0x20, 0x00, 0x01,
    0x69, 0x6E, 0x63, 0x65, 0x00, 0x01,0x69, 0x6E, 0x63, 0x6C, 0x00, 0x01,
    0x69, 0x6E, 0x64, 0x02, 0x00, 0x03,0x69, 0x6E, 0x64, 0x20, 0x00, 0x07,
    0x69, 0x6E, 0x64, 0x65, 0x00, 0x01,0x69, 0x6E, 0x64, 0x6F, 0x00, 0x01,
    0x69, 0x6E, 0x64, 0x73, 0x00, 0x01,0x69, 0x6E, 0x65, 0x02, 0x00, 0x01,
    0x69, 0x6E, 0x65, 0x20, 0x00, 0x02,0x69, 0x6E, 0x65, 0x3A, 0x00, 0x01,
    0x69, 0x6E, 0x65, 0x3B, 0x00, 0x02,0x69, 0x6E, 0x65, 0x72, 0x00, 0x05,
    0x69, 0x6E, 0x66, 0x6F, 0x00, 0x06,0x69, 0x6E, 0x67, 0x02, 0x00, 0x01,
    0x69, 0x6E, 0x67, 0x20, 0x00, 0x03,0x69, 0x6E, 0x67, 0x6B, 0x00, 0x01,
    0x69, 0x6E, 0x67, 0x73, 0x00, 0x03,0x69, 0x6E, 0x69, 0x74, 0x00, 0x0D,
    0x69, 0x6E, 0x6A, 0x61, 0x00, 0x05,0x69, 0x6E, 0x6B, 0x02, 0x00, 0x01,
    0x69, 0x6E, 0x6B, 0x20, 0x00, 0x03,0x69, 0x6E, 0x6B, 0x77, 0x00, 0x01,
    0x69, 0x6E, 0x6F, 0x72, 0x00, 0x01,0x69, 0x6E, 0x70, 0x75, 0x00, 0x01,
    0x69, 0x6E, 0x73, 0x6D, 0x00, 0x01,0x69, 0x6E, 0x73, 0x74, 0x00, 0x2D,
    0x69, 0x6E, 0x74, 0x20, 0x00, 0x06,0x69, 0x6E, 0x74, 0x28, 0x00, 0x02,
    0x69, 0x6E, 0x74, 0x65, 0x00, 0x04,0x69, 0x6E, 0x74, 0x66, 0x00, 0x02,
    0x69, 0x6E, 0x75, 0x65, 0x00, 0x04,0x69, 0x6E, 0x76, 0x6F, 0x00, 0x01,
    0x69, 0x6E, 0x78, 0x2D, 0x00, 0x02,0x69, 0x6F, 0x20, 0x31, 0x00, 0x01,
    0x69, 0x6F, 0x6E, 0x02, 0x00, 0x07,0x69, 0x6F, 0x6E, 0x20, 0x00, 0x08,
    0x69, 0x6F, 0x6E, 0x29, 0x00, 0x01,0x69, 0x6F, 0x6E, 0x2D, 0x00, 0x01,
    0x69, 0x6F, 0x6E, 0x2E, 0x00, 0x01,0x69, 0x6F, 0x6E, 0x3D, 0x00, 0x01,
    0x69, 0x6F, 0x6E, 0x69, 0x00, 0x01,0x69, 0x6F, 0x6E, 0x73, 0x00, 0x04,
    0x69, 0x6F, 0x73, 0x74, 0x00, 0x01,0x69, 0x70, 0x20, 0x2D, 0x00, 0x04,
    0x69, 0x70, 0x20, 0x62, 0x00, 0x01,0x69, 0x70, 0x20, 0x63, 0x00, 0x02,
    0x69, 0x70, 0x20, 0x64, 0x00, 0x01,0x69, 0x70, 0x20, 0x66, 0x00, 0x06,
    0x69, 0x70, 0x20, 0x69, 0x00, 0x08,0x69, 0x70, 0x20, 0x6C, 0x00, 0x02,
    0x69, 0x70, 0x20, 0x73, 0x00, 0x02,0x69, 0x70, 0x20, 0x75, 0x00, 0x01,
    0x69, 0x70, 0x32, 0x20, 0x00, 0x02,0x69, 0x70, 0x5F, 0x66, 0x00, 0x01,
    0x69, 0x70, 0x63, 0x6F, 0x00, 0x02,0x69, 0x70, 0x65, 0x02, 0x00, 0x01,
    0x69, 0x70, 0x65, 0x66, 0x00, 0x01,0x69, 0x70, 0x70, 0x79, 0x00, 0x01,
    0x69, 0x70, 0x74, 0x20, 0x00, 0x01,0x69, 0x70, 0x74, 0x2E, 0x00, 0x11,
    0x69, 0x70, 0x76, 0x34, 0x00, 0x01,0x69, 0x70, 0x79, 0x6E, 0x00, 0x02,
    0x69, 0x70, 0x79, 0x74, 0x00, 0x02,0x69, 0x71, 0x20, 0x2D, 0x00, 0x01,
    0x69, 0x71, 0x20, 0x66, 0x00, 0x01,0x69, 0x72, 0x20, 0x2D, 0x00, 0x01,
    0x69, 0x72, 0x20, 0x2F, 0x00, 0x03,0x69, 0x72, 0x20, 0x5D, 0x00, 0x01,
    0x69, 0x72, 0x20, 0x62, 0x00, 0x01,0x69, 0x72, 0x20, 0x64, 0x00, 0x02,
    0x69, 0x72, 0x20, 0x73, 0x00, 0x01,0x69, 0x72, 0x20, 0x75, 0x00, 0x01,
    0x69, 0x72, 0x2F, 0x73, 0x00, 0x01,0x69, 0x72, 0x31, 0x20, 0x00, 0x01,
    0x69, 0x72, 0x32, 0x02, 0x00, 0x01,0x69, 0x72, 0x3B, 0x20, 0x00, 0x01,
    0x69, 0x72, 0x65, 0x20, 0x00, 0x02,0x69, 0x72, 0x65, 0x28, 0x00, 0x03,
    0x69, 0x72, 0x65, 0x63, 0x00, 0x03,0x69, 0x72, 0x65, 0x6D, 0x00, 0x02,
    0x69, 0x72, 0x6E, 0x61, 0x00, 0x01,0x69, 0x72, 0x6F, 0x6E, 0x00, 0x01,
    0x69, 0x73, 0x22, 0x02, 0x00, 0x01,0x69, 0x73, 0x61, 0x62, 0x00, 0x02,
    0x69, 0x73, 0x63, 0x6F, 0x00, 0x01,0x69, 0x73, 0x65, 0x63, 0x00, 0x01,
    0x69, 0x73, 0x68, 0x02, 0x00, 0x03,0x69, 0x73, 0x68, 0x20, 0x00, 0x01,
    0x69, 0x73, 0x6B, 0x20, 0x00, 0x01,0x69, 0x73, 0x6F, 0x72, 0x00, 0x01,
    0x69, 0x73, 0x74, 0x02, 0x00, 0x11,0x69, 0x73, 0x74, 0x20, 0x00, 0x04,
    0x69, 0x73, 0x74, 0x28, 0x00, 0x01,0x69, 0x73, 0x74, 0x2D, 0x00, 0x04,
    0x69, 0x73, 0x74, 0x73, 0x00, 0x01,0x69, 0x73, 0x75, 0x61, 0x00, 0x01,
    0x69, 0x74, 0x20, 0x22, 0x00, 0x01,0x69, 0x74, 0x20, 0x2D, 0x00, 0x0A,
    0x69, 0x74, 0x20, 0x30, 0x00, 0x01,0x69, 0x74, 0x20, 0x31, 0x00, 0x01,
    0x69, 0x74, 0x20, 0x61, 0x00, 0x06,0x69, 0x74, 0x20, 0x62, 0x00, 0x06,
    0x69, 0x74, 0x20, 0x63, 0x00, 0x1E,0x69, 0x74, 0x20, 0x64, 0x00, 0x08,
    0x69, 0x74, 0x20, 0x66, 0x00, 0x0B,0x69, 0x74, 0x20, 0x67, 0x00, 0x05,
    0x69, 0x74, 0x20, 0x68, 0x00, 0x03,0x69, 0x74, 0x20, 0x69, 0x00, 0x03,
    0x69, 0x74, 0x20, 0x6C, 0x00, 0x08,0x69, 0x74, 0x20, 0x6D, 0x00, 0x0A,
    0x69, 0x74, 0x20, 0x6E, 0x00, 0x03,0x69, 0x74, 0x20, 0x70, 0x00, 0x0A,
    0x69, 0x74, 0x20, 0x71, 0x00, 0x01,0x69, 0x74, 0x20, 0x72, 0x00, 0x18,
    0x69, 0x74, 0x20, 0x73, 0x00, 0x13,0x69, 0x74, 0x20, 0x74, 0x00, 0x02,
    0x69, 0x74, 0x20, 0x75, 0x00, 0x01,0x69, 0x74, 0x20, 0x77, 0x00, 0x05,
    0x69, 0x74, 0x27, 0x02, 0x00, 0x01,0x69, 0x74, 0x2D, 0x6C, 0x00, 0x01,
    0x69, 0x74, 0x2D, 0x74, 0x00, 0x01,0x69, 0x74, 0x2E, 0x64, 0x00, 0x01,
    0x69, 0x74, 0x2E, 0x67, 0x00, 0x01,0x69, 0x74, 0x63, 0x68, 0x00, 0x01,
    0x69, 0x74, 0x65, 0x20, 0x00, 0x03,0x69, 0x74, 0x65, 0x2D, 0x00, 0x01,
    0x69, 0x74, 0x65, 0x33, 0x00, 0x01,0x69, 0x74, 0x65, 0x6D, 0x00, 0x01,
    0x69, 0x74, 0x65, 0x73, 0x00, 0x02,0x69, 0x74, 0x69, 0x67, 0x00, 0x01,
    0x69, 0x74, 0x6F, 0x72, 0x00, 0x02,0x69, 0x74, 0x74, 0x65, 0x00, 0x03,
    0x69, 0x74, 0x79, 0x02, 0x00, 0x01,0x69, 0x76, 0x61, 0x74, 0x00, 0x02,
    0x69, 0x76, 0x65, 0x02, 0x00, 0x03,0x69, 0x76, 0x65, 0x2E, 0x00, 0x08,
    0x69, 0x76, 0x65, 0x72, 0x00, 0x02,0x69, 0x78, 0x20, 0x2D, 0x00, 0x01,
    0x69, 0x78, 0x20, 0x63, 0x00, 0x01,0x69, 0x78, 0x20, 0x6D, 0x00, 0x02,
    0x69, 0x78, 0x20, 0x72, 0x00, 0x01,0x69, 0x78, 0x20, 0x74, 0x00, 0x01,
    0x69, 0x78, 0x22, 0x20, 0x00, 0x01,0x69, 0x7A, 0x65, 0x20, 0x00, 0x01,
    0x6A, 0x2E, 0x63, 0x73, 0x00, 0x02,0x6A, 0x61, 0x20, 0x2D, 0x00, 0x02,
    0x6A, 0x61, 0x20, 0x63, 0x00, 0x01,0x6A, 0x61, 0x22, 0x02, 0x00, 0x01,
    0x6A, 0x61, 0x6E, 0x67, 0x00, 0x03,0x6A, 0x64, 0x75, 0x6D, 0x00, 0x02,
    0x6A, 0x65, 0x63, 0x74, 0x00, 0x0D,0x6A, 0x66, 0x20, 0x61, 0x00, 0x02,
    0x6A, 0x6F, 0x62, 0x02, 0x00, 0x01,0x6A, 0x6F, 0x62, 0x20, 0x00, 0x02,
    0x6A, 0x6F, 0x62, 0x2E, 0x00, 0x01,0x6A, 0x6F, 0x62, 0x73, 0x00, 0x01,
    0x6A, 0x6F, 0x69, 0x6E, 0x00, 0x01,0x6A, 0x6F, 0x72, 0x02, 0x00, 0x01,
    0x6A, 0x6F, 0x75, 0x72, 0x00, 0x03,0x6A, 0x73, 0x20, 0x70, 0x00, 0x01,
    0x6A, 0x73, 0x6F, 0x6E, 0x00, 0x08,0x6A, 0x75, 0x70, 0x79, 0x00, 0x04,
    0x6B, 0x20, 0x22, 0x74, 0x00, 0x01,0x6B, 0x20, 0x2D, 0x2D, 0x00, 0x02,
    0x6B, 0x20, 0x2D, 0x6C, 0x00, 0x01,0x6B, 0x20, 0x2F, 0x64, 0x00, 0x01,
    0x6B, 0x20, 0x2F, 0x6F, 0x00, 0x01,0x6B, 0x20, 0x38, 0x30, 0x00, 0x01,
    0x6B, 0x20, 0x62, 0x75, 0x00, 0x02,0x6B, 0x20, 0x63, 0x6F, 0x00, 0x01,
    0x6B, 0x20, 0x66, 0x69, 0x00, 0x01,0x6B, 0x20, 0x69, 0x6E, 0x00, 0x01,
    0x6B, 0x20, 0x70, 0x61, 0x00, 0x02,0x6B, 0x20, 0x70, 0x6C, 0x00, 0x01,
    0x6B, 0x20, 0x73, 0x65, 0x00, 0x01,0x6B, 0x20, 0x73, 0x72, 0x00, 0x02,
    0x6B, 0x2D, 0x61, 0x74, 0x00, 0x01,0x6B, 0x2D, 0x63, 0x68, 0x00, 0x01,
    0x6B, 0x2D, 0x69, 0x67, 0x00, 0x01,0x6B, 0x2D, 0x72, 0x65, 0x00, 0x01,
    0x6B, 0x2E, 0x69, 0x70, 0x00, 0x02,0x6B, 0x2E, 0x79, 0x6D, 0x00, 0x01,
    0x6B, 0x3D, 0x66, 0x75, 0x00, 0x01,0x6B, 0x3D, 0x70, 0x72, 0x00, 0x01,
    0x6B, 0x61, 0x67, 0x65, 0x00, 0x30,0x6B, 0x64, 0x69, 0x72, 0x00, 0x03,
    0x6B, 0x65, 0x20, 0x2D, 0x00, 0x1A,0x6B, 0x65, 0x20, 0x2F, 0x00, 0x01,
    0x6B, 0x65, 0x20, 0x61, 0x00, 0x01,0x6B, 0x65, 0x20, 0x63, 0x00, 0x02,
    0x6B, 0x65, 0x20, 0x64, 0x00, 0x01,0x6B, 0x65, 0x20, 0x69, 0x00, 0x01,
    0x6B, 0x65, 0x20, 0x6D, 0x00, 0x01,0x6B, 0x65, 0x20, 0x74, 0x00, 0x01,
    0x6B, 0x65, 0x38, 0x20, 0x00, 0x01,0x6B, 0x65, 0x5F, 0x62, 0x00, 0x02,
    0x6B, 0x65, 0x5F, 0x64, 0x00, 0x01,0x6B, 0x65, 0x66, 0x69, 0x00, 0x03,
    0x6B, 0x65, 0x6D, 0x69, 0x00, 0x01,0x6B, 0x65, 0x72, 0x20, 0x00, 0x0E,
    0x6B, 0x65, 0x72, 0x2D, 0x00, 0x04,0x6B, 0x65, 0x74, 0x2F, 0x00, 0x02,
    0x6B, 0x65, 0x79, 0x02, 0x00, 0x04,0x6B, 0x65, 0x79, 0x20, 0x00, 0x03,
    0x6B, 0x65, 0x79, 0x2E, 0x00, 0x01,0x6B, 0x65, 0x79, 0x3D, 0x00, 0x01,
    0x6B, 0x66, 0x73, 0x2E, 0x00, 0x01,0x6B, 0x69, 0x64, 0x02, 0x00, 0x01,
    0x6B, 0x69, 0x6C, 0x6C, 0x00, 0x05,0x6B, 0x69, 0x70, 0x02, 0x00, 0x01,
    0x6B, 0x6B, 0x69, 0x6C, 0x00, 0x01,0x6B, 0x6C, 0x65, 0x61, 0x00, 0x01,
    0x6B, 0x6C, 0x69, 0x73, 0x00, 0x01,0x6B, 0x6E, 0x6F, 0x77, 0x00, 0x02,
    0x6B, 0x6F, 0x75, 0x74, 0x00, 0x02,0x6B, 0x70, 0x6F, 0x69, 0x00, 0x01,
    0x6B, 0x72, 0x2E, 0x68, 0x00, 0x01,0x6B, 0x73, 0x74, 0x61, 0x00, 0x01,
    0x6B, 0x74, 0x72, 0x65, 0x00, 0x04,0x6B, 0x75, 0x62, 0x65, 0x00, 0x0C,
    0x6B, 0x75, 0x70, 0x20, 0x00, 0x01,0x6B, 0x76, 0x20, 0x67, 0x00, 0x02,
    0x6B, 0x76, 0x20, 0x70, 0x00, 0x02,0x6B, 0x77, 0x72, 0x61, 0x00, 0x01,
    0x6C, 0x20, 0x22, 0x28, 0x00, 0x01,0x6C, 0x20, 0x25, 0x31, 0x00, 0x01,
    0x6C, 0x20, 0x2D, 0x2D, 0x00, 0x0C,0x6C, 0x20, 0x2D, 0x39, 0x00, 0x01,
    0x6C, 0x20, 0x2D, 0x61, 0x00, 0x01,0x6C, 0x20, 0x2D, 0x63, 0x00, 0x01,
    0x6C, 0x20, 0x2D, 0x64, 0x00, 0x02,0x6C, 0x20, 0x2D, 0x65, 0x00, 0x01,
    0x6C, 0x20, 0x2D, 0x66, 0x00, 0x02,0x6C, 0x20, 0x2D, 0x67, 0x00, 0x01,
    0x6C, 0x20, 0x2D, 0x68, 0x00, 0x01,0x6C, 0x20, 0x2D, 0x69, 0x00, 0x01,
    0x6C, 0x20, 0x2D, 0x6C, 0x00, 0x01,0x6C, 0x20, 0x2D, 0x6D, 0x00, 0x02,
    0x6C, 0x20, 0x2D, 0x6E, 0x00, 0x01,0x6C, 0x20, 0x2D, 0x6F, 0x00, 0x02,
    0x6C, 0x20, 0x2D, 0x72, 0x00, 0x01,0x6C, 0x20, 0x2D, 0x75, 0x00, 0x01,
    0x6C, 0x20, 0x2D, 0x76, 0x00, 0x01,0x6C, 0x20, 0x2D, 0x77, 0x00, 0x02,
    0x6C, 0x20, 0x2D, 0x78, 0x00, 0x03,0x6C, 0x20, 0x2E, 0x02, 0x00, 0x01,
    0x6C, 0x20, 0x2F, 0x63, 0x00, 0x01,0x6C, 0x20, 0x2F, 0x65, 0x00, 0x01,
    0x6C, 0x20, 0x2F, 0x66, 0x00, 0x01,0x6C, 0x20, 0x31, 0x02, 0x00, 0x01,
    0x6C, 0x20, 0x31, 0x38, 0x00, 0x02,0x6C, 0x20, 0x32, 0x02, 0x00, 0x01,
    0x6C, 0x20, 0x33, 0x2E, 0x00, 0x04,0x6C, 0x20, 0x33, 0x30, 0x00, 0x01,
    0x6C, 0x20, 0x3C, 0x20, 0x00, 0x01,0x6C, 0x20, 0x61, 0x6C, 0x00, 0x01,
    0x6C, 0x20, 0x61, 0x70, 0x00, 0x01,0x6C, 0x20, 0x62, 0x73, 0x00, 0x01,
    0x6C, 0x20, 0x62, 0x75, 0x00, 0x02,0x6C, 0x20, 0x63, 0x6D, 0x00, 0x04,
    0x6C, 0x20, 0x63, 0x6F, 0x00, 0x06,0x6C, 0x20, 0x63, 0x72, 0x00, 0x02,
    0x6C, 0x20, 0x64, 0x65, 0x00, 0x02,0x6C, 0x20, 0x64, 0x69, 0x00, 0x01,
    0x6C, 0x20, 0x65, 0x6E, 0x00, 0x01,0x6C, 0x20, 0x65, 0x78, 0x00, 0x01,
    0x6C, 0x20, 0x66, 0x65, 0x00, 0x01,0x6C, 0x20, 0x66, 0x69, 0x00, 0x07,
    0x6C, 0x20, 0x67, 0x65, 0x00, 0x04,0x6C, 0x20, 0x69, 0x6D, 0x00, 0x01,
    0x6C, 0x20, 0x69, 0x6E, 0x00, 0x01,0x6C, 0x20, 0x6B, 0x76, 0x00, 0x02,
    0x6C, 0x20, 0x6C, 0x69, 0x00, 0x01,0x6C, 0x20, 0x6C, 0x6F, 0x00, 0x01,
    0x6C, 0x20, 0x6D, 0x65, 0x00, 0x01,0x6C, 0x20, 0x6E, 0x61, 0x00, 0x01,
    0x6C, 0x20, 0x6E, 0x6F, 0x00, 0x01,0x6C, 0x20, 0x6F, 0x72, 0x00, 0x02,
    0x6C, 0x20, 0x70, 0x61, 0x00, 0x10,0x6C, 0x20, 0x70, 0x69, 0x00, 0x01,
    0x6C, 0x20, 0x70, 0x6F, 0x00, 0x01,0x6C, 0x20, 0x70, 0x75, 0x00, 0x01,
    0x6C, 0x20, 0x72, 0x65, 0x00, 0x04,0x6C, 0x20, 0x72, 0x75, 0x00, 0x02,
    0x6C, 0x20, 0x73, 0x63, 0x00, 0x02,0x6C, 0x20, 0x73, 0x6F, 0x00, 0x01,
    0x6C, 0x20, 0x73, 0x74, 0x00, 0x04,0x6C, 0x20, 0x74, 0x65, 0x00, 0x01,
    0x6C, 0x20, 0x75, 0x72, 0x00, 0x02,0x6C, 0x20, 0x75, 0x73, 0x00, 0x03,
    0x6C, 0x2D, 0x65, 0x78, 0x00, 0x02,0x6C, 0x2E, 0x65, 0x74, 0x00, 0x02,
    0x6C, 0x2E, 0x65, 0x78, 0x00, 0x01,0x6C, 0x2E, 0x72, 0x65, 0x00, 0x01,
    0x6C, 0x3B, 0x20, 0x66, 0x00, 0x01,0x6C, 0x3D, 0x27, 0x6C, 0x00, 0x01,
    0x6C, 0x3D, 0x68, 0x69, 0x00, 0x01,0x6C, 0x61, 0x27, 0x02, 0x00, 0x01,
    0x6C, 0x61, 0x62, 0x02, 0x00, 0x01,0x6C, 0x61, 0x63, 0x65, 0x00, 0x01,
    0x6C, 0x61, 0x63, 0x6B, 0x00, 0x01,0x6C, 0x61, 0x67, 0x73, 0x00, 0x01,
    0x6C, 0x61, 0x68, 0x02, 0x00, 0x01,0x6C, 0x61, 0x69, 0x6E, 0x00, 0x01,
    0x6C, 0x61, 0x6B, 0x65, 0x00, 0x01,0x6C, 0x61, 0x6C, 0x6C, 0x00, 0x01,
    0x6C, 0x61, 0x6D, 0x62, 0x00, 0x01,0x6C, 0x61, 0x6D, 0x65, 0x00, 0x01,
    0x6C, 0x61, 0x6E, 0x02, 0x00, 0x01,0x6C, 0x61, 0x6E, 0x67, 0x00, 0x03,
    0x6C, 0x61, 0x73, 0x6B, 0x00, 0x01,0x6C, 0x61, 0x73, 0x73, 0x00, 0x01,
    0x6C, 0x61, 0x74, 0x65, 0x00, 0x01,0x6C, 0x61, 0x74, 0x66, 0x00, 0x02,
    0x6C, 0x61, 0x79, 0x62, 0x00, 0x02,0x6C, 0x61, 0x79, 0x77, 0x00, 0x01,
    0x6C, 0x63, 0x6F, 0x76, 0x00, 0x01,0x6C, 0x63, 0x74, 0x6C, 0x00, 0x03,
    0x6C, 0x64, 0x20, 0x2D, 0x00, 0x0F,0x6C, 0x64, 0x20, 0x2E, 0x00, 0x01,
    0x6C, 0x64, 0x20, 0x2F, 0x00, 0x05,0x6C, 0x64, 0x20, 0x62, 0x00, 0x04,
    0x6C, 0x64, 0x20, 0x6E, 0x00, 0x02,0x6C, 0x64, 0x20, 0x70, 0x00, 0x02,
    0x6C, 0x64, 0x20, 0x73, 0x00, 0x01,0x6C, 0x64, 0x20, 0x74, 0x00, 0x01,
    0x6C, 0x64, 0x22, 0x02, 0x00, 0x01,0x6C, 0x64, 0x2F, 0x6E, 0x00, 0x01,
    0x6C, 0x64, 0x5F, 0x74, 0x00, 0x02,0x6C, 0x64, 0x62, 0x20, 0x00, 0x01,
    0x6C, 0x64, 0x64, 0x20, 0x00, 0x02,0x6C, 0x64, 0x66, 0x6C, 0x00, 0x01,
    0x6C, 0x64, 0x69, 0x74, 0x00, 0x01,0x6C, 0x65, 0x20, 0x2D, 0x00, 0x01,
    0x6C, 0x65, 0x20, 0x3C, 0x00, 0x01,0x6C, 0x65, 0x20, 0x5D, 0x00, 0x01,
    0x6C, 0x65, 0x20, 0x61, 0x00, 0x04,0x6C, 0x65, 0x20, 0x62, 0x00, 0x02,
    0x6C, 0x65, 0x20, 0x63, 0x00, 0x03,0x6C, 0x65, 0x20, 0x64, 0x00, 0x02,
    0x6C, 0x65, 0x20, 0x65, 0x00, 0x01,0x6C, 0x65, 0x20, 0x69, 0x00, 0x01,
    0x6C, 0x65, 0x20, 0x6F, 0x00, 0x01,0x6C, 0x65, 0x20, 0x72, 0x00, 0x02,
    0x6C, 0x65, 0x20, 0x73, 0x00, 0x05,0x6C, 0x65, 0x20, 0x74, 0x00, 0x01,
    0x6C, 0x65, 0x20, 0x75, 0x00, 0x04,0x6C, 0x65, 0x25, 0x02, 0x00, 0x01,
    0x6C, 0x65, 0x27, 0x29, 0x00, 0x01,0x6C, 0x65, 0x2D, 0x65, 0x00, 0x01,
    0x6C, 0x65, 0x2D, 0x70, 0x00, 0x01,0x6C, 0x65, 0x2E, 0x62, 0x00, 0x01,
    0x6C, 0x65, 0x2E, 0x63, 0x00, 0x05,0x6C, 0x65, 0x2E, 0x67, 0x00, 0x05,
    0x6C, 0x65, 0x2E, 0x6A, 0x00, 0x03,0x6C, 0x65, 0x2E, 0x6B, 0x00, 0x01,
    0x6C, 0x65, 0x2E, 0x6C, 0x00, 0x0B,0x6C, 0x65, 0x2E, 0x70, 0x00, 0x01,
    0x6C, 0x65, 0x2E, 0x73, 0x00, 0x03,0x6C, 0x65, 0x2E, 0x74, 0x00, 0x3A,
    0x6C, 0x65, 0x2E, 0x78, 0x00, 0x02,0x6C, 0x65, 0x2E, 0x79, 0x00, 0x01,
    0x6C, 0x65, 0x2E, 0x7A, 0x00, 0x02,0x6C, 0x65, 0x31, 0x20, 0x00, 0x08,
    0x6C, 0x65, 0x32, 0x02, 0x00, 0x08,0x6C, 0x65, 0x3A, 0x6C, 0x00, 0x01,
    0x6C, 0x65, 0x61, 0x6B, 0x00, 0x01,0x6C, 0x65, 0x61, 0x6E, 0x00, 0x0C,
    0x6C, 0x65, 0x61, 0x72, 0x00, 0x02,0x6C, 0x65, 0x61, 0x73, 0x00, 0x0C,
    0x6C, 0x65, 0x63, 0x74, 0x00, 0x01,0x6C, 0x65, 0x65, 0x70, 0x00, 0x04,
    0x6C, 0x65, 0x6C, 0x20, 0x00, 0x01,0x6C, 0x65, 0x6D, 0x65, 0x00, 0x02,
    0x6C, 0x65, 0x6E, 0x64, 0x00, 0x01,0x6C, 0x65, 0x73, 0x02, 0x00, 0x02,
    0x6C, 0x65, 0x73, 0x20, 0x00, 0x01,0x6C, 0x65, 0x73, 0x22, 0x00, 0x02,
    0x6C, 0x65, 0x73, 0x73, 0x00, 0x04,0x6C, 0x65, 0x73, 0x79, 0x00, 0x01,
    0x6C, 0x65, 0x74, 0x65, 0x00, 0x04,0x6C, 0x65, 0x76, 0x65, 0x00, 0x01,
    0x6C, 0x66, 0x20, 0x2D, 0x00, 0x02,0x6C, 0x66, 0x20, 0x69, 0x00, 0x01,
    0x6C, 0x66, 0x20, 0x74, 0x00, 0x01,0x6C, 0x66, 0x6F, 0x6F, 0x00, 0x01,
    0x6C, 0x67, 0x20, 0x22, 0x00, 0x01,0x6C, 0x67, 0x72, 0x69, 0x00, 0x04,
    0x6C, 0x68, 0x6F, 0x73, 0x00, 0x04,0x6C, 0x69, 0x61, 0x73, 0x00, 0x05,
    0x6C, 0x69, 0x62, 0x02, 0x00, 0x01,0x6C, 0x69, 0x62, 0x20, 0x00, 0x02,
    0x6C, 0x69, 0x62, 0x22, 0x00, 0x02,0x6C, 0x69, 0x62, 0x2E, 0x00, 0x03,
    0x6C, 0x69, 0x63, 0x2D, 0x00, 0x01,0x6C, 0x69, 0x63, 0x61, 0x00, 0x01,
    0x6C, 0x69, 0x63, 0x79, 0x00, 0x01,0x6C, 0x69, 0x64, 0x61, 0x00, 0x01,
    0x6C, 0x69, 0x66, 0x69, 0x00, 0x01,0x6C, 0x69, 0x6D, 0x69, 0x00, 0x03,
    0x6C, 0x69, 0x6E, 0x65, 0x00, 0x06,0x6C, 0x69, 0x6E, 0x6B, 0x00, 0x04,
    0x6C, 0x69, 0x6E, 0x74, 0x00, 0x02,0x6C, 0x69, 0x70, 0x70, 0x00, 0x01,
    0x6C, 0x69, 0x73, 0x68, 0x00, 0x04,0x6C, 0x69, 0x73, 0x74, 0x00, 0x1A,
    0x6C, 0x69, 0x74, 0x65, 0x00, 0x01,0x6C, 0x69, 0x76, 0x65, 0x00, 0x01,
    0x6C, 0x6B, 0x69, 0x64, 0x00, 0x01,0x6C, 0x6C, 0x20, 0x25, 0x00, 0x01,
    0x6C, 0x6C, 0x20, 0x2D, 0x00, 0x0F,0x6C, 0x6C, 0x20, 0x2F, 0x00, 0x01,
    0x6C, 0x6C, 0x20, 0x31, 0x00, 0x03,0x6C, 0x6C, 0x20, 0x33, 0x00, 0x02,
    0x6C, 0x6C, 0x20, 0x62, 0x00, 0x02,0x6C, 0x6C, 0x20, 0x63, 0x00, 0x02,
    0x6C, 0x6C, 0x20, 0x66, 0x00, 0x01,0x6C, 0x6C, 0x20, 0x69, 0x00, 0x01,
    0x6C, 0x6C, 0x20, 0x6E, 0x00, 0x01,0x6C, 0x6C, 0x20, 0x6F, 0x00, 0x01,
    0x6C, 0x6C, 0x20, 0x70, 0x00, 0x0F,0x6C, 0x6C, 0x20, 0x72, 0x00, 0x03,
    0x6C, 0x6C, 0x2D, 0x65, 0x00, 0x02,0x6C, 0x6C, 0x2E, 0x72, 0x00, 0x01,
    0x6C, 0x6C, 0x3D, 0x27, 0x00, 0x01,0x6C, 0x6C, 0x61, 0x6C, 0x00, 0x01,
    0x6C, 0x6C, 0x64, 0x62, 0x00, 0x01,0x6C, 0x6C, 0x65, 0x6C, 0x00, 0x01,
    0x6C, 0x6C, 0x67, 0x72, 0x00, 0x01,0x6C, 0x6C, 0x6F, 0x02, 0x00, 0x05,
    0x6C, 0x6C, 0x6F, 0x20, 0x00, 0x03,0x6C, 0x6C, 0x6F, 0x27, 0x00, 0x01,
    0x6C, 0x6C, 0x6F, 0x5C, 0x00, 0x01,0x6C, 0x6C, 0x6F, 0x63, 0x00, 0x03,
    0x6C, 0x6C, 0x79, 0x71, 0x00, 0x01,0x6C, 0x6D, 0x20, 0x69, 0x00, 0x01,
    0x6C, 0x6D, 0x20, 0x6C, 0x00, 0x01,0x6C, 0x6D, 0x20, 0x72, 0x00, 0x01,
    0x6C, 0x6D, 0x20, 0x73, 0x00, 0x01,0x6C, 0x6D, 0x20, 0x75, 0x00, 0x02,
    0x6C, 0x6E, 0x20, 0x61, 0x00, 0x01,0x6C, 0x6F, 0x20, 0x24, 0x00, 0x02,
    0x6C, 0x6F, 0x20, 0x77, 0x00, 0x01,0x6C, 0x6F, 0x27, 0x29, 0x00, 0x01,
    0x6C, 0x6F, 0x5C, 0x22, 0x00, 0x01,0x6C, 0x6F, 0x61, 0x64, 0x00, 0x02,
    0x6C, 0x6F, 0x62, 0x61, 0x00, 0x0F,0x6C, 0x6F, 0x63, 0x02, 0x00, 0x01,
    0x6C, 0x6F, 0x63, 0x20, 0x00, 0x02,0x6C, 0x6F, 0x63, 0x61, 0x00, 0x06,
    0x6C, 0x6F, 0x63, 0x6B, 0x00, 0x01,0x6C, 0x6F, 0x67, 0x02, 0x00, 0x04,
    0x6C, 0x6F, 0x67, 0x20, 0x00, 0x07,0x6C, 0x6F, 0x67, 0x28, 0x00, 0x0B,
    0x6C, 0x6F, 0x67, 0x2F, 0x00, 0x01,0x6C, 0x6F, 0x67, 0x69, 0x00, 0x03,
    0x6C, 0x6F, 0x67, 0x72, 0x00, 0x01,0x6C, 0x6F, 0x67, 0x73, 0x00, 0x03,
    0x6C, 0x6F, 0x6E, 0x65, 0x00, 0x02,0x6C, 0x6F, 0x6E, 0x67, 0x00, 0x01,
    0x6C, 0x6F, 0x6F, 0x6B, 0x00, 0x01,0x6C, 0x6F, 0x70, 0x02, 0x00, 0x01,
    0x6C, 0x6F, 0x72, 0x2E, 0x00, 0x01,0x6C, 0x6F, 0x72, 0x65, 0x00, 0x01,
    0x6C, 0x6F, 0x74, 0x6C, 0x00, 0x01,0x6C, 0x6F, 0x75, 0x64, 0x00, 0x04,
    0x6C, 0x6F, 0x77, 0x22, 0x00, 0x01,0x6C, 0x6F, 0x79, 0x02, 0x00, 0x02,
    0x6C, 0x6F, 0x79, 0x20, 0x00, 0x01,0x6C, 0x6F, 0x79, 0x6D, 0x00, 0x03,
    0x6C, 0x70, 0x20, 0x63, 0x00, 0x01,0x6C, 0x70, 0x2D, 0x70, 0x00, 0x01,
    0x6C, 0x73, 0x20, 0x2D, 0x00, 0x07,0x6C, 0x73, 0x20, 0x63, 0x00, 0x02,
    0x6C, 0x73, 0x20, 0x64, 0x00, 0x01,0x6C, 0x73, 0x20, 0x67, 0x00, 0x01,
    0x6C, 0x73, 0x20, 0x73, 0x00, 0x01,0x6C, 0x73, 0x29, 0x3B, 0x00, 0x01,
    0x6C, 0x73, 0x2D, 0x66, 0x00, 0x01,0x6C, 0x73, 0x2D, 0x72, 0x00, 0x01,
    0x6C, 0x73, 0x2D, 0x74, 0x00, 0x01,0x6C, 0x73, 0x62, 0x5F, 0x00, 0x01,
    0x6C, 0x73, 0x62, 0x6C, 0x00, 0x01,0x6C, 0x73, 0x65, 0x02, 0x00, 0x01,
    0x6C, 0x73, 0x6D, 0x6F, 0x00, 0x01,0x6C, 0x73, 0x6F, 0x66, 0x00, 0x03,
    0x6C, 0x74, 0x20, 0x6B, 0x00, 0x02,0x6C, 0x74, 0x20, 0x6C, 0x00, 0x01,
    0x6C, 0x74, 0x62, 0x72, 0x00, 0x01,0x6C, 0x74, 0x65, 0x20, 0x00, 0x01,
    0x6C, 0x74, 0x65, 0x72, 0x00, 0x03,0x6C, 0x74, 0x69, 0x6D, 0x00, 0x01,
    0x6C, 0x74, 0x72, 0x61, 0x00, 0x02,0x6C, 0x75, 0x64, 0x65, 0x00, 0x01,
    0x6C, 0x75, 0x65, 0x02, 0x00, 0x06,0x6C, 0x75, 0x65, 0x22, 0x00, 0x01,
    0x6C, 0x75, 0x6D, 0x69, 0x00, 0x05,0x6C, 0x75, 0x72, 0x65, 0x00, 0x01,
    0x6C, 0x75, 0x73, 0x20, 0x00, 0x01,0x6C, 0x75, 0x73, 0x74, 0x00, 0x02,
    0x6C, 0x79, 0x20, 0x2D, 0x00, 0x01,0x6C, 0x79, 0x71, 0x75, 0x00, 0x01,
    0x6D, 0x20, 0x22, 0x2B, 0x00, 0x02,0x6D, 0x20, 0x22, 0x6D, 0x00, 0x02,
    0x6D, 0x20, 0x22, 0x76, 0x00, 0x01,0x6D, 0x20, 0x2D, 0x63, 0x00, 0x06,
    0x6D, 0x20, 0x2D, 0x64, 0x00, 0x01,0x6D, 0x20, 0x2D, 0x69, 0x00, 0x01,
    0x6D, 0x20, 0x2D, 0x6F, 0x00, 0x02,0x6D, 0x20, 0x2D, 0x72, 0x00, 0x02,
    0x6D, 0x20, 0x2D, 0x73, 0x00, 0x01,0x6D, 0x20, 0x2D, 0x76, 0x00, 0x01,
    0x6D, 0x20, 0x61, 0x64, 0x00, 0x01,0x6D, 0x20, 0x61, 0x6E, 0x00, 0x01,
    0x6D, 0x20, 0x61, 0x70, 0x00, 0x01,0x6D, 0x20, 0x61, 0x75, 0x00, 0x05,
    0x6D, 0x20, 0x62, 0x61, 0x00, 0x01,0x6D, 0x20, 0x62, 0x69, 0x00, 0x01,
    0x6D, 0x20, 0x62, 0x6C, 0x00, 0x01,0x6D, 0x20, 0x62, 0x75, 0x00, 0x01,
    0x6D, 0x20, 0x63, 0x61, 0x00, 0x04,0x6D, 0x20, 0x63, 0x69, 0x00, 0x01,
    0x6D, 0x20, 0x63, 0x6F, 0x00, 0x0A,0x6D, 0x20, 0x63, 0x70, 0x00, 0x01,
    0x6D, 0x20, 0x64, 0x65, 0x00, 0x02,0x6D, 0x20, 0x64, 0x6F, 0x00, 0x02,
    0x6D, 0x20, 0x65, 0x64, 0x00, 0x01,0x6D, 0x20, 0x65, 0x6E, 0x00, 0x01,
    0x6D, 0x20, 0x65, 0x78, 0x00, 0x01,0x6D, 0x20, 0x66, 0x69, 0x00, 0x03,
    0x6D, 0x20, 0x66, 0x6C, 0x00, 0x01,0x6D, 0x20, 0x66, 0x6D, 0x00, 0x01,
    0x6D, 0x20, 0x68, 0x65, 0x00, 0x01,0x6D, 0x20, 0x68, 0x74, 0x00, 0x02,
    0x6D, 0x20, 0x69, 0x6E, 0x00, 0x0F,0x6D, 0x20, 0x69, 0x73, 0x00, 0x01,
    0x6D, 0x20, 0x6A, 0x6F, 0x00, 0x01,0x6D, 0x20, 0x6A, 0x73, 0x00, 0x02,
    0x6D, 0x20, 0x6C, 0x69, 0x00, 0x06,0x6D, 0x20, 0x6C, 0x73, 0x00, 0x05,
    0x6D, 0x20, 0x6D, 0x79, 0x00, 0x01,0x6D, 0x20, 0x6E, 0x6F, 0x00, 0x01,
    0x6D, 0x20, 0x6F, 0x75, 0x00, 0x02,0x6D, 0x20, 0x70, 0x61, 0x00, 0x01,
    0x6D, 0x20, 0x70, 0x69, 0x00, 0x04,0x6D, 0x20, 0x70, 0x6C, 0x00, 0x01,
    0x6D, 0x20, 0x70, 0x72, 0x00, 0x01,0x6D, 0x20, 0x70, 0x73, 0x00, 0x01,
    0x6D, 0x20, 0x70, 0x75, 0x00, 0x01,0x6D, 0x20, 0x70, 0x79, 0x00, 0x09,
    0x6D, 0x20, 0x72, 0x65, 0x00, 0x03,0x6D, 0x20, 0x72, 0x75, 0x00, 0x07,
    0x6D, 0x20, 0x73, 0x61, 0x00, 0x01,0x6D, 0x20, 0x73, 0x65, 0x00, 0x01,
    0x6D, 0x20, 0x73, 0x68, 0x00, 0x01,0x6D, 0x20, 0x73, 0x6D, 0x00, 0x01,
    0x6D, 0x20, 0x73, 0x74, 0x00, 0x02,0x6D, 0x20, 0x74, 0x65, 0x00, 0x02,
    0x6D, 0x20, 0x74, 0x68, 0x00, 0x01,0x6D, 0x20, 0x74, 0x69, 0x00, 0x01,
    0x6D, 0x20, 0x74, 0x72, 0x00, 0x01,0x6D, 0x20, 0x75, 0x6E, 0x00, 0x06,
    0x6D, 0x20, 0x75, 0x70, 0x00, 0x02,0x6D, 0x20, 0x75, 0x73, 0x00, 0x02,
    0x6D, 0x20, 0x76, 0x61, 0x00, 0x01,0x6D, 0x20, 0x76, 0x65, 0x00, 0x05,
    0x6D, 0x20, 0x77, 0x65, 0x00, 0x01,0x6D, 0x20, 0x78, 0x6D, 0x00, 0x01,
    0x6D, 0x29, 0x22, 0x02, 0x00, 0x01,0x6D, 0x2D, 0x25, 0x64, 0x00, 0x01,
    0x6D, 0x2D, 0x70, 0x61, 0x00, 0x01,0x6D, 0x2E, 0x63, 0x6F, 0x00, 0x01,
    0x6D, 0x32, 0x20, 0x64, 0x00, 0x03,0x6D, 0x32, 0x20, 0x65, 0x00, 0x01,
    0x6D, 0x32, 0x20, 0x69, 0x00, 0x01,0x6D, 0x32, 0x20, 0x6C, 0x00, 0x02,
    0x6D, 0x32, 0x20, 0x6D, 0x00, 0x01,0x6D, 0x32, 0x20, 0x72, 0x00, 0x02,
    0x6D, 0x32, 0x20, 0x73, 0x00, 0x07,0x6D, 0x32, 0x20, 0x74, 0x00, 0x01,
    0x6D, 0x33, 0x32, 0x2D, 0x00, 0x01,0x6D, 0x3D, 0x78, 0x36, 0x00, 0x01,
    0x6D, 0x61, 0x63, 0x73, 0x00, 0x04,0x6D, 0x61, 0x64, 0x20, 0x00, 0x04,
    0x6D, 0x61, 0x67, 0x65, 0x00, 0x09,0x6D, 0x61, 0x69, 0x6C, 0x00, 0x02,
    0x6D, 0x61, 0x69, 0x6E, 0x00, 0x06,0x6D, 0x61, 0x6A, 0x6F, 0x00, 0x01,
    0x6D, 0x61, 0x6B, 0x65, 0x00, 0x28,0x6D, 0x61, 0x6C, 0x6C, 0x00, 0x01,
    0x6D, 0x61, 0x6E, 0x20, 0x00, 0x01,0x6D, 0x61, 0x6E, 0x61, 0x00, 0x05,
    0x6D, 0x61, 0x6E, 0x64, 0x00, 0x16,0x6D, 0x61, 0x70, 0x2D, 0x00, 0x01,
    0x6D, 0x61, 0x73, 0x73, 0x00, 0x01,0x6D, 0x61, 0x73, 0x74, 0x00, 0x01,
    0x6D, 0x61, 0x74, 0x02, 0x00, 0x01,0x6D, 0x61, 0x74, 0x20, 0x00, 0x01,
    0x6D, 0x61, 0x74, 0x2D, 0x00, 0x01,0x6D, 0x61, 0x74, 0x68, 0x00, 0x01,
    0x6D, 0x61, 0x74, 0x70, 0x00, 0x01,0x6D, 0x61, 0x78, 0x2D, 0x00, 0x01,
    0x6D, 0x62, 0x64, 0x61, 0x00, 0x01,0x6D, 0x62, 0x65, 0x72, 0x00, 0x02,
    0x6D, 0x62, 0x6F, 0x6C, 0x00, 0x01,0x6D, 0x63, 0x74, 0x6C, 0x00, 0x07,
    0x6D, 0x64, 0x20, 0x26, 0x00, 0x02,0x6D, 0x64, 0x20, 0x2F, 0x00, 0x02,
    0x6D, 0x64, 0x20, 0x3E, 0x00, 0x01,0x6D, 0x64, 0x20, 0x61, 0x00, 0x01,
    0x6D, 0x64, 0x20, 0x73, 0x00, 0x01,0x6D, 0x64, 0x20, 0x7B, 0x00, 0x02,
    0x6D, 0x64, 0x3B, 0x3B, 0x00, 0x01,0x6D, 0x64, 0x69, 0x72, 0x00, 0x01,
    0x6D, 0x65, 0x20, 0x22, 0x00, 0x04,0x6D, 0x65, 0x20, 0x2D, 0x00, 0x04,
    0x6D, 0x65, 0x20, 0x2F, 0x00, 0x02,0x6D, 0x65, 0x20, 0x63, 0x00, 0x01,
    0x6D, 0x65, 0x20, 0x66, 0x00, 0x02,0x6D, 0x65, 0x20, 0x72, 0x00, 0x01,
    0x6D, 0x65, 0x22, 0x02, 0x00, 0x04,0x6D, 0x65, 0x27, 0x02, 0x00, 0x01,
    0x6D, 0x65, 0x28, 0x29, 0x00, 0x01,0x6D, 0x65, 0x2E, 0x6D, 0x00, 0x01,
    0x6D, 0x65, 0x63, 0x74, 0x00, 0x01,0x6D, 0x65, 0x64, 0x61, 0x00, 0x01,
    0x6D, 0x65, 0x64, 0x69, 0x00, 0x01,0x6D, 0x65, 0x69, 0x74, 0x00, 0x01,
    0x6D, 0x65, 0x6D, 0x62, 0x00, 0x01,0x6D, 0x65, 0x6D, 0x6F, 0x00, 0x01,
    0x6D, 0x65, 0x6E, 0x64, 0x00, 0x01,0x6D, 0x65, 0x6E, 0x74, 0x00, 0x08,
    0x6D, 0x65, 0x6F, 0x75, 0x00, 0x02,0x6D, 0x65, 0x72, 0x67, 0x00, 0x04,
    0x6D, 0x65, 0x73, 0x02, 0x00, 0x01,0x6D, 0x65, 0x73, 0x67, 0x00, 0x02,
    0x6D, 0x65, 0x73, 0x73, 0x00, 0x02,0x6D, 0x69, 0x20, 0x63, 0x00, 0x01,
    0x6D, 0x69, 0x20, 0x64, 0x00, 0x01,0x6D, 0x69, 0x20, 0x69, 0x00, 0x01,
    0x6D, 0x69, 0x20, 0x70, 0x00, 0x01,0x6D, 0x69, 0x20, 0x73, 0x00, 0x01,
    0x6D, 0x69, 0x20, 0x75, 0x00, 0x01,0x6D, 0x69, 0x67, 0x72, 0x00, 0x04,
    0x6D, 0x69, 0x6E, 0x20, 0x00, 0x02,0x6D, 0x69, 0x6E, 0x66, 0x00, 0x01,
    0x6D, 0x69, 0x6E, 0x6F, 0x00, 0x01,0x6D, 0x69, 0x74, 0x02, 0x00, 0x05,
    0x6D, 0x69, 0x74, 0x20, 0x00, 0x05,0x6D, 0x69, 0x74, 0x2D, 0x00, 0x01,
    0x6D, 0x69, 0x74, 0x2E, 0x00, 0x01,0x6D, 0x69, 0x78, 0x20, 0x00, 0x04,
    0x6D, 0x6B, 0x64, 0x69, 0x00, 0x03,0x6D, 0x6B, 0x66, 0x73, 0x00, 0x01,
    0x6D, 0x6B, 0x74, 0x72, 0x00, 0x01,0x6D, 0x6C, 0x20, 0x63, 0x00, 0x01,
    0x6D, 0x6C, 0x20, 0x6E, 0x00, 0x01,0x6D, 0x6C, 0x20, 0x73, 0x00, 0x01,
    0x6D, 0x6C, 0x22, 0x02, 0x00, 0x01,0x6D, 0x6C, 0x2E, 0x65, 0x00, 0x02,
    0x6D, 0x6D, 0x61, 0x6E, 0x00, 0x16,0x6D, 0x6D, 0x69, 0x74, 0x00, 0x08,
    0x6D, 0x6D, 0x6F, 0x64, 0x00, 0x01,0x6D, 0x6E, 0x74, 0x02, 0x00, 0x02,
    0x6D, 0x6F, 0x64, 0x02, 0x00, 0x02,0x6D, 0x6F, 0x64, 0x20, 0x00, 0x07,
    0x6D, 0x6F, 0x64, 0x65, 0x00, 0x01,0x6D, 0x6F, 0x64, 0x69, 0x00, 0x01,
    0x6D, 0x6F, 0x64, 0x70, 0x00, 0x01,0x6D, 0x6F, 0x64, 0x75, 0x00, 0x09,
    0x6D, 0x6F, 0x6E, 0x20, 0x00, 0x01,0x6D, 0x6F, 0x6E, 0x2E, 0x00, 0x01,
    0x6D, 0x6F, 0x6E, 0x69, 0x00, 0x01,0x6D, 0x6F, 0x72, 0x65, 0x00, 0x01,
    0x6D, 0x6F, 0x72, 0x79, 0x00, 0x01,0x6D, 0x6F, 0x74, 0x65, 0x00, 0x06,
    0x6D, 0x6F, 0x75, 0x6E, 0x00, 0x02,0x6D, 0x6F, 0x76, 0x65, 0x00, 0x08,
    0x6D, 0x70, 0x20, 0x2D, 0x00, 0x02,0x6D, 0x70, 0x20, 0x66, 0x00, 0x01,
    0x6D, 0x70, 0x25, 0x02, 0x00, 0x01,0x6D, 0x70, 0x2D, 0x61, 0x00, 0x01,
    0x6D, 0x70, 0x30, 0x30, 0x00, 0x01,0x6D, 0x70, 0x69, 0x6C, 0x00, 0x03,
    0x6D, 0x70, 0x6C, 0x61, 0x00, 0x01,0x6D, 0x70, 0x6C, 0x65, 0x00, 0x01,
    0x6D, 0x70, 0x6F, 0x72, 0x00, 0x1B,0x6D, 0x70, 0x6F, 0x73, 0x00, 0x0A,
    0x6D, 0x70, 0x73, 0x74, 0x00, 0x01,0x6D, 0x70, 0x74, 0x20, 0x00, 0x01,
    0x6D, 0x70, 0x74, 0x22, 0x00, 0x01,0x6D, 0x70, 0x74, 0x79, 0x00, 0x02,
    0x6D, 0x70, 0x75, 0x74, 0x00, 0x01,0x6D, 0x70, 0x79, 0x22, 0x00, 0x01,
    0x6D, 0x73, 0x62, 0x75, 0x00, 0x05,0x6D, 0x73, 0x74, 0x61, 0x00, 0x01,
    0x6D, 0x74, 0x20, 0x2E, 0x00, 0x01,0x6D, 0x74, 0x20, 0x73, 0x00, 0x01,
    0x6D, 0x74, 0x70, 0x64, 0x00, 0x01,0x6D, 0x75, 0x78, 0x02, 0x00, 0x01,
    0x6D, 0x75, 0x78, 0x20, 0x00, 0x03,0x6D, 0x76, 0x20, 0x2D, 0x00, 0x02,
    0x6D, 0x76, 0x20, 0x6F, 0x00, 0x01,0x6D, 0x76, 0x20, 0x73, 0x00, 0x01,
    0x6D, 0x76, 0x6E, 0x20, 0x00, 0x05,0x6D, 0x79, 0x2D, 0x61, 0x00, 0x07,
    0x6D, 0x79, 0x70, 0x72, 0x00, 0x01,0x6D, 0x79, 0x70, 0x79, 0x00, 0x01,
    0x6E, 0x20, 0x22, 0x24, 0x00, 0x02,0x6E, 0x20, 0x24, 0x28, 0x00, 0x01,
    0x6E, 0x20, 0x2A, 0x3B, 0x00, 0x01,0x6E, 0x20, 0x2D, 0x2D, 0x00, 0x03,
    0x6E, 0x20, 0x2D, 0x63, 0x00, 0x1D,0x6E, 0x20, 0x2D, 0x64, 0x00, 0x01,
    0x6E, 0x20, 0x2D, 0x66, 0x00, 0x01,0x6E, 0x20, 0x2D, 0x69, 0x00, 0x02,
    0x6E, 0x20, 0x2D, 0x6D, 0x00, 0x2A,0x6E, 0x20, 0x2D, 0x72, 0x00, 0x01,
    0x6E, 0x20, 0x2D, 0x73, 0x00, 0x01,0x6E, 0x20, 0x2F, 0x2F, 0x00, 0x01,
    0x6E, 0x20, 0x30, 0x02, 0x00, 0x01,0x6E, 0x20, 0x31, 0x02, 0x00, 0x01,
    0x6E, 0x20, 0x31, 0x20, 0x00, 0x02,0x6E, 0x20, 0x31, 0x2E, 0x00, 0x01,
    0x6E, 0x20, 0x31, 0x30, 0x00, 0x02,0x6E, 0x20, 0x32, 0x30, 0x00, 0x01,
    0x6E, 0x20, 0x34, 0x20, 0x00, 0x01,0x6E, 0x20, 0x35, 0x20, 0x00, 0x02,
    0x6E, 0x20, 0x61, 0x64, 0x00, 0x04,0x6E, 0x20, 0x62, 0x75, 0x00, 0x03,
    0x6E, 0x20, 0x63, 0x6C, 0x00, 0x01,0x6E, 0x20, 0x63, 0x6D, 0x00, 0x01,
    0x6E, 0x20, 0x63, 0x6F, 0x00, 0x01,0x6E, 0x20, 0x64, 0x65, 0x00, 0x03,
    0x6E, 0x20, 0x64, 0x6F, 0x00, 0x01,0x6E, 0x20, 0x65, 0x61, 0x00, 0x01,
    0x6E, 0x20, 0x65, 0x63, 0x00, 0x05,0x6E, 0x20, 0x65, 0x6E, 0x00, 0x01,
    0x6E, 0x20, 0x65, 0x78, 0x00, 0x02,0x6E, 0x20, 0x66, 0x20, 0x00, 0x01,
    0x6E, 0x20, 0x66, 0x69, 0x00, 0x06,0x6E, 0x20, 0x69, 0x6D, 0x00, 0x01,
    0x6E, 0x20, 0x69, 0x6E, 0x00, 0x03,0x6E, 0x20, 0x6A, 0x6F, 0x00, 0x01,
    0x6E, 0x20, 0x6D, 0x61, 0x00, 0x0A,0x6E, 0x20, 0x6D, 0x69, 0x00, 0x01,
    0x6E, 0x20, 0x6F, 0x6C, 0x00, 0x01,0x6E, 0x20, 0x70, 0x61, 0x00, 0x05,
    0x6E, 0x20, 0x72, 0x65, 0x00, 0x01,0x6E, 0x20, 0x72, 0x75, 0x00, 0x02,
    0x6E, 0x20, 0x73, 0x63, 0x00, 0x02,0x6E, 0x20, 0x73, 0x65, 0x00, 0x02,
    0x6E, 0x20, 0x73, 0x74, 0x00, 0x05,0x6E, 0x20, 0x74, 0x65, 0x00, 0x04,
    0x6E, 0x20, 0x74, 0x72, 0x00, 0x01,0x6E, 0x20, 0x75, 0x72, 0x00, 0x02,
    0x6E, 0x20, 0x75, 0x73, 0x00, 0x01,0x6E, 0x22, 0x20, 0x66, 0x00, 0x01,
    0x6E, 0x22, 0x20, 0x68, 0x00, 0x01,0x6E, 0x28, 0x27, 0x61, 0x00, 0x01,
    0x6E, 0x29, 0x20, 0x63, 0x00, 0x01,0x6E, 0x29, 0x22, 0x02, 0x00, 0x01,
    0x6E, 0x2D, 0x66, 0x61, 0x00, 0x01,0x6E, 0x2D, 0x6E, 0x61, 0x00, 0x01,
    0x6E, 0x2D, 0x75, 0x6E, 0x00, 0x01,0x6E, 0x2E, 0x67, 0x6F, 0x00, 0x01,
    0x6E, 0x2E, 0x6F, 0x75, 0x00, 0x01,0x6E, 0x2E, 0x74, 0x6F, 0x00, 0x02,
    0x6E, 0x2E, 0x76, 0x69, 0x00, 0x01,0x6E, 0x2F, 0x62, 0x61, 0x00, 0x01,
    0x6E, 0x2F, 0x64, 0x22, 0x00, 0x01,0x6E, 0x33, 0x20, 0x73, 0x00, 0x01,
    0x6E, 0x3D, 0x33, 0x2E, 0x00, 0x01,0x6E, 0x3D, 0x72, 0x65, 0x00, 0x01,
    0x6E, 0x5F, 0x75, 0x73, 0x00, 0x01,0x6E, 0x61, 0x62, 0x6C, 0x00, 0x01,
    0x6E, 0x61, 0x67, 0x65, 0x00, 0x05,0x6E, 0x61, 0x6C, 0x02, 0x00, 0x01,
    0x6E, 0x61, 0x6C, 0x63, 0x00, 0x03,0x6E, 0x61, 0x6C, 0x69, 0x00, 0x01,
    0x6E, 0x61, 0x6D, 0x65, 0x00, 0x17,0x6E, 0x61, 0x6E, 0x63, 0x00, 0x02,
    0x6E, 0x61, 0x6E, 0x6F, 0x00, 0x04,0x6E, 0x61, 0x72, 0x79, 0x00, 0x0E,
    0x6E, 0x62, 0x63, 0x6F, 0x00, 0x02,0x6E, 0x63, 0x20, 0x2D, 0x00, 0x03,
    0x6E, 0x63, 0x20, 0x5C, 0x00, 0x01,0x6E, 0x63, 0x20, 0x64, 0x00, 0x01,
    0x6E, 0x63, 0x20, 0x6F, 0x00, 0x01,0x6E, 0x63, 0x20, 0x73, 0x00, 0x01,
    0x6E, 0x63, 0x28, 0x27, 0x00, 0x01,0x6E, 0x63, 0x65, 0x02, 0x00, 0x01,
    0x6E, 0x63, 0x65, 0x20, 0x00, 0x04,0x6E, 0x63, 0x65, 0x73, 0x00, 0x02,
    0x6E, 0x63, 0x68, 0x02, 0x00, 0x0B,0x6E, 0x63, 0x68, 0x20, 0x00, 0x03,
    0x6E, 0x63, 0x6C, 0x75, 0x00, 0x01,0x6E, 0x63, 0x74, 0x69, 0x00, 0x02,
    0x6E, 0x63, 0x79, 0x02, 0x00, 0x02,0x6E, 0x64, 0x20, 0x22, 0x00, 0x03,
    0x6E, 0x64, 0x20, 0x2D, 0x00, 0x02,0x6E, 0x64, 0x20, 0x2E, 0x00, 0x03,
    0x6E, 0x64, 0x20, 0x2F, 0x00, 0x01,0x6E, 0x64, 0x20, 0x31, 0x00, 0x01,
    0x6E, 0x64, 0x20, 0x63, 0x00, 0x01,0x6E, 0x64, 0x20, 0x7C, 0x00, 0x07,
    0x6E, 0x64, 0x22, 0x02, 0x00, 0x01,0x6E, 0x64, 0x2D, 0x65, 0x00, 0x01,
    0x6E, 0x64, 0x31, 0x20, 0x00, 0x03,0x6E, 0x64, 0x31, 0x3B, 0x00, 0x01,
    0x6E, 0x64, 0x32, 0x02, 0x00, 0x03,0x6E, 0x64, 0x32, 0x20, 0x00, 0x01,
    0x6E, 0x64, 0x33, 0x02, 0x00, 0x01,0x6E, 0x64, 0x61, 0x20, 0x00, 0x06,
    0x6E, 0x64, 0x61, 0x72, 0x00, 0x01,0x6E, 0x64, 0x61, 0x73, 0x00, 0x01,
    0x6E, 0x64, 0x65, 0x6E, 0x00, 0x02,0x6E, 0x64, 0x65, 0x78, 0x00, 0x01,
    0x6E, 0x64, 0x69, 0x74, 0x00, 0x01,0x6E, 0x64, 0x6C, 0x65, 0x00, 0x04,
    0x6E, 0x64, 0x6F, 0x6D, 0x00, 0x01,0x6E, 0x64, 0x6F, 0x77, 0x00, 0x01,
    0x6E, 0x64, 0x73, 0x74, 0x00, 0x01,0x6E, 0x65, 0x20, 0x2D, 0x00, 0x02,
    0x6E, 0x65, 0x20, 0x3C, 0x00, 0x01,0x6E, 0x65, 0x20, 0x6F, 0x00, 0x01,
    0x6E, 0x65, 0x20, 0x72, 0x00, 0x01,0x6E, 0x65, 0x20, 0x74, 0x00, 0x01,
    0x6E, 0x65, 0x20, 0x75, 0x00, 0x01,0x6E, 0x65, 0x27, 0x29, 0x00, 0x01,
    0x6E, 0x65, 0x3A, 0x63, 0x00, 0x01,0x6E, 0x65, 0x3B, 0x20, 0x00, 0x02,
    0x6E, 0x65, 0x6C, 0x69, 0x00, 0x02,0x6E, 0x65, 0x72, 0x02, 0x00, 0x03,
    0x6E, 0x65, 0x72, 0x20, 0x00, 0x02,0x6E, 0x65, 0x72, 0x61, 0x00, 0x01,
    0x6E, 0x65, 0x74, 0x20, 0x00, 0x21,0x6E, 0x65, 0x74, 0x2E, 0x00, 0x01,
    0x6E, 0x65, 0x74, 0x73, 0x00, 0x02,0x6E, 0x65, 0x77, 0x02, 0x00, 0x02,
    0x6E, 0x65, 0x77, 0x20, 0x00, 0x07,0x6E, 0x65, 0x77, 0x2D, 0x00, 0x01,
    0x6E, 0x65, 0x77, 0x2F, 0x00, 0x02,0x6E, 0x65, 0x77, 0x74, 0x00, 0x01,
    0x6E, 0x65, 0x78, 0x74, 0x00, 0x01,0x6E, 0x66, 0x20, 0x69, 0x00, 0x01,
    0x6E, 0x66, 0x20, 0x75, 0x00, 0x01,0x6E, 0x66, 0x22, 0x02, 0x00, 0x01,
    0x6E, 0x66, 0x69, 0x67, 0x00, 0x19,0x6E, 0x66, 0x6F, 0x02, 0x00, 0x04,
    0x6E, 0x66, 0x6F, 0x20, 0x00, 0x02,0x6E, 0x67, 0x20, 0x2D, 0x00, 0x03,
    0x6E, 0x67, 0x20, 0x67, 0x00, 0x01,0x6E, 0x67, 0x2B, 0x2B, 0x00, 0x01,
    0x6E, 0x67, 0x3D, 0x65, 0x00, 0x01,0x6E, 0x67, 0x65, 0x28, 0x00, 0x01,
    0x6E, 0x67, 0x65, 0x64, 0x00, 0x01,0x6E, 0x67, 0x6B, 0x65, 0x00, 0x01,
    0x6E, 0x67, 0x6F, 0x22, 0x00, 0x01,0x6E, 0x67, 0x6F, 0x2D, 0x00, 0x02,
    0x6E, 0x67, 0x73, 0x20, 0x00, 0x02,0x6E, 0x67, 0x73, 0x65, 0x00, 0x01,
    0x6E, 0x68, 0x74, 0x6D, 0x00, 0x01,0x6E, 0x69, 0x63, 0x65, 0x00, 0x04,
    0x6E, 0x69, 0x6E, 0x67, 0x00, 0x01,0x6E, 0x69, 0x6E, 0x6A, 0x00, 0x05,
    0x6E, 0x69, 0x6E, 0x73, 0x00, 0x04,0x6E, 0x69, 0x71, 0x02, 0x00, 0x01,
    0x6E, 0x69, 0x71, 0x20, 0x00, 0x02,0x6E, 0x69, 0x74, 0x02, 0x00, 0x09,
    0x6E, 0x69, 0x74, 0x20, 0x00, 0x04,0x6E, 0x69, 0x74, 0x2E, 0x00, 0x01,
    0x6E, 0x69, 0x74, 0x74, 0x00, 0x03,0x6E, 0x69, 0x78, 0x20, 0x00, 0x01,
    0x6E, 0x69, 0x78, 0x22, 0x00, 0x01,0x6E, 0x6A, 0x61, 0x02, 0x00, 0x01,
    0x6E, 0x6A, 0x61, 0x20, 0x00, 0x03,0x6E, 0x6A, 0x61, 0x22, 0x00, 0x01,
    0x6E, 0x6B, 0x20, 0x2F, 0x00, 0x01,0x6E, 0x6B, 0x20, 0x70, 0x00, 0x02,
    0x6E, 0x6B, 0x6E, 0x6F, 0x00, 0x02,0x6E, 0x6B, 0x77, 0x72, 0x00, 0x01,
    0x6E, 0x6C, 0x69, 0x62, 0x00, 0x01,0x6E, 0x6C, 0x69, 0x6E, 0x00, 0x01,
    0x6E, 0x6D, 0x20, 0x2D, 0x00, 0x01,0x6E, 0x6D, 0x20, 0x62, 0x00, 0x01,
    0x6E, 0x6D, 0x61, 0x6B, 0x00, 0x04,0x6E, 0x6D, 0x65, 0x6E, 0x00, 0x01,
    0x6E, 0x6F, 0x20, 0x2D, 0x00, 0x03,0x6E, 0x6F, 0x20, 0x66, 0x00, 0x01,
    0x6E, 0x6F, 0x2D, 0x66, 0x00, 0x01,0x6E, 0x6F, 0x64, 0x65, 0x00, 0x14,
    0x6E, 0x6F, 0x65, 0x6D, 0x00, 0x01,0x6E, 0x6F, 0x68, 0x75, 0x00, 0x01,
    0x6E, 0x6F, 0x6D, 0x61, 0x00, 0x04,0x6E, 0x6F, 0x72, 0x02, 0x00, 0x01,
    0x6E, 0x6F, 0x72, 0x65, 0x00, 0x02,0x6E, 0x6F, 0x74, 0x20, 0x00, 0x01,
    0x6E, 0x6F, 0x74, 0x65, 0x00, 0x07,0x6E, 0x6F, 0x77, 0x20, 0x00, 0x01,
    0x6E, 0x6F, 0x77, 0x6E, 0x00, 0x02,0x6E, 0x70, 0x6D, 0x20, 0x00, 0x3C,
    0x6E, 0x70, 0x75, 0x74, 0x00, 0x01,0x6E, 0x70, 0x78, 0x20, 0x00, 0x2E,
    0x6E, 0x73, 0x65, 0x72, 0x00, 0x01,0x6E, 0x73, 0x69, 0x62, 0x00, 0x03,
    0x6E, 0x73, 0x69, 0x6F, 0x00, 0x04,0x6E, 0x73, 0x6C, 0x6F, 0x00, 0x01,
    0x6E, 0x73, 0x6D, 0x6F, 0x00, 0x01,0x6E, 0x73, 0x6F, 0x66, 0x00, 0x01,
    0x6E, 0x73, 0x6F, 0x6C, 0x00, 0x0D,0x6E, 0x73, 0x6F, 0x72, 0x00, 0x01,
    0x6E, 0x73, 0x74, 0x20, 0x00, 0x02,0x6E, 0x73, 0x74, 0x61, 0x00, 0x2D,
    0x6E, 0x73, 0x75, 0x6C, 0x00, 0x03,0x6E, 0x73, 0x75, 0x72, 0x00, 0x01,
    0x6E, 0x74, 0x20, 0x2D, 0x00, 0x01,0x6E, 0x74, 0x20, 0x2F, 0x00, 0x01,
    0x6E, 0x74, 0x20, 0x62, 0x00, 0x02,0x6E, 0x74, 0x20, 0x63, 0x00, 0x01,
    0x6E, 0x74, 0x20, 0x64, 0x00, 0x02,0x6E, 0x74, 0x20, 0x68, 0x00, 0x01,
    0x6E, 0x74, 0x20, 0x6E, 0x00, 0x02,0x6E, 0x74, 0x20, 0x72, 0x00, 0x01,
    0x6E, 0x74, 0x20, 0x73, 0x00, 0x02,0x6E, 0x74, 0x20, 0x75, 0x00, 0x02,
    0x6E, 0x74, 0x28, 0x27, 0x00, 0x01,0x6E, 0x74, 0x28, 0x29, 0x00, 0x01,
    0x6E, 0x74, 0x2D, 0x6F, 0x00, 0x01,0x6E, 0x74, 0x2E, 0x79, 0x00, 0x01,
    0x6E, 0x74, 0x3D, 0x31, 0x00, 0x01,0x6E, 0x74, 0x61, 0x62, 0x00, 0x03,
    0x6E, 0x74, 0x61, 0x69, 0x00, 0x05,0x6E, 0x74, 0x65, 0x6E, 0x00, 0x04,
    0x6E, 0x74, 0x66, 0x20, 0x00, 0x02,0x6E, 0x74, 0x69, 0x61, 0x00, 0x01,
    0x6E, 0x74, 0x69, 0x67, 0x00, 0x01,0x6E, 0x74, 0x69, 0x6D, 0x00, 0x01,
    0x6E, 0x74, 0x69, 0x6E, 0x00, 0x04,0x6E, 0x74, 0x6F, 0x20, 0x00, 0x01,
    0x6E, 0x74, 0x73, 0x02, 0x00, 0x01,0x6E, 0x74, 0x73, 0x2E, 0x00, 0x02,
    0x6E, 0x74, 0x74, 0x72, 0x00, 0x02,0x6E, 0x75, 0x65, 0x02, 0x00, 0x03,
    0x6E, 0x75, 0x65, 0x20, 0x00, 0x01,0x6E, 0x75, 0x67, 0x65, 0x00, 0x01,
    0x6E, 0x75, 0x6C, 0x6C, 0x00, 0x03,0x6E, 0x75, 0x6D, 0x62, 0x00, 0x01,
    0x6E, 0x75, 0x6D, 0x70, 0x00, 0x01,0x6E, 0x75, 0x78, 0x74, 0x00, 0x01,
    0x6E, 0x76, 0x20, 0x2D, 0x00, 0x01,0x6E, 0x76, 0x20, 0x2E, 0x00, 0x02,
    0x6E, 0x76, 0x20, 0x65, 0x00, 0x01,0x6E, 0x76, 0x20, 0x67, 0x00, 0x01,
    0x6E, 0x76, 0x20, 0x69, 0x00, 0x03,0x6E, 0x76, 0x20, 0x6C, 0x00, 0x01,
    0x6E, 0x76, 0x20, 0x70, 0x00, 0x02,0x6E, 0x76, 0x2E, 0x70, 0x00, 0x01,
    0x6E, 0x76, 0x65, 0x72, 0x00, 0x02,0x6E, 0x76, 0x69, 0x72, 0x00, 0x01,
    0x6E, 0x76, 0x6D, 0x20, 0x00, 0x03,0x6E, 0x76, 0x6F, 0x6B, 0x00, 0x01,
    0x6E, 0x77, 0x20, 0x66, 0x00, 0x01,0x6E, 0x78, 0x2D, 0x62, 0x00, 0x01,
    0x6E, 0x78, 0x2D, 0x71, 0x00, 0x01,0x6E, 0x78, 0x7A, 0x20, 0x00, 0x01,
    0x6E, 0x7A, 0x69, 0x70, 0x00, 0x04,0x6F, 0x20, 0x22, 0x68, 0x00, 0x02,
    0x6F, 0x20, 0x22, 0x74, 0x00, 0x02,0x6F, 0x20, 0x24, 0x20, 0x00, 0x01,
    0x6F, 0x20, 0x24, 0x21, 0x00, 0x01,0x6F, 0x20, 0x24, 0x23, 0x00, 0x01,
    0x6F, 0x20, 0x24, 0x2A, 0x00, 0x01,0x6F, 0x20, 0x24, 0x30, 0x00, 0x01,
    0x6F, 0x20, 0x24, 0x40, 0x00, 0x01,0x6F, 0x20, 0x24, 0x68, 0x00, 0x01,
    0x6F, 0x20, 0x24, 0x69, 0x00, 0x02,0x6F, 0x20, 0x24, 0x6C, 0x00, 0x01,
    0x6F, 0x20, 0x24, 0x6E, 0x00, 0x02,0x6F, 0x20, 0x24, 0x70, 0x00, 0x02,
    0x6F, 0x20, 0x24, 0x73, 0x00, 0x01,0x6F, 0x20, 0x24, 0x74, 0x00, 0x01,
    0x6F, 0x20, 0x24, 0x75, 0x00, 0x01,0x6F, 0x20, 0x25, 0x61, 0x00, 0x01,
    0x6F, 0x20, 0x25, 0x70, 0x00, 0x01,0x6F, 0x20, 0x25, 0x74, 0x00, 0x01,
    0x6F, 0x20, 0x25, 0x75, 0x00, 0x01,0x6F, 0x20, 0x27, 0x68, 0x00, 0x02,
    0x6F, 0x20, 0x2D, 0x2D, 0x00, 0x01,0x6F, 0x20, 0x2D, 0x62, 0x00, 0x01,
    0x6F, 0x20, 0x2D, 0x69, 0x00, 0x01,0x6F, 0x20, 0x2D, 0x6C, 0x00, 0x01,
    0x6F, 0x20, 0x2D, 0x75, 0x00, 0x01,0x6F, 0x20, 0x2D, 0x77, 0x00, 0x01,
    0x6F, 0x20, 0x31, 0x37, 0x00, 0x01,0x6F, 0x20, 0x61, 0x64, 0x00, 0x02,
    0x6F, 0x20, 0x62, 0x69, 0x00, 0x01,0x6F, 0x20, 0x62, 0x75, 0x00, 0x06,
    0x6F, 0x20, 0x63, 0x68, 0x00, 0x01,0x6F, 0x20, 0x63, 0x6C, 0x00, 0x01,
    0x6F, 0x20, 0x63, 0x6F, 0x00, 0x01,0x6F, 0x20, 0x64, 0x69, 0x00, 0x01,
    0x6F, 0x20, 0x64, 0x6F, 0x00, 0x02,0x6F, 0x20, 0x65, 0x63, 0x00, 0x03,
    0x6F, 0x20, 0x65, 0x6D, 0x00, 0x01,0x6F, 0x20, 0x65, 0x71, 0x00, 0x01,
    0x6F, 0x20, 0x65, 0x78, 0x00, 0x01,0x6F, 0x20, 0x66, 0x69, 0x00, 0x06,
    0x6F, 0x20, 0x66, 0x6D, 0x00, 0x01,0x6F, 0x20, 0x67, 0x65, 0x00, 0x01,
    0x6F, 0x20, 0x68, 0x65, 0x00, 0x03,0x6F, 0x20, 0x68, 0x69, 0x00, 0x02,
    0x6F, 0x20, 0x68, 0x74, 0x00, 0x01,0x6F, 0x20, 0x69, 0x6E, 0x00, 0x03,
    0x6F, 0x20, 0x6D, 0x6F, 0x00, 0x03,0x6F, 0x20, 0x6E, 0x65, 0x00, 0x01,
    0x6F, 0x20, 0x6E, 0x6F, 0x00, 0x01,0x6F, 0x20, 0x6F, 0x62, 0x00, 0x01,
    0x6F, 0x20, 0x6F, 0x66, 0x00, 0x01,0x6F, 0x20, 0x6F, 0x75, 0x00, 0x09,
    0x6F, 0x20, 0x70, 0x61, 0x00, 0x03,0x6F, 0x20, 0x70, 0x69, 0x00, 0x02,
    0x6F, 0x20, 0x70, 0x75, 0x00, 0x01,0x6F, 0x20, 0x72, 0x65, 0x00, 0x01,
    0x6F, 0x20, 0x72, 0x75, 0x00, 0x02,0x6F, 0x20, 0x73, 0x63, 0x00, 0x01,
    0x6F, 0x20, 0x74, 0x61, 0x00, 0x01,0x6F, 0x20, 0x74, 0x65, 0x00, 0x02,
    0x6F, 0x20, 0x75, 0x70, 0x00, 0x01,0x6F, 0x20, 0x75, 0x72, 0x00, 0x02,
    0x6F, 0x20, 0x76, 0x65, 0x00, 0x01,0x6F, 0x20, 0x77, 0x6F, 0x00, 0x01,
    0x6F, 0x27, 0x29, 0x22, 0x00, 0x01,0x6F, 0x2D, 0x61, 0x64, 0x00, 0x02,
    0x6F, 0x2D, 0x61, 0x70, 0x00, 0x01,0x6F, 0x2D, 0x66, 0x66, 0x00, 0x01,
    0x6F, 0x2E, 0x67, 0x69, 0x00, 0x01,0x6F, 0x2F, 0x66, 0x69, 0x00, 0x02,
    0x6F, 0x32, 0x20, 0x2D, 0x00, 0x02,0x6F, 0x5C, 0x22, 0x29, 0x00, 0x01,
    0x6F, 0x61, 0x64, 0x02, 0x00, 0x01,0x6F, 0x61, 0x64, 0x20, 0x00, 0x01,
    0x6F, 0x61, 0x6D, 0x69, 0x00, 0x01,0x6F, 0x62, 0x20, 0x72, 0x00, 0x01,
    0x6F, 0x62, 0x20, 0x73, 0x00, 0x01,0x6F, 0x62, 0x2E, 0x68, 0x00, 0x01,
    0x6F, 0x62, 0x61, 0x6C, 0x00, 0x0F,0x6F, 0x62, 0x65, 0x20, 0x00, 0x01,
    0x6F, 0x62, 0x6A, 0x02, 0x00, 0x01,0x6F, 0x62, 0x6A, 0x64, 0x00, 0x02,
    0x6F, 0x62, 0x6A, 0x65, 0x00, 0x04,0x6F, 0x62, 0x73, 0x02, 0x00, 0x01,
    0x6F, 0x62, 0x75, 0x02, 0x00, 0x01,0x6F, 0x63, 0x20, 0x2D, 0x00, 0x01,
    0x6F, 0x63, 0x20, 0x63, 0x00, 0x01,0x6F, 0x63, 0x20, 0x73, 0x00, 0x01,
    0x6F, 0x63, 0x2F, 0x63, 0x00, 0x01,0x6F, 0x63, 0x61, 0x6C, 0x00, 0x05,
    0x6F, 0x63, 0x61, 0x74, 0x00, 0x01,0x6F, 0x63, 0x65, 0x73, 0x00, 0x09,
    0x6F, 0x63, 0x6B, 0x20, 0x00, 0x01,0x6F, 0x63, 0x6B, 0x65, 0x00, 0x11,
    0x6F, 0x63, 0x72, 0x6C, 0x00, 0x02,0x6F, 0x63, 0x73, 0x20, 0x00, 0x01,
    0x6F, 0x63, 0x74, 0x6F, 0x00, 0x01,0x6F, 0x64, 0x20, 0x2B, 0x00, 0x01,
    0x6F, 0x64, 0x20, 0x2D, 0x00, 0x01,0x6F, 0x64, 0x20, 0x36, 0x00, 0x01,
    0x6F, 0x64, 0x20, 0x37, 0x00, 0x01,0x6F, 0x64, 0x20, 0x38, 0x00, 0x01,
    0x6F, 0x64, 0x20, 0x69, 0x00, 0x01,0x6F, 0x64, 0x20, 0x6D, 0x00, 0x02,
    0x6F, 0x64, 0x20, 0x6E, 0x00, 0x02,0x6F, 0x64, 0x20, 0x74, 0x00, 0x01,
    0x6F, 0x64, 0x65, 0x20, 0x00, 0x1B,0x6F, 0x64, 0x65, 0x6C, 0x00, 0x01,
    0x6F, 0x64, 0x65, 0x6D, 0x00, 0x01,0x6F, 0x64, 0x65, 0x6E, 0x00, 0x01,
    0x6F, 0x64, 0x65, 0x73, 0x00, 0x01,0x6F, 0x64, 0x69, 0x6E, 0x00, 0x01,
    0x6F, 0x64, 0x70, 0x72, 0x00, 0x01,0x6F, 0x64, 0x73, 0x02, 0x00, 0x01,
    0x6F, 0x64, 0x75, 0x63, 0x00, 0x01,0x6F, 0x64, 0x75, 0x6C, 0x00, 0x09,
    0x6F, 0x65, 0x6D, 0x69, 0x00, 0x01,0x6F, 0x66, 0x20, 0x2D, 0x00, 0x02,
    0x6F, 0x66, 0x20, 0x62, 0x00, 0x01,0x6F, 0x66, 0x3D, 0x2F, 0x00, 0x01,
    0x6F, 0x66, 0x3D, 0x66, 0x00, 0x01,0x6F, 0x66, 0x69, 0x6C, 0x00, 0x02,
    0x6F, 0x66, 0x74, 0x02, 0x00, 0x01,0x6F, 0x66, 0x74, 0x2E, 0x00, 0x01,
    0x6F, 0x67, 0x20, 0x2D, 0x00, 0x05,0x6F, 0x67, 0x20, 0x32, 0x00, 0x01,
    0x6F, 0x67, 0x20, 0x73, 0x00, 0x01,0x6F, 0x67, 0x28, 0x27, 0x00, 0x02,
    0x6F, 0x67, 0x28, 0x70, 0x00, 0x08,0x6F, 0x67, 0x28, 0x72, 0x00, 0x01,
    0x6F, 0x67, 0x2F, 0x73, 0x00, 0x01,0x6F, 0x67, 0x69, 0x6E, 0x00, 0x03,
    0x6F, 0x67, 0x6C, 0x65, 0x00, 0x05,0x6F, 0x67, 0x72, 0x6F, 0x00, 0x01,
    0x6F, 0x67, 0x73, 0x02, 0x00, 0x01,0x6F, 0x67, 0x73, 0x20, 0x00, 0x02,
    0x6F, 0x68, 0x75, 0x70, 0x00, 0x01,0x6F, 0x69, 0x6E, 0x28, 0x00, 0x01,
    0x6F, 0x69, 0x6E, 0x74, 0x00, 0x05,0x6F, 0x6A, 0x2E, 0x63, 0x00, 0x02,
    0x6F, 0x6A, 0x65, 0x63, 0x00, 0x09,0x6F, 0x6B, 0x20, 0x69, 0x00, 0x01,
    0x6F, 0x6B, 0x20, 0x70, 0x00, 0x01,0x6F, 0x6B, 0x2E, 0x69, 0x00, 0x02,
    0x6F, 0x6B, 0x2E, 0x79, 0x00, 0x01,0x6F, 0x6B, 0x65, 0x20, 0x00, 0x01,
    0x6F, 0x6B, 0x75, 0x70, 0x00, 0x01,0x6F, 0x6C, 0x20, 0x3C, 0x00, 0x01,
    0x6F, 0x6C, 0x20, 0x63, 0x00, 0x01,0x6F, 0x6C, 0x20, 0x66, 0x00, 0x01,
    0x6F, 0x6C, 0x64, 0x20, 0x00, 0x02,0x6F, 0x6C, 0x64, 0x2F, 0x00, 0x01,
    0x6F, 0x6C, 0x65, 0x02, 0x00, 0x02,0x6F, 0x6C, 0x65, 0x2E, 0x00, 0x0B,
    0x6F, 0x6C, 0x69, 0x63, 0x00, 0x02,0x6F, 0x6C, 0x6F, 0x61, 0x00, 0x01,
    0x6F, 0x6C, 0x6F, 0x72, 0x00, 0x01,0x6F, 0x6C, 0x73, 0x02, 0x00, 0x01,
    0x6F, 0x6D, 0x22, 0x02, 0x00, 0x01,0x6F, 0x6D, 0x61, 0x64, 0x00, 0x04,
    0x6F, 0x6D, 0x65, 0x02, 0x00, 0x02,0x6F, 0x6D, 0x6D, 0x61, 0x00, 0x16,
    0x6F, 0x6D, 0x6D, 0x69, 0x00, 0x08,0x6F, 0x6D, 0x70, 0x69, 0x00, 0x03,
    0x6F, 0x6D, 0x70, 0x6F, 0x00, 0x0A,0x6F, 0x6D, 0x70, 0x74, 0x00, 0x02,
    0x6F, 0x6D, 0x70, 0x75, 0x00, 0x01,0x6F, 0x6E, 0x20, 0x2D, 0x00, 0x46,
    0x6F, 0x6E, 0x20, 0x31, 0x00, 0x01,0x6F, 0x6E, 0x20, 0x65, 0x00, 0x03,
    0x6F, 0x6E, 0x20, 0x66, 0x00, 0x01,0x6F, 0x6E, 0x20, 0x6D, 0x00, 0x07,
    0x6F, 0x6E, 0x20, 0x70, 0x00, 0x01,0x6F, 0x6E, 0x20, 0x73, 0x00, 0x04,
    0x6F, 0x6E, 0x22, 0x02, 0x00, 0x01,0x6F, 0x6E, 0x29, 0x22, 0x00, 0x01,
    0x6F, 0x6E, 0x2D, 0x66, 0x00, 0x01,0x6F, 0x6E, 0x2D, 0x6E, 0x00, 0x01,
    0x6F, 0x6E, 0x2E, 0x6F, 0x00, 0x01,0x6F, 0x6E, 0x2E, 0x74, 0x00, 0x02,
    0x6F, 0x6E, 0x2E, 0x76, 0x00, 0x01,0x6F, 0x6E, 0x33, 0x20, 0x00, 0x01,
    0x6F, 0x6E, 0x3D, 0x33, 0x00, 0x01,0x6F, 0x6E, 0x3D, 0x72, 0x00, 0x01,
    0x6F, 0x6E, 0x64, 0x61, 0x00, 0x06,0x6F, 0x6E, 0x65, 0x02, 0x00, 0x03,
    0x6F, 0x6E, 0x65, 0x20, 0x00, 0x03,0x6F, 0x6E, 0x65, 0x27, 0x00, 0x01,
    0x6F, 0x6E, 0x65, 0x6C, 0x00, 0x02,0x6F, 0x6E, 0x66, 0x22, 0x00, 0x01,
    0x6F, 0x6E, 0x66, 0x69, 0x00, 0x19,0x6F, 0x6E, 0x67, 0x02, 0x00, 0x01,
    0x6F, 0x6E, 0x69, 0x63, 0x00, 0x01,0x6F, 0x6E, 0x69, 0x74, 0x00, 0x01,
    0x6F, 0x6E, 0x6D, 0x65, 0x00, 0x01,0x6F, 0x6E, 0x73, 0x02, 0x00, 0x04,
    0x6F, 0x6E, 0x73, 0x6F, 0x00, 0x0E,0x6F, 0x6E, 0x73, 0x74, 0x00, 0x02,
    0x6F, 0x6E, 0x73, 0x75, 0x00, 0x03,0x6F, 0x6E, 0x74, 0x61, 0x00, 0x08,
    0x6F, 0x6E, 0x74, 0x69, 0x00, 0x04,0x6F, 0x6E, 0x74, 0x6F, 0x00, 0x01,
    0x6F, 0x6E, 0x76, 0x65, 0x00, 0x02,0x6F, 0x6F, 0x67, 0x6C, 0x00, 0x05,
    0x6F, 0x6F, 0x6B, 0x02, 0x00, 0x01,0x6F, 0x6F, 0x6B, 0x20, 0x00, 0x02,
    0x6F, 0x6F, 0x6B, 0x2E, 0x00, 0x03,0x6F, 0x6F, 0x6B, 0x75, 0x00, 0x01,
    0x6F, 0x6F, 0x6C, 0x20, 0x00, 0x02,0x6F, 0x6F, 0x6C, 0x73, 0x00, 0x01,
    0x6F, 0x6F, 0x74, 0x02, 0x00, 0x02,0x6F, 0x70, 0x20, 0x61, 0x00, 0x01,
    0x6F, 0x70, 0x20, 0x63, 0x00, 0x01,0x6F, 0x70, 0x20, 0x73, 0x00, 0x01,
    0x6F, 0x70, 0x65, 0x6E, 0x00, 0x02,0x6F, 0x70, 0x74, 0x02, 0x00, 0x01,
    0x6F, 0x70, 0x74, 0x73, 0x00, 0x01,0x6F, 0x70, 0x79, 0x20, 0x00, 0x02,
    0x6F, 0x72, 0x20, 0x69, 0x00, 0x02,0x6F, 0x72, 0x20, 0x76, 0x00, 0x01,
    0x6F, 0x72, 0x2D, 0x65, 0x00, 0x01,0x6F, 0x72, 0x2E, 0x75, 0x00, 0x01,
    0x6F, 0x72, 0x3D, 0x76, 0x00, 0x01,0x6F, 0x72, 0x63, 0x65, 0x00, 0x03,
    0x6F, 0x72, 0x63, 0x68, 0x00, 0x01,0x6F, 0x72, 0x64, 0x20, 0x00, 0x01,
    0x6F, 0x72, 0x65, 0x02, 0x00, 0x02,0x6F, 0x72, 0x65, 0x20, 0x00, 0x03,
    0x6F, 0x72, 0x65, 0x2E, 0x00, 0x03,0x6F, 0x72, 0x65, 0x6D, 0x00, 0x01,
    0x6F, 0x72, 0x65, 0x76, 0x00, 0x01,0x6F, 0x72, 0x66, 0x6C, 0x00, 0x01,
    0x6F, 0x72, 0x69, 0x67, 0x00, 0x08,0x6F, 0x72, 0x6B, 0x74, 0x00, 0x03,
    0x6F, 0x72, 0x6C, 0x64, 0x00, 0x01,0x6F, 0x72, 0x6D, 0x20, 0x00, 0x07,
    0x6F, 0x72, 0x6D, 0x29, 0x00, 0x01,0x6F, 0x72, 0x6D, 0x3D, 0x00, 0x01,
    0x6F, 0x72, 0x6D, 0x61, 0x00, 0x03,0x6F, 0x72, 0x6E, 0x22, 0x00, 0x01,
    0x6F, 0x72, 0x74, 0x02, 0x00, 0x06,0x6F, 0x72, 0x74, 0x20, 0x00, 0x23,
    0x6F, 0x72, 0x74, 0x2D, 0x00, 0x01,0x6F, 0x72, 0x74, 0x6C, 0x00, 0x01,
    0x6F, 0x72, 0x77, 0x61, 0x00, 0x02,0x6F, 0x72, 0x79, 0x20, 0x00, 0x03,
    0x6F, 0x72, 0x79, 0x62, 0x00, 0x01,0x6F, 0x72, 0x79, 0x75, 0x00, 0x01,
    0x6F, 0x73, 0x22, 0x02, 0x00, 0x01,0x6F, 0x73, 0x22, 0x20, 0x00, 0x01,
    0x6F, 0x73, 0x27, 0x29, 0x00, 0x01,0x6F, 0x73, 0x2D, 0x72, 0x00, 0x01,
    0x6F, 0x73, 0x65, 0x20, 0x00, 0x04,0x6F, 0x73, 0x65, 0x72, 0x00, 0x06,
    0x6F, 0x73, 0x74, 0x02, 0x00, 0x03,0x6F, 0x73, 0x74, 0x20, 0x00, 0x02,
    0x6F, 0x73, 0x74, 0x3A, 0x00, 0x05,0x6F, 0x73, 0x74, 0x61, 0x00, 0x01,
    0x6F, 0x73, 0x74, 0x6E, 0x00, 0x02,0x6F, 0x73, 0x79, 0x73, 0x00, 0x02,
    0x6F, 0x74, 0x20, 0x65, 0x00, 0x01,0x6F, 0x74, 0x61, 0x74, 0x00, 0x01,
    0x6F, 0x74, 0x65, 0x20, 0x00, 0x06,0x6F, 0x74, 0x65, 0x62, 0x00, 0x03,
    0x6F, 0x74, 0x65, 0x70, 0x00, 0x01,0x6F, 0x74, 0x65, 0x73, 0x00, 0x03,
    0x6F, 0x74, 0x6C, 0x69, 0x00, 0x01,0x6F, 0x74, 0x6E, 0x65, 0x00, 0x21,
    0x6F, 0x74, 0x6F, 0x20, 0x00, 0x01,0x6F, 0x75, 0x63, 0x68, 0x00, 0x01,
    0x6F, 0x75, 0x64, 0x20, 0x00, 0x04,0x6F, 0x75, 0x6E, 0x74, 0x00, 0x04,
    0x6F, 0x75, 0x70, 0x20, 0x00, 0x03,0x6F, 0x75, 0x72, 0x02, 0x00, 0x01,
    0x6F, 0x75, 0x72, 0x63, 0x00, 0x24,0x6F, 0x75, 0x72, 0x6E, 0x00, 0x03,
    0x6F, 0x75, 0x74, 0x02, 0x00, 0x02,0x6F, 0x75, 0x74, 0x20, 0x00, 0x03,
    0x6F, 0x75, 0x74, 0x28, 0x00, 0x01,0x6F, 0x75, 0x74, 0x3A, 0x00, 0x01,
    0x6F, 0x75, 0x74, 0x64, 0x00, 0x03,0x6F, 0x75, 0x74, 0x70, 0x00, 0x10,
    0x6F, 0x76, 0x20, 0x2D, 0x00, 0x01,0x6F, 0x76, 0x20, 0x73, 0x00, 0x01,
    0x6F, 0x76, 0x65, 0x02, 0x00, 0x01,0x6F, 0x76, 0x65, 0x20, 0x00, 0x07,
    0x6F, 0x76, 0x65, 0x72, 0x00, 0x06,0x6F, 0x77, 0x20, 0x2B, 0x00, 0x01,
    0x6F, 0x77, 0x20, 0x61, 0x00, 0x01,0x6F, 0x77, 0x20, 0x64, 0x00, 0x01,
    0x6F, 0x77, 0x20, 0x68, 0x00, 0x01,0x6F, 0x77, 0x20, 0x70, 0x00, 0x01,
    0x6F, 0x77, 0x22, 0x02, 0x00, 0x01,0x6F, 0x77, 0x2D, 0x72, 0x00, 0x01,
    0x6F, 0x77, 0x65, 0x72, 0x00, 0x02,0x6F, 0x77, 0x6E, 0x02, 0x00, 0x02,
    0x6F, 0x77, 0x6E, 0x20, 0x00, 0x02,0x6F, 0x77, 0x6E, 0x2D, 0x00, 0x01,
    0x6F, 0x77, 0x73, 0x65, 0x00, 0x02,0x6F, 0x78, 0x79, 0x66, 0x00, 0x01,
    0x6F, 0x78, 0x79, 0x67, 0x00, 0x01,0x6F, 0x79, 0x20, 0x65, 0x00, 0x01,
    0x6F, 0x79, 0x6D, 0x65, 0x00, 0x03,0x70, 0x20, 0x22, 0x70, 0x00, 0x01,
    0x70, 0x20, 0x2B, 0x33, 0x00, 0x01,0x70, 0x20, 0x2D, 0x2D, 0x00, 0x01,
    0x70, 0x20, 0x2D, 0x61, 0x00, 0x01,0x70, 0x20, 0x2D, 0x63, 0x00, 0x01,
    0x70, 0x20, 0x2D, 0x64, 0x00, 0x04,0x70, 0x20, 0x2D, 0x66, 0x00, 0x01,
    0x70, 0x20, 0x2D, 0x69, 0x00, 0x03,0x70, 0x20, 0x2D, 0x6C, 0x00, 0x01,
    0x70, 0x20, 0x2D, 0x6D, 0x00, 0x01,0x70, 0x20, 0x2D, 0x6E, 0x00, 0x02,
    0x70, 0x20, 0x2D, 0x72, 0x00, 0x06,0x70, 0x20, 0x2D, 0x73, 0x00, 0x01,
    0x70, 0x20, 0x2D, 0x74, 0x00, 0x01,0x70, 0x20, 0x2D, 0x76, 0x00, 0x02,
    0x70, 0x20, 0x30, 0x2E, 0x00, 0x01,0x70, 0x20, 0x31, 0x02, 0x00, 0x01,
    0x70, 0x20, 0x31, 0x20, 0x00, 0x01,0x70, 0x20, 0x32, 0x32, 0x00, 0x01,
    0x70, 0x20, 0x35, 0x02, 0x00, 0x01,0x70, 0x20, 0x38, 0x30, 0x00, 0x01,
    0x70, 0x20, 0x61, 0x63, 0x00, 0x01,0x70, 0x20, 0x61, 0x6C, 0x00, 0x02,
    0x70, 0x20, 0x61, 0x70, 0x00, 0x01,0x70, 0x20, 0x62, 0x69, 0x00, 0x01,
    0x70, 0x20, 0x63, 0x61, 0x00, 0x01,0x70, 0x20, 0x63, 0x68, 0x00, 0x01,
    0x70, 0x20, 0x63, 0x6D, 0x00, 0x02,0x70, 0x20, 0x63, 0x6F, 0x00, 0x02,
    0x70, 0x20, 0x63, 0x72, 0x00, 0x01,0x70, 0x20, 0x64, 0x69, 0x00, 0x03,
    0x70, 0x20, 0x66, 0x69, 0x00, 0x08,0x70, 0x20, 0x66, 0x72, 0x00, 0x02,
    0x70, 0x20, 0x67, 0x6F, 0x00, 0x01,0x70, 0x20, 0x68, 0x61, 0x00, 0x01,
    0x70, 0x20, 0x69, 0x6E, 0x00, 0x08,0x70, 0x20, 0x6C, 0x69, 0x00, 0x02,
    0x70, 0x20, 0x6D, 0x79, 0x00, 0x04,0x70, 0x20, 0x70, 0x61, 0x00, 0x05,
    0x70, 0x20, 0x70, 0x69, 0x00, 0x02,0x70, 0x20, 0x73, 0x63, 0x00, 0x01,
    0x70, 0x20, 0x73, 0x65, 0x00, 0x02,0x70, 0x20, 0x73, 0x68, 0x00, 0x01,
    0x70, 0x20, 0x73, 0x6F, 0x00, 0x01,0x70, 0x20, 0x75, 0x6E, 0x00, 0x01,
    0x70, 0x2D, 0x61, 0x75, 0x00, 0x01,0x70, 0x2D, 0x70, 0x6F, 0x00, 0x01,
    0x70, 0x2D, 0x73, 0x65, 0x00, 0x02,0x70, 0x2E, 0x6A, 0x73, 0x00, 0x02,
    0x70, 0x2E, 0x70, 0x79, 0x00, 0x02,0x70, 0x2E, 0x73, 0x65, 0x00, 0x02,
    0x70, 0x30, 0x30, 0x30, 0x00, 0x01,0x70, 0x32, 0x20, 0x66, 0x00, 0x02,
    0x70, 0x3A, 0x2F, 0x2F, 0x00, 0x01,0x70, 0x3A, 0x63, 0x6F, 0x00, 0x01,
    0x70, 0x3A, 0x70, 0x6C, 0x00, 0x01,0x70, 0x5F, 0x66, 0x6F, 0x00, 0x01,
    0x70, 0x61, 0x63, 0x6B, 0x00, 0x36,0x70, 0x61, 0x63, 0x6D, 0x00, 0x01,
    0x70, 0x61, 0x64, 0x2E, 0x00, 0x01,0x70, 0x61, 0x6E, 0x64, 0x00, 0x01,
    0x70, 0x61, 0x72, 0x61, 0x00, 0x01,0x70, 0x61, 0x72, 0x73, 0x00, 0x02,
    0x70, 0x61, 0x73, 0x73, 0x00, 0x01,0x70, 0x61, 0x74, 0x63, 0x00, 0x04,
    0x70, 0x61, 0x74, 0x68, 0x00, 0x18,0x70, 0x61, 0x74, 0x74, 0x00, 0x12,
    0x70, 0x63, 0x6F, 0x6E, 0x00, 0x02,0x70, 0x64, 0x20, 0x2D, 0x00, 0x01,
    0x70, 0x64, 0x61, 0x74, 0x00, 0x0A,0x70, 0x64, 0x62, 0x20, 0x00, 0x02,
    0x70, 0x64, 0x62, 0x2E, 0x00, 0x01,0x70, 0x64, 0x62, 0x3B, 0x00, 0x01,
    0x70, 0x65, 0x20, 0x64, 0x00, 0x01,0x70, 0x65, 0x20, 0x66, 0x00, 0x02,
    0x70, 0x65, 0x3D, 0x64, 0x00, 0x01,0x70, 0x65, 0x3D, 0x72, 0x00, 0x01,
    0x70, 0x65, 0x66, 0x61, 0x00, 0x01,0x70, 0x65, 0x6D, 0x20, 0x00, 0x01,
    0x70, 0x65, 0x6E, 0x02, 0x00, 0x01,0x70, 0x65, 0x6E, 0x20, 0x00, 0x01,
    0x70, 0x65, 0x6E, 0x64, 0x00, 0x02,0x70, 0x65, 0x72, 0x20, 0x00, 0x01,
    0x70, 0x65, 0x72, 0x66, 0x00, 0x04,0x70, 0x65, 0x72, 0x6C, 0x00, 0x01,
    0x70, 0x65, 0x72, 0x75, 0x00, 0x01,0x70, 0x67, 0x72, 0x61, 0x00, 0x07,
    0x70, 0x67, 0x73, 0x69, 0x00, 0x01,0x70, 0x68, 0x22, 0x02, 0x00, 0x01,
    0x70, 0x68, 0x69, 0x6E, 0x00, 0x02,0x70, 0x68, 0x70, 0x02, 0x00, 0x02,
    0x70, 0x68, 0x70, 0x20, 0x00, 0x06,0x70, 0x69, 0x63, 0x6B, 0x00, 0x02,
    0x70, 0x69, 0x64, 0x02, 0x00, 0x05,0x70, 0x69, 0x64, 0x2C, 0x00, 0x01,
    0x70, 0x69, 0x6C, 0x65, 0x00, 0x03,0x70, 0x69, 0x6E, 0x67, 0x00, 0x04,
    0x70, 0x69, 0x70, 0x02, 0x00, 0x01,0x70, 0x69, 0x70, 0x20, 0x00, 0x12,
    0x70, 0x69, 0x70, 0x65, 0x00, 0x02,0x70, 0x6B, 0x72, 0x2E, 0x00, 0x01,
    0x70, 0x6C, 0x61, 0x63, 0x00, 0x01,0x70, 0x6C, 0x61, 0x6E, 0x00, 0x01,
    0x70, 0x6C, 0x61, 0x74, 0x00, 0x03,0x70, 0x6C, 0x61, 0x79, 0x00, 0x03,
    0x70, 0x6C, 0x65, 0x02, 0x00, 0x01,0x70, 0x6C, 0x69, 0x63, 0x00, 0x01,
    0x70, 0x6C, 0x6F, 0x72, 0x00, 0x01,0x70, 0x6C, 0x6F, 0x74, 0x00, 0x01,
    0x70, 0x6C, 0x6F, 0x79, 0x00, 0x06,0x70, 0x6C, 0x75, 0x73, 0x00, 0x01,
    0x70, 0x6C, 0x79, 0x02, 0x00, 0x01,0x70, 0x6C, 0x79, 0x20, 0x00, 0x01,
    0x70, 0x6D, 0x20, 0x61, 0x00, 0x06,0x70, 0x6D, 0x20, 0x62, 0x00, 0x01,
    0x70, 0x6D, 0x20, 0x63, 0x00, 0x08,0x70, 0x6D, 0x20, 0x64, 0x00, 0x03,
    0x70, 0x6D, 0x20, 0x65, 0x00, 0x02,0x70, 0x6D, 0x20, 0x68, 0x00, 0x01,
    0x70, 0x6D, 0x20, 0x69, 0x00, 0x09,0x70, 0x6D, 0x20, 0x6C, 0x00, 0x07,
    0x70, 0x6D, 0x20, 0x6F, 0x00, 0x02,0x70, 0x6D, 0x20, 0x70, 0x00, 0x03,
    0x70, 0x6D, 0x20, 0x72, 0x00, 0x08,0x70, 0x6D, 0x20, 0x73, 0x00, 0x02,
    0x70, 0x6D, 0x20, 0x74, 0x00, 0x02,0x70, 0x6D, 0x20, 0x75, 0x00, 0x03,
    0x70, 0x6D, 0x20, 0x76, 0x00, 0x03,0x70, 0x6D, 0x32, 0x20, 0x00, 0x12,
    0x70, 0x6D, 0x6F, 0x64, 0x00, 0x01,0x70, 0x6E, 0x70, 0x6D, 0x00, 0x04,
    0x70, 0x6F, 0x20, 0x61, 0x00, 0x01,0x70, 0x6F, 0x20, 0x70, 0x00, 0x03,
    0x70, 0x6F, 0x20, 0x75, 0x00, 0x01,0x70, 0x6F, 0x2D, 0x61, 0x00, 0x01,
    0x70, 0x6F, 0x2E, 0x67, 0x00, 0x01,0x70, 0x6F, 0x64, 0x02, 0x00, 0x01,
    0x70, 0x6F, 0x64, 0x20, 0x00, 0x04,0x70, 0x6F, 0x64, 0x73, 0x00, 0x01,
    0x70, 0x6F, 0x69, 0x6E, 0x00, 0x05,0x70, 0x6F, 0x6C, 0x69, 0x00, 0x01,
    0x70, 0x6F, 0x70, 0x02, 0x00, 0x01,0x70, 0x6F, 0x72, 0x63, 0x00, 0x01,
    0x70, 0x6F, 0x72, 0x74, 0x00, 0x23,0x70, 0x6F, 0x73, 0x65, 0x00, 0x0A,
    0x70, 0x6F, 0x73, 0x74, 0x00, 0x01,0x70, 0x6F, 0x77, 0x65, 0x00, 0x02,
    0x70, 0x70, 0x20, 0x2B, 0x00, 0x01,0x70, 0x70, 0x20, 0x61, 0x00, 0x02,
    0x70, 0x70, 0x20, 0x6D, 0x00, 0x04,0x70, 0x70, 0x22, 0x02, 0x00, 0x01,
    0x70, 0x70, 0x2E, 0x6A, 0x00, 0x02,0x70, 0x70, 0x64, 0x61, 0x00, 0x01,
    0x70, 0x70, 0x65, 0x72, 0x00, 0x01,0x70, 0x70, 0x6C, 0x79, 0x00, 0x02,
    0x70, 0x70, 0x79, 0x2D, 0x00, 0x01,0x70, 0x72, 0x65, 0x66, 0x00, 0x01,
    0x70, 0x72, 0x65, 0x73, 0x00, 0x01,0x70, 0x72, 0x65, 0x74, 0x00, 0x01,
    0x70, 0x72, 0x65, 0x76, 0x00, 0x01,0x70, 0x72, 0x69, 0x6E, 0x00, 0x06,
    0x70, 0x72, 0x6F, 0x62, 0x00, 0x01,0x70, 0x72, 0x6F, 0x63, 0x00, 0x0A,
    0x70, 0x72, 0x6F, 0x64, 0x00, 0x01,0x70, 0x72, 0x6F, 0x66, 0x00, 0x04,
    0x70, 0x72, 0x6F, 0x6A, 0x00, 0x0E,0x70, 0x72, 0x6F, 0x6D, 0x00, 0x02,
    0x70, 0x72, 0x75, 0x6E, 0x00, 0x04,0x70, 0x73, 0x20, 0x2D, 0x00, 0x03,
    0x70, 0x73, 0x20, 0x61, 0x00, 0x01,0x70, 0x73, 0x74, 0x61, 0x00, 0x02,
    0x70, 0x74, 0x20, 0x61, 0x00, 0x01,0x70, 0x74, 0x20, 0x69, 0x00, 0x01,
    0x70, 0x74, 0x20, 0x6D, 0x00, 0x01,0x70, 0x74, 0x20, 0x6E, 0x00, 0x01,
    0x70, 0x74, 0x20, 0x72, 0x00, 0x01,0x70, 0x74, 0x20, 0x73, 0x00, 0x01,
    0x70, 0x74, 0x20, 0x75, 0x00, 0x02,0x70, 0x74, 0x22, 0x20, 0x00, 0x01,
    0x70, 0x74, 0x2D, 0x63, 0x00, 0x01,0x70, 0x74, 0x2E, 0x6A, 0x00, 0x02,
    0x70, 0x74, 0x2E, 0x70, 0x00, 0x0A,0x70, 0x74, 0x2E, 0x72, 0x00, 0x02,
    0x70, 0x74, 0x2E, 0x74, 0x00, 0x03,0x70, 0x74, 0x68, 0x3D, 0x00, 0x03,
    0x70, 0x74, 0x69, 0x6D, 0x00, 0x03,0x70, 0x74, 0x73, 0x02, 0x00, 0x01,
    0x70, 0x74, 0x75, 0x72, 0x00, 0x01,0x70, 0x74, 0x79, 0x3B, 0x00, 0x02,
    0x70, 0x75, 0x62, 0x6C, 0x00, 0x04,0x70, 0x75, 0x69, 0x6E, 0x00, 0x01,
    0x70, 0x75, 0x6C, 0x69, 0x00, 0x01,0x70, 0x75, 0x6C, 0x6C, 0x00, 0x06,
    0x70, 0x75, 0x6C, 0x75, 0x00, 0x05,0x70, 0x75, 0x73, 0x28, 0x00, 0x01,
    0x70, 0x75, 0x73, 0x68, 0x00, 0x03,0x70, 0x75, 0x74, 0x02, 0x00, 0x02,
    0x70, 0x75, 0x74, 0x20, 0x00, 0x0C,0x70, 0x75, 0x74, 0x2D, 0x00, 0x03,
    0x70, 0x75, 0x74, 0x2E, 0x00, 0x03,0x70, 0x75, 0x74, 0x65, 0x00, 0x01,
    0x70, 0x76, 0x34, 0x2E, 0x00, 0x01,0x70, 0x77, 0x64, 0x02, 0x00, 0x02,
    0x70, 0x77, 0x73, 0x68, 0x00, 0x02,0x70, 0x78, 0x20, 0x62, 0x00, 0x01,
    0x70, 0x78, 0x20, 0x63, 0x00, 0x09,0x70, 0x78, 0x20, 0x65, 0x00, 0x02,
    0x70, 0x78, 0x20, 0x66, 0x00, 0x01,0x70, 0x78, 0x20, 0x68, 0x00, 0x01,
    0x70, 0x78, 0x20, 0x6C, 0x00, 0x02,0x70, 0x78, 0x20, 0x6E, 0x00, 0x01,
    0x70, 0x78, 0x20, 0x70, 0x00, 0x14,0x70, 0x78, 0x20, 0x73, 0x00, 0x03,
    0x70, 0x78, 0x20, 0x74, 0x00, 0x03,0x70, 0x78, 0x20, 0x76, 0x00, 0x03,
    0x70, 0x79, 0x20, 0x63, 0x00, 0x01,0x70, 0x79, 0x20, 0x64, 0x00, 0x01,
    0x70, 0x79, 0x20, 0x66, 0x00, 0x01,0x70, 0x79, 0x20, 0x69, 0x00, 0x01,
    0x70, 0x79, 0x20, 0x6D, 0x00, 0x02,0x70, 0x79, 0x20, 0x72, 0x00, 0x01,
    0x70, 0x79, 0x20, 0x73, 0x00, 0x02,0x70, 0x79, 0x20, 0x74, 0x00, 0x01,
    0x70, 0x79, 0x22, 0x02, 0x00, 0x01,0x70, 0x79, 0x2D, 0x64, 0x00, 0x01,
    0x70, 0x79, 0x33, 0x31, 0x00, 0x01,0x70, 0x79, 0x65, 0x6E, 0x00, 0x03,
    0x70, 0x79, 0x6C, 0x69, 0x00, 0x01,0x70, 0x79, 0x6E, 0x62, 0x00, 0x02,
    0x70, 0x79, 0x74, 0x65, 0x00, 0x0B,0x70, 0x79, 0x74, 0x68, 0x00, 0x51,
    0x70, 0x79, 0x75, 0x70, 0x00, 0x01,0x71, 0x20, 0x2D, 0x63, 0x00, 0x01,
    0x71, 0x20, 0x31, 0x20, 0x00, 0x02,0x71, 0x20, 0x66, 0x69, 0x00, 0x02,
    0x71, 0x20, 0x75, 0x72, 0x00, 0x01,0x71, 0x22, 0x20, 0x66, 0x00, 0x01,
    0x71, 0x6C, 0x69, 0x74, 0x00, 0x01,0x71, 0x75, 0x61, 0x6C, 0x00, 0x02,
    0x71, 0x75, 0x65, 0x73, 0x00, 0x02,0x71, 0x75, 0x69, 0x63, 0x00, 0x01,
    0x71, 0x75, 0x69, 0x6C, 0x00, 0x01,0x71, 0x75, 0x69, 0x72, 0x00, 0x07,
    0x72, 0x20, 0x22, 0x65, 0x00, 0x01,0x72, 0x20, 0x22, 0x73, 0x00, 0x01,
    0x72, 0x20, 0x2D, 0x2D, 0x00, 0x03,0x72, 0x20, 0x2D, 0x63, 0x00, 0x03,
    0x72, 0x20, 0x2D, 0x6B, 0x00, 0x01,0x72, 0x20, 0x2D, 0x70, 0x00, 0x02,
    0x72, 0x20, 0x2D, 0x72, 0x00, 0x01,0x72, 0x20, 0x2D, 0x74, 0x00, 0x02,
    0x72, 0x20, 0x2D, 0x75, 0x00, 0x01,0x72, 0x20, 0x2D, 0x78, 0x00, 0x04,
    0x72, 0x20, 0x2F, 0x62, 0x00, 0x01,0x72, 0x20, 0x2F, 0x73, 0x00, 0x01,
    0x72, 0x20, 0x2F, 0x77, 0x00, 0x01,0x72, 0x20, 0x31, 0x02, 0x00, 0x01,
    0x72, 0x20, 0x38, 0x30, 0x00, 0x03,0x72, 0x20, 0x5D, 0x3B, 0x00, 0x01,
    0x72, 0x20, 0x61, 0x70, 0x00, 0x01,0x72, 0x20, 0x61, 0x72, 0x00, 0x01,
    0x72, 0x20, 0x62, 0x61, 0x00, 0x01,0x72, 0x20, 0x62, 0x75, 0x00, 0x03,
    0x72, 0x20, 0x63, 0x6C, 0x00, 0x01,0x72, 0x20, 0x63, 0x72, 0x00, 0x01,
    0x72, 0x20, 0x64, 0x69, 0x00, 0x05,0x72, 0x20, 0x64, 0x75, 0x00, 0x01,
    0x72, 0x20, 0x65, 0x78, 0x00, 0x01,0x72, 0x20, 0x66, 0x69, 0x00, 0x02,
    0x72, 0x20, 0x66, 0x75, 0x00, 0x01,0x72, 0x20, 0x67, 0x6C, 0x00, 0x01,
    0x72, 0x20, 0x68, 0x74, 0x00, 0x01,0x72, 0x20, 0x69, 0x20, 0x00, 0x02,
    0x72, 0x20, 0x69, 0x6D, 0x00, 0x01,0x72, 0x20, 0x69, 0x6E, 0x00, 0x03,
    0x72, 0x20, 0x6C, 0x61, 0x00, 0x01,0x72, 0x20, 0x6C, 0x6F, 0x00, 0x02,
    0x72, 0x20, 0x6E, 0x62, 0x00, 0x02,0x72, 0x20, 0x6E, 0x6F, 0x00, 0x01,
    0x72, 0x20, 0x70, 0x61, 0x00, 0x03,0x72, 0x20, 0x70, 0x73, 0x00, 0x02,
    0x72, 0x20, 0x70, 0x75, 0x00, 0x01,0x72, 0x20, 0x72, 0x65, 0x00, 0x02,
    0x72, 0x20, 0x72, 0x6D, 0x00, 0x02,0x72, 0x20, 0x72, 0x75, 0x00, 0x03,
    0x72, 0x20, 0x73, 0x33, 0x00, 0x01,0x72, 0x20, 0x73, 0x6F, 0x00, 0x03,
    0x72, 0x20, 0x73, 0x72, 0x00, 0x01,0x72, 0x20, 0x73, 0x74, 0x00, 0x03,
    0x72, 0x20, 0x74, 0x65, 0x00, 0x01,0x72, 0x20, 0x75, 0x70, 0x00, 0x01,
    0x72, 0x20, 0x75, 0x73, 0x00, 0x02,0x72, 0x20, 0x76, 0x69, 0x00, 0x01,
    0x72, 0x22, 0x20, 0x5D, 0x00, 0x02,0x72, 0x22, 0x20, 0x66, 0x00, 0x01,
    0x72, 0x2D, 0x62, 0x72, 0x00, 0x01,0x72, 0x2D, 0x63, 0x6F, 0x00, 0x04,
    0x72, 0x2D, 0x65, 0x61, 0x00, 0x01,0x72, 0x2D, 0x72, 0x65, 0x00, 0x01,
    0x72, 0x2D, 0x73, 0x79, 0x00, 0x01,0x72, 0x2E, 0x62, 0x7A, 0x00, 0x02,
    0x72, 0x2E, 0x65, 0x6D, 0x00, 0x01,0x72, 0x2E, 0x67, 0x7A, 0x00, 0x03,
    0x72, 0x2E, 0x68, 0x63, 0x00, 0x01,0x72, 0x2E, 0x6E, 0x61, 0x00, 0x01,
    0x72, 0x2E, 0x73, 0x69, 0x00, 0x01,0x72, 0x2E, 0x75, 0x69, 0x00, 0x01,
    0x72, 0x2F, 0x62, 0x69, 0x00, 0x01,0x72, 0x2F, 0x6C, 0x6F, 0x00, 0x01,
    0x72, 0x2F, 0x73, 0x75, 0x00, 0x01,0x72, 0x31, 0x20, 0x64, 0x00, 0x01,
    0x72, 0x32, 0x6C, 0x69, 0x00, 0x01,0x72, 0x3A, 0x20, 0x76, 0x00, 0x01,
    0x72, 0x3A, 0x67, 0x72, 0x00, 0x02,0x72, 0x3B, 0x20, 0x66, 0x00, 0x01,
    0x72, 0x3D, 0x76, 0x61, 0x00, 0x02,0x72, 0x3D, 0x76, 0x69, 0x00, 0x01,
    0x72, 0x40, 0x68, 0x6F, 0x00, 0x05,0x72, 0x61, 0x20, 0x73, 0x00, 0x01,
    0x72, 0x61, 0x63, 0x65, 0x00, 0x09,0x72, 0x61, 0x64, 0x65, 0x00, 0x07,
    0x72, 0x61, 0x64, 0x6C, 0x00, 0x04,0x72, 0x61, 0x66, 0x6F, 0x00, 0x07,
    0x72, 0x61, 0x67, 0x65, 0x00, 0x05,0x72, 0x61, 0x69, 0x6C, 0x00, 0x04,
    0x72, 0x61, 0x6B, 0x65, 0x00, 0x03,0x72, 0x61, 0x6C, 0x6C, 0x00, 0x01,
    0x72, 0x61, 0x6E, 0x63, 0x00, 0x0E,0x72, 0x61, 0x6E, 0x64, 0x00, 0x01,
    0x72, 0x61, 0x6E, 0x67, 0x00, 0x01,0x72, 0x61, 0x6E, 0x6C, 0x00, 0x01,
    0x72, 0x61, 0x6E, 0x74, 0x00, 0x04,0x72, 0x61, 0x70, 0x02, 0x00, 0x01,
    0x72, 0x61, 0x70, 0x20, 0x00, 0x01,0x72, 0x61, 0x70, 0x68, 0x00, 0x02,
    0x72, 0x61, 0x74, 0x65, 0x00, 0x05,0x72, 0x61, 0x74, 0x69, 0x00, 0x02,
    0x72, 0x61, 0x76, 0x69, 0x00, 0x01,0x72, 0x62, 0x65, 0x6E, 0x00, 0x01,
    0x72, 0x63, 0x2F, 0x02, 0x00, 0x08,0x72, 0x63, 0x65, 0x02, 0x00, 0x03,
    0x72, 0x63, 0x65, 0x20, 0x00, 0x0F,0x72, 0x63, 0x65, 0x2E, 0x00, 0x13,
    0x72, 0x63, 0x65, 0x6C, 0x00, 0x01,0x72, 0x63, 0x65, 0x73, 0x00, 0x01,
    0x72, 0x63, 0x68, 0x20, 0x00, 0x06,0x72, 0x63, 0x68, 0x22, 0x00, 0x01,
    0x72, 0x63, 0x68, 0x29, 0x00, 0x01,0x72, 0x63, 0x68, 0x69, 0x00, 0x09,
    0x72, 0x64, 0x20, 0x63, 0x00, 0x01,0x72, 0x64, 0x20, 0x70, 0x00, 0x01,
    0x72, 0x64, 0x3D, 0x31, 0x00, 0x01,0x72, 0x64, 0x61, 0x79, 0x00, 0x01,
    0x72, 0x65, 0x20, 0x2D, 0x00, 0x01,0x72, 0x65, 0x20, 0x63, 0x00, 0x03,
    0x72, 0x65, 0x20, 0x66, 0x00, 0x02,0x72, 0x65, 0x20, 0x67, 0x00, 0x02,
    0x72, 0x65, 0x20, 0x6C, 0x00, 0x01,0x72, 0x65, 0x20, 0x70, 0x00, 0x03,
    0x72, 0x65, 0x22, 0x02, 0x00, 0x01,0x72, 0x65, 0x28, 0x27, 0x00, 0x03,
    0x72, 0x65, 0x2E, 0x61, 0x00, 0x02,0x72, 0x65, 0x2E, 0x65, 0x00, 0x01,
    0x72, 0x65, 0x61, 0x63, 0x00, 0x02,0x72, 0x65, 0x61, 0x64, 0x00, 0x08,
    0x72, 0x65, 0x61, 0x6B, 0x00, 0x02,0x72, 0x65, 0x61, 0x74, 0x00, 0x0D,
    0x72, 0x65, 0x62, 0x61, 0x00, 0x08,0x72, 0x65, 0x62, 0x75, 0x00, 0x01,
    0x72, 0x65, 0x63, 0x6F, 0x00, 0x01,0x72, 0x65, 0x63, 0x74, 0x00, 0x04,
    0x72, 0x65, 0x63, 0x75, 0x00, 0x01,0x72, 0x65, 0x64, 0x65, 0x00, 0x01,
    0x72, 0x65, 0x65, 0x02, 0x00, 0x06,0x72, 0x65, 0x65, 0x20, 0x00, 0x0A,
    0x72, 0x65, 0x65, 0x22, 0x00, 0x01,0x72, 0x65, 0x65, 0x2E, 0x00, 0x02,
    0x72, 0x65, 0x65, 0x6E, 0x00, 0x01,0x72, 0x65, 0x65, 0x7A, 0x00, 0x02,
    0x72, 0x65, 0x66, 0x02, 0x00, 0x02,0x72, 0x65, 0x66, 0x20, 0x00, 0x03,
    0x72, 0x65, 0x66, 0x65, 0x00, 0x03,0x72, 0x65, 0x66, 0x6C, 0x00, 0x02,
    0x72, 0x65, 0x66, 0x73, 0x00, 0x01,0x72, 0x65, 0x6C, 0x65, 0x00, 0x0C,
    0x72, 0x65, 0x6C, 0x6F, 0x00, 0x01,0x72, 0x65, 0x6D, 0x65, 0x00, 0x02,
    0x72, 0x65, 0x6D, 0x69, 0x00, 0x01,0x72, 0x65, 0x6D, 0x6F, 0x00, 0x0D,
    0x72, 0x65, 0x6E, 0x20, 0x00, 0x01,0x72, 0x65, 0x6E, 0x63, 0x00, 0x02,
    0x72, 0x65, 0x6E, 0x69, 0x00, 0x01,0x72, 0x65, 0x70, 0x20, 0x00, 0x0D,
    0x72, 0x65, 0x70, 0x61, 0x00, 0x01,0x72, 0x65, 0x70, 0x69, 0x00, 0x01,
    0x72, 0x65, 0x70, 0x6C, 0x00, 0x02,0x72, 0x65, 0x70, 0x6F, 0x00, 0x09,
    0x72, 0x65, 0x71, 0x75, 0x00, 0x09,0x72, 0x65, 0x73, 0x65, 0x00, 0x03,
    0x72, 0x65, 0x73, 0x73, 0x00, 0x02,0x72, 0x65, 0x73, 0x74, 0x00, 0x03,
    0x72, 0x65, 0x73, 0x75, 0x00, 0x01,0x72, 0x65, 0x74, 0x74, 0x00, 0x01,
    0x72, 0x65, 0x74, 0x75, 0x00, 0x02,0x72, 0x65, 0x76, 0x2D, 0x00, 0x03,
    0x72, 0x65, 0x76, 0x65, 0x00, 0x02,0x72, 0x65, 0x76, 0x69, 0x00, 0x01,
    0x72, 0x65, 0x77, 0x20, 0x00, 0x06,0x72, 0x66, 0x20, 0x64, 0x00, 0x01,
    0x72, 0x66, 0x20, 0x72, 0x00, 0x02,0x72, 0x66, 0x20, 0x73, 0x00, 0x01,
    0x72, 0x66, 0x20, 0x74, 0x00, 0x01,0x72, 0x66, 0x6C, 0x6F, 0x00, 0x01,
    0x72, 0x67, 0x20, 0x2D, 0x00, 0x01,0x72, 0x67, 0x31, 0x02, 0x00, 0x01,
    0x72, 0x67, 0x65, 0x02, 0x00, 0x01,0x72, 0x67, 0x65, 0x20, 0x00, 0x03,
    0x72, 0x67, 0x65, 0x74, 0x00, 0x08,0x72, 0x67, 0x6F, 0x20, 0x00, 0x0F,
    0x72, 0x67, 0x73, 0x20, 0x00, 0x04,0x72, 0x67, 0x76, 0x29, 0x00, 0x01,
    0x72, 0x69, 0x62, 0x65, 0x00, 0x04,0x72, 0x69, 0x66, 0x79, 0x00, 0x01,
    0x72, 0x69, 0x67, 0x67, 0x00, 0x01,0x72, 0x69, 0x67, 0x68, 0x00, 0x01,
    0x72, 0x69, 0x67, 0x69, 0x00, 0x08,0x72, 0x69, 0x6E, 0x63, 0x00, 0x01,
    0x72, 0x69, 0x6E, 0x64, 0x00, 0x05,0x72, 0x69, 0x6E, 0x67, 0x00, 0x02,
    0x72, 0x69, 0x6E, 0x6B, 0x00, 0x01,0x72, 0x69, 0x6E, 0x74, 0x00, 0x05,
    0x72, 0x69, 0x70, 0x20, 0x00, 0x01,0x72, 0x69, 0x70, 0x74, 0x00, 0x12,
    0x72, 0x69, 0x74, 0x65, 0x00, 0x02,0x72, 0x69, 0x76, 0x65, 0x00, 0x01,
    0x72, 0x6B, 0x74, 0x72, 0x00, 0x03,0x72, 0x6C, 0x20, 0x2D, 0x00, 0x0B,
    0x72, 0x6C, 0x20, 0x6F, 0x00, 0x01,0x72, 0x6C, 0x20, 0x73, 0x00, 0x01,
    0x72, 0x6C, 0x20, 0x75, 0x00, 0x01,0x72, 0x6C, 0x64, 0x22, 0x00, 0x01,
    0x72, 0x6C, 0x66, 0x20, 0x00, 0x02,0x72, 0x6D, 0x20, 0x2D, 0x00, 0x03,
    0x72, 0x6D, 0x20, 0x61, 0x00, 0x01,0x72, 0x6D, 0x20, 0x63, 0x00, 0x01,
    0x72, 0x6D, 0x20, 0x64, 0x00, 0x01,0x72, 0x6D, 0x20, 0x66, 0x00, 0x03,
    0x72, 0x6D, 0x20, 0x69, 0x00, 0x01,0x72, 0x6D, 0x20, 0x6A, 0x00, 0x01,
    0x72, 0x6D, 0x20, 0x70, 0x00, 0x01,0x72, 0x6D, 0x20, 0x73, 0x00, 0x01,
    0x72, 0x6D, 0x20, 0x76, 0x00, 0x01,0x72, 0x6D, 0x22, 0x02, 0x00, 0x01,
    0x72, 0x6D, 0x29, 0x22, 0x00, 0x01,0x72, 0x6D, 0x3D, 0x78, 0x00, 0x01,
    0x72, 0x6D, 0x61, 0x74, 0x00, 0x03,0x72, 0x6D, 0x64, 0x69, 0x00, 0x01,
    0x72, 0x6D, 0x69, 0x20, 0x00, 0x01,0x72, 0x6D, 0x6D, 0x6F, 0x00, 0x01,
    0x72, 0x6E, 0x20, 0x30, 0x00, 0x01,0x72, 0x6E, 0x20, 0x31, 0x00, 0x01,
    0x72, 0x6E, 0x20, 0x61, 0x00, 0x02,0x72, 0x6E, 0x20, 0x66, 0x00, 0x04,
    0x72, 0x6E, 0x20, 0x69, 0x00, 0x01,0x72, 0x6E, 0x20, 0x72, 0x00, 0x02,
    0x72, 0x6E, 0x20, 0x73, 0x00, 0x01,0x72, 0x6E, 0x20, 0x74, 0x00, 0x01,
    0x72, 0x6E, 0x22, 0x02, 0x00, 0x02,0x72, 0x6E, 0x22, 0x20, 0x00, 0x01,
    0x72, 0x6E, 0x29, 0x20, 0x00, 0x01,0x72, 0x6E, 0x2F, 0x64, 0x00, 0x01,
    0x72, 0x6E, 0x61, 0x6C, 0x00, 0x03,0x72, 0x6E, 0x61, 0x6D, 0x00, 0x01,
    0x72, 0x6F, 0x20, 0x6F, 0x00, 0x01,0x72, 0x6F, 0x62, 0x65, 0x00, 0x01,
    0x72, 0x6F, 0x63, 0x2F, 0x00, 0x01,0x72, 0x6F, 0x63, 0x65, 0x00, 0x09,
    0x72, 0x6F, 0x64, 0x75, 0x00, 0x01,0x72, 0x6F, 0x66, 0x02, 0x00, 0x01,
    0x72, 0x6F, 0x66, 0x20, 0x00, 0x01,0x72, 0x6F, 0x66, 0x69, 0x00, 0x02,
    0x72, 0x6F, 0x6A, 0x02, 0x00, 0x03,0x72, 0x6F, 0x6A, 0x2E, 0x00, 0x02,
    0x72, 0x6F, 0x6A, 0x65, 0x00, 0x09,0x72, 0x6F, 0x6D, 0x70, 0x00, 0x02,
    0x72, 0x6F, 0x6E, 0x6D, 0x00, 0x01,0x72, 0x6F, 0x6E, 0x74, 0x00, 0x03,
    0x72, 0x6F, 0x6F, 0x74, 0x00, 0x01,0x72, 0x6F, 0x70, 0x02, 0x00, 0x01,
    0x72, 0x6F, 0x74, 0x61, 0x00, 0x01,0x72, 0x6F, 0x75, 0x70, 0x00, 0x03,
    0x72, 0x6F, 0x77, 0x73, 0x00, 0x02,0x72, 0x6F, 0x79, 0x02, 0x00, 0x03,
    0x72, 0x70, 0x72, 0x6F, 0x00, 0x01,0x72, 0x72, 0x61, 0x66, 0x00, 0x07,
    0x72, 0x72, 0x65, 0x63, 0x00, 0x01,0x72, 0x72, 0x79, 0x02, 0x00, 0x01,
    0x72, 0x72, 0x79, 0x2D, 0x00, 0x02,0x72, 0x73, 0x20, 0x67, 0x00, 0x01,
    0x72, 0x73, 0x65, 0x20, 0x00, 0x02,0x72, 0x73, 0x68, 0x65, 0x00, 0x02,
    0x72, 0x73, 0x69, 0x6F, 0x00, 0x08,0x72, 0x73, 0x69, 0x76, 0x00, 0x01,
    0x72, 0x73, 0x79, 0x6E, 0x00, 0x03,0x72, 0x74, 0x20, 0x2D, 0x00, 0x05,
    0x72, 0x74, 0x20, 0x3E, 0x00, 0x01,0x72, 0x74, 0x20, 0x61, 0x00, 0x03,
    0x72, 0x74, 0x20, 0x62, 0x00, 0x01,0x72, 0x74, 0x20, 0x63, 0x00, 0x01,
    0x72, 0x74, 0x20, 0x64, 0x00, 0x02,0x72, 0x74, 0x20, 0x65, 0x00, 0x01,
    0x72, 0x74, 0x20, 0x66, 0x00, 0x02,0x72, 0x74, 0x20, 0x67, 0x00, 0x01,
    0x72, 0x74, 0x20, 0x68, 0x00, 0x02,0x72, 0x74, 0x20, 0x6A, 0x00, 0x01,
    0x72, 0x74, 0x20, 0x6C, 0x00, 0x01,0x72, 0x74, 0x20, 0x6D, 0x00, 0x02,
    0x72, 0x74, 0x20, 0x6E, 0x00, 0x01,0x72, 0x74, 0x20, 0x6F, 0x00, 0x01,
    0x72, 0x74, 0x20, 0x70, 0x00, 0x03,0x72, 0x74, 0x20, 0x72, 0x00, 0x03,
    0x72, 0x74, 0x20, 0x73, 0x00, 0x08,0x72, 0x74, 0x20, 0x74, 0x00, 0x03,
    0x72, 0x74, 0x20, 0x75, 0x00, 0x01,0x72, 0x74, 0x20, 0x76, 0x00, 0x01,
    0x72, 0x74, 0x20, 0x78, 0x00, 0x01,0x72, 0x74, 0x20, 0x79, 0x00, 0x01,
    0x72, 0x74, 0x2D, 0x66, 0x00, 0x01,0x72, 0x74, 0x61, 0x70, 0x00, 0x01,
    0x72, 0x74, 0x6C, 0x6F, 0x00, 0x01,0x72, 0x74, 0x70, 0x72, 0x00, 0x01,
    0x72, 0x74, 0x75, 0x70, 0x00, 0x01,0x72, 0x75, 0x62, 0x79, 0x00, 0x03,
    0x72, 0x75, 0x65, 0x02, 0x00, 0x05,0x72, 0x75, 0x66, 0x66, 0x00, 0x01,
    0x72, 0x75, 0x6E, 0x02, 0x00, 0x08,0x72, 0x75, 0x6E, 0x20, 0x00, 0x10,
    0x72, 0x75, 0x6E, 0x65, 0x00, 0x04,0x72, 0x75, 0x6E, 0x73, 0x00, 0x01,
    0x72, 0x75, 0x6E, 0x74, 0x00, 0x01,0x72, 0x75, 0x73, 0x65, 0x00, 0x01,
    0x72, 0x75, 0x73, 0x74, 0x00, 0x02,0x72, 0x76, 0x65, 0x20, 0x00, 0x02,
    0x72, 0x76, 0x65, 0x72, 0x00, 0x07,0x72, 0x76, 0x69, 0x63, 0x00, 0x0A,
    0x72, 0x76, 0x6D, 0x20, 0x00, 0x01,0x72, 0x77, 0x61, 0x72, 0x00, 0x02,
    0x72, 0x79, 0x20, 0x2E, 0x00, 0x01,0x72, 0x79, 0x20, 0x30, 0x00, 0x01,
    0x72, 0x79, 0x20, 0x64, 0x00, 0x01,0x72, 0x79, 0x20, 0x67, 0x00, 0x01,
    0x72, 0x79, 0x20, 0x6F, 0x00, 0x02,0x72, 0x79, 0x2D, 0x70, 0x00, 0x02,
    0x72, 0x79, 0x62, 0x6F, 0x00, 0x01,0x72, 0x79, 0x75, 0x73, 0x00, 0x01,
    0x73, 0x20, 0x22, 0x2D, 0x00, 0x01,0x73, 0x20, 0x22, 0x2E, 0x00, 0x01,
    0x73, 0x20, 0x2D, 0x2D, 0x00, 0x04,0x73, 0x20, 0x2D, 0x61, 0x00, 0x02,
    0x73, 0x20, 0x2D, 0x65, 0x00, 0x02,0x73, 0x20, 0x2D, 0x67, 0x00, 0x02,
    0x73, 0x20, 0x2D, 0x69, 0x00, 0x01,0x73, 0x20, 0x2D, 0x6C, 0x00, 0x03,
    0x73, 0x20, 0x2D, 0x6E, 0x00, 0x03,0x73, 0x20, 0x2D, 0x6F, 0x00, 0x01,
    0x73, 0x20, 0x2D, 0x71, 0x00, 0x01,0x73, 0x20, 0x2D, 0x73, 0x00, 0x01,
    0x73, 0x20, 0x2D, 0x77, 0x00, 0x01,0x73, 0x20, 0x2E, 0x20, 0x00, 0x03,
    0x73, 0x20, 0x2E, 0x2E, 0x00, 0x01,0x73, 0x20, 0x2F, 0x76, 0x00, 0x01,
    0x73, 0x20, 0x61, 0x64, 0x00, 0x01,0x73, 0x20, 0x61, 0x6C, 0x00, 0x01,
    0x73, 0x20, 0x61, 0x75, 0x00, 0x01,0x73, 0x20, 0x62, 0x69, 0x00, 0x02,
    0x73, 0x20, 0x62, 0x75, 0x00, 0x01,0x73, 0x20, 0x63, 0x6C, 0x00, 0x01,
    0x73, 0x20, 0x63, 0x6D, 0x00, 0x02,0x73, 0x20, 0x63, 0x6F, 0x00, 0x03,
    0x73, 0x20, 0x64, 0x62, 0x00, 0x01,0x73, 0x20, 0x65, 0x63, 0x00, 0x01,
    0x73, 0x20, 0x66, 0x69, 0x00, 0x03,0x73, 0x20, 0x67, 0x3D, 0x00, 0x01,
    0x73, 0x20, 0x67, 0x65, 0x00, 0x02,0x73, 0x20, 0x6C, 0x61, 0x00, 0x01,
    0x73, 0x20, 0x6C, 0x69, 0x00, 0x02,0x73, 0x20, 0x6C, 0x6C, 0x00, 0x02,
    0x73, 0x20, 0x6C, 0x6F, 0x00, 0x01,0x73, 0x20, 0x6F, 0x75, 0x00, 0x01,
    0x73, 0x20, 0x70, 0x61, 0x00, 0x03,0x73, 0x20, 0x70, 0x6F, 0x00, 0x01,
    0x73, 0x20, 0x70, 0x72, 0x00, 0x01,0x73, 0x20, 0x72, 0x75, 0x00, 0x01,
    0x73, 0x20, 0x73, 0x33, 0x00, 0x03,0x73, 0x20, 0x73, 0x65, 0x00, 0x04,
    0x73, 0x20, 0x73, 0x68, 0x00, 0x01,0x73, 0x20, 0x73, 0x6F, 0x00, 0x01,
    0x73, 0x20, 0x73, 0x72, 0x00, 0x01,0x73, 0x20, 0x73, 0x74, 0x00, 0x01,
    0x73, 0x22, 0x20, 0x34, 0x00, 0x01,0x73, 0x22, 0x20, 0x66, 0x00, 0x01,
    0x73, 0x27, 0x29, 0x2E, 0x00, 0x01,0x73, 0x27, 0x29, 0x3B, 0x00, 0x01,
    0x73, 0x28, 0x29, 0x29, 0x00, 0x01,0x73, 0x29, 0x3B, 0x20, 0x00, 0x01,
    0x73, 0x2D, 0x66, 0x69, 0x00, 0x01,0x73, 0x2D, 0x6E, 0x6F, 0x00, 0x01,
    0x73, 0x2D, 0x72, 0x65, 0x00, 0x02,0x73, 0x2D, 0x74, 0x72, 0x00, 0x01,
    0x73, 0x2E, 0x61, 0x72, 0x00, 0x02,0x73, 0x2E, 0x63, 0x77, 0x00, 0x01,
    0x73, 0x2E, 0x65, 0x6E, 0x00, 0x01,0x73, 0x2E, 0x65, 0x78, 0x00, 0x01,
    0x73, 0x2E, 0x6C, 0x67, 0x00, 0x01,0x73, 0x2E, 0x6D, 0x65, 0x00, 0x01,
    0x73, 0x2E, 0x70, 0x6C, 0x00, 0x01,0x73, 0x2E, 0x72, 0x65, 0x00, 0x01,
    0x73, 0x2E, 0x74, 0x78, 0x00, 0x02,0x73, 0x2E, 0x75, 0x70, 0x00, 0x01,
    0x73, 0x2E, 0x75, 0x74, 0x00, 0x01,0x73, 0x2E, 0x76, 0x65, 0x00, 0x01,
    0x73, 0x2F, 0x20, 0x2D, 0x00, 0x04,0x73, 0x2F, 0x6F, 0x6C, 0x00, 0x01,
    0x73, 0x2F, 0x74, 0x65, 0x00, 0x01,0x73, 0x33, 0x20, 0x63, 0x00, 0x01,
    0x73, 0x33, 0x20, 0x6C, 0x00, 0x01,0x73, 0x33, 0x20, 0x73, 0x00, 0x01,
    0x73, 0x33, 0x3A, 0x2F, 0x00, 0x02,0x73, 0x3B, 0x20, 0x66, 0x00, 0x01,
    0x73, 0x3D, 0x31, 0x6D, 0x00, 0x02,0x73, 0x3D, 0x33, 0x02, 0x00, 0x01,
    0x73, 0x3D, 0x72, 0x65, 0x00, 0x01,0x73, 0x5C, 0x6E, 0x22, 0x00, 0x01,
    0x73, 0x61, 0x62, 0x6C, 0x00, 0x02,0x73, 0x61, 0x63, 0x02, 0x00, 0x01,
    0x73, 0x61, 0x66, 0x65, 0x00, 0x01,0x73, 0x61, 0x67, 0x65, 0x00, 0x03,
    0x73, 0x61, 0x72, 0x20, 0x00, 0x02,0x73, 0x61, 0x76, 0x65, 0x00, 0x03,
    0x73, 0x62, 0x5F, 0x72, 0x00, 0x01,0x73, 0x62, 0x6C, 0x6B, 0x00, 0x01,
    0x73, 0x62, 0x74, 0x20, 0x00, 0x02,0x73, 0x62, 0x75, 0x69, 0x00, 0x06,
    0x73, 0x63, 0x20, 0x2D, 0x00, 0x04,0x73, 0x63, 0x20, 0x2F, 0x00, 0x01,
    0x73, 0x63, 0x20, 0x66, 0x00, 0x01,0x73, 0x63, 0x61, 0x6C, 0x00, 0x02,
    0x73, 0x63, 0x6B, 0x02, 0x00, 0x01,0x73, 0x63, 0x6B, 0x20, 0x00, 0x02,
    0x73, 0x63, 0x6F, 0x76, 0x00, 0x01,0x73, 0x63, 0x70, 0x20, 0x00, 0x02,
    0x73, 0x63, 0x72, 0x65, 0x00, 0x01,0x73, 0x63, 0x72, 0x69, 0x00, 0x16,
    0x73, 0x63, 0x74, 0x6C, 0x00, 0x02,0x73, 0x64, 0x61, 0x31, 0x00, 0x02,
    0x73, 0x64, 0x69, 0x66, 0x00, 0x01,0x73, 0x64, 0x6B, 0x73, 0x00, 0x01,
    0x73, 0x65, 0x20, 0x24, 0x00, 0x01,0x73, 0x65, 0x20, 0x2D, 0x00, 0x07,
    0x73, 0x65, 0x20, 0x31, 0x00, 0x01,0x73, 0x65, 0x20, 0x62, 0x00, 0x03,
    0x73, 0x65, 0x20, 0x63, 0x00, 0x02,0x73, 0x65, 0x20, 0x64, 0x00, 0x01,
    0x73, 0x65, 0x20, 0x68, 0x00, 0x01,0x73, 0x65, 0x20, 0x74, 0x00, 0x01,
    0x73, 0x65, 0x20, 0x75, 0x00, 0x02,0x73, 0x65, 0x36, 0x34, 0x00, 0x01,
    0x73, 0x65, 0x61, 0x62, 0x00, 0x01,0x73, 0x65, 0x61, 0x72, 0x00, 0x06,
    0x73, 0x65, 0x63, 0x74, 0x00, 0x01,0x73, 0x65, 0x6C, 0x65, 0x00, 0x01,
    0x73, 0x65, 0x6E, 0x61, 0x00, 0x01,0x73, 0x65, 0x6E, 0x64, 0x00, 0x02,
    0x73, 0x65, 0x71, 0x20, 0x00, 0x02,0x73, 0x65, 0x72, 0x02, 0x00, 0x03,
    0x73, 0x65, 0x72, 0x20, 0x00, 0x0B,0x73, 0x65, 0x72, 0x2D, 0x00, 0x01,
    0x73, 0x65, 0x72, 0x2E, 0x00, 0x03,0x73, 0x65, 0x72, 0x3A, 0x00, 0x02,
    0x73, 0x65, 0x72, 0x40, 0x00, 0x05,0x73, 0x65, 0x72, 0x70, 0x00, 0x01,
    0x73, 0x65, 0x72, 0x76, 0x00, 0x13,0x73, 0x65, 0x73, 0x73, 0x00, 0x04,
    0x73, 0x65, 0x74, 0x20, 0x00, 0x0F,0x73, 0x65, 0x74, 0x2D, 0x00, 0x01,
    0x73, 0x65, 0x74, 0x5F, 0x00, 0x01,0x73, 0x65, 0x74, 0x74, 0x00, 0x01,
    0x73, 0x65, 0x74, 0x75, 0x00, 0x02,0x73, 0x67, 0x20, 0x2D, 0x00, 0x01,
    0x73, 0x68, 0x20, 0x2D, 0x00, 0x04,0x73, 0x68, 0x20, 0x64, 0x00, 0x02,
    0x73, 0x68, 0x20, 0x6C, 0x00, 0x01,0x73, 0x68, 0x20, 0x6F, 0x00, 0x02,
    0x73, 0x68, 0x20, 0x70, 0x00, 0x01,0x73, 0x68, 0x20, 0x75, 0x00, 0x01,
    0x73, 0x68, 0x2D, 0x6F, 0x00, 0x01,0x73, 0x68, 0x65, 0x6C, 0x00, 0x03,
    0x73, 0x68, 0x69, 0x66, 0x00, 0x01,0x73, 0x68, 0x6C, 0x69, 0x00, 0x01,
    0x73, 0x68, 0x6F, 0x72, 0x00, 0x01,0x73, 0x68, 0x6F, 0x77, 0x00, 0x07,
    0x73, 0x68, 0x72, 0x69, 0x00, 0x01,0x73, 0x69, 0x62, 0x6C, 0x00, 0x03,
    0x73, 0x69, 0x66, 0x02, 0x00, 0x01,0x73, 0x69, 0x67, 0x6E, 0x00, 0x03,
    0x73, 0x69, 0x6D, 0x70, 0x00, 0x01,0x73, 0x69, 0x6E, 0x63, 0x00, 0x01,
    0x73, 0x69, 0x6F, 0x6E, 0x00, 0x10,0x73, 0x69, 0x76, 0x65, 0x00, 0x02,
    0x73, 0x69, 0x7A, 0x65, 0x00, 0x01,0x73, 0x6B, 0x20, 0x2D, 0x00, 0x01,
    0x73, 0x6B, 0x22, 0x02, 0x00, 0x01,0x73, 0x6B, 0x3D, 0x70, 0x00, 0x01,
    0x73, 0x6B, 0x69, 0x70, 0x00, 0x01,0x73, 0x6B, 0x6B, 0x69, 0x00, 0x01,
    0x73, 0x6B, 0x6C, 0x65, 0x00, 0x01,0x73, 0x6B, 0x6C, 0x69, 0x00, 0x01,
    0x73, 0x6C, 0x65, 0x65, 0x00, 0x04,0x73, 0x6C, 0x69, 0x62, 0x00, 0x01,
    0x73, 0x6C, 0x69, 0x6E, 0x00, 0x01,0x73, 0x6C, 0x6E, 0x02, 0x00, 0x02,
    0x73, 0x6C, 0x6E, 0x20, 0x00, 0x01,0x73, 0x6C, 0x6F, 0x67, 0x00, 0x01,
    0x73, 0x6C, 0x6F, 0x6F, 0x00, 0x01,0x73, 0x6D, 0x2D, 0x70, 0x00, 0x01,
    0x73, 0x6D, 0x33, 0x32, 0x00, 0x01,0x73, 0x6D, 0x6F, 0x64, 0x00, 0x02,
    0x73, 0x6D, 0x74, 0x70, 0x00, 0x01,0x73, 0x6F, 0x66, 0x02, 0x00, 0x01,
    0x73, 0x6F, 0x66, 0x20, 0x00, 0x02,0x73, 0x6F, 0x66, 0x74, 0x00, 0x02,
    0x73, 0x6F, 0x6C, 0x65, 0x00, 0x0D,0x73, 0x6F, 0x6E, 0x02, 0x00, 0x05,
    0x73, 0x6F, 0x6E, 0x22, 0x00, 0x01,0x73, 0x6F, 0x6E, 0x2E, 0x00, 0x02,
    0x73, 0x6F, 0x72, 0x66, 0x00, 0x01,0x73, 0x6F, 0x72, 0x74, 0x00, 0x05,
    0x73, 0x6F, 0x75, 0x72, 0x00, 0x24,0x73, 0x70, 0x68, 0x69, 0x00, 0x02,
    0x73, 0x70, 0x72, 0x6F, 0x00, 0x02,0x73, 0x71, 0x6C, 0x69, 0x00, 0x01,
    0x73, 0x72, 0x2F, 0x62, 0x00, 0x01,0x73, 0x72, 0x63, 0x02, 0x00, 0x01,
    0x73, 0x72, 0x63, 0x2F, 0x00, 0x08,0x73, 0x72, 0x76, 0x02, 0x00, 0x01,
    0x73, 0x73, 0x20, 0x2F, 0x00, 0x01,0x73, 0x73, 0x20, 0x66, 0x00, 0x02,
    0x73, 0x73, 0x20, 0x72, 0x00, 0x01,0x73, 0x73, 0x22, 0x02, 0x00, 0x01,
    0x73, 0x73, 0x2E, 0x61, 0x00, 0x02,0x73, 0x73, 0x2E, 0x63, 0x00, 0x01,
    0x73, 0x73, 0x2E, 0x65, 0x00, 0x01,0x73, 0x73, 0x2E, 0x6D, 0x00, 0x01,
    0x73, 0x73, 0x2E, 0x70, 0x00, 0x01,0x73, 0x73, 0x2E, 0x75, 0x00, 0x01,
    0x73, 0x73, 0x2E, 0x76, 0x00, 0x01,0x73, 0x73, 0x61, 0x67, 0x00, 0x02,
    0x73, 0x73, 0x68, 0x02, 0x00, 0x01,0x73, 0x73, 0x68, 0x20, 0x00, 0x03,
    0x73, 0x73, 0x69, 0x66, 0x00, 0x01,0x73, 0x73, 0x69, 0x6F, 0x00, 0x04,
    0x73, 0x73, 0x69, 0x76, 0x00, 0x01,0x73, 0x73, 0x6C, 0x69, 0x00, 0x01,
    0x73, 0x73, 0x77, 0x64, 0x00, 0x01,0x73, 0x74, 0x20, 0x2D, 0x00, 0x0B,
    0x73, 0x74, 0x20, 0x2E, 0x00, 0x01,0x73, 0x74, 0x20, 0x2F, 0x00, 0x01,
    0x73, 0x74, 0x20, 0x38, 0x00, 0x01,0x73, 0x74, 0x20, 0x64, 0x00, 0x01,
    0x73, 0x74, 0x20, 0x66, 0x00, 0x01,0x73, 0x74, 0x20, 0x70, 0x00, 0x02,
    0x73, 0x74, 0x20, 0x72, 0x00, 0x02,0x73, 0x74, 0x20, 0x73, 0x00, 0x01,
    0x73, 0x74, 0x20, 0x74, 0x00, 0x06,0x73, 0x74, 0x20, 0x75, 0x00, 0x01,
    0x73, 0x74, 0x22, 0x02, 0x00, 0x01,0x73, 0x74, 0x28, 0x72, 0x00, 0x01,
    0x73, 0x74, 0x2D, 0x64, 0x00, 0x01,0x73, 0x74, 0x2D, 0x65, 0x00, 0x01,
    0x73, 0x74, 0x2D, 0x70, 0x00, 0x01,0x73, 0x74, 0x2D, 0x72, 0x00, 0x01,
    0x73, 0x74, 0x2D, 0x73, 0x00, 0x02,0x73, 0x74, 0x3A, 0x31, 0x00, 0x01,
    0x73, 0x74, 0x3A, 0x38, 0x00, 0x02,0x73, 0x74, 0x3A, 0x70, 0x00, 0x02,
    0x73, 0x74, 0x5F, 0x6D, 0x00, 0x01,0x73, 0x74, 0x5F, 0x6E, 0x00, 0x01,
    0x73, 0x74, 0x5F, 0x70, 0x00, 0x01,0x73, 0x74, 0x61, 0x63, 0x00, 0x01,
    0x73, 0x74, 0x61, 0x6C, 0x00, 0x2B,0x73, 0x74, 0x61, 0x6E, 0x00, 0x02,
    0x73, 0x74, 0x61, 0x72, 0x00, 0x11,0x73, 0x74, 0x61, 0x73, 0x00, 0x04,
    0x73, 0x74, 0x61, 0x74, 0x00, 0x13,0x73, 0x74, 0x63, 0x20, 0x00, 0x01,
    0x73, 0x74, 0x64, 0x3D, 0x00, 0x02,0x73, 0x74, 0x64, 0x62, 0x00, 0x01,
    0x73, 0x74, 0x65, 0x6D, 0x00, 0x0A,0x73, 0x74, 0x65, 0x72, 0x00, 0x04,
    0x73, 0x74, 0x66, 0x6D, 0x00, 0x01,0x73, 0x74, 0x6E, 0x61, 0x00, 0x02,
    0x73, 0x74, 0x6F, 0x70, 0x00, 0x03,0x73, 0x74, 0x6F, 0x72, 0x00, 0x02,
    0x73, 0x74, 0x72, 0x20, 0x00, 0x01,0x73, 0x74, 0x72, 0x61, 0x00, 0x03,
    0x73, 0x74, 0x72, 0x69, 0x00, 0x03,0x73, 0x74, 0x72, 0x6F, 0x00, 0x03,
    0x73, 0x74, 0x73, 0x22, 0x00, 0x01,0x73, 0x74, 0x73, 0x2F, 0x00, 0x06,
    0x73, 0x74, 0x73, 0x3B, 0x00, 0x01,0x73, 0x74, 0x75, 0x64, 0x00, 0x01,
    0x73, 0x74, 0x75, 0x73, 0x00, 0x01,0x73, 0x75, 0x61, 0x6C, 0x00, 0x01,
    0x73, 0x75, 0x62, 0x64, 0x00, 0x01,0x73, 0x75, 0x62, 0x6C, 0x00, 0x05,
    0x73, 0x75, 0x62, 0x6D, 0x00, 0x03,0x73, 0x75, 0x62, 0x74, 0x00, 0x01,
    0x73, 0x75, 0x64, 0x6F, 0x00, 0x03,0x73, 0x75, 0x6C, 0x20, 0x00, 0x03,
    0x73, 0x75, 0x70, 0x65, 0x00, 0x01,0x73, 0x75, 0x72, 0x65, 0x00, 0x01,
    0x73, 0x75, 0x72, 0x72, 0x00, 0x01,0x73, 0x76, 0x22, 0x02, 0x00, 0x01,
    0x73, 0x76, 0x65, 0x6C, 0x00, 0x01,0x73, 0x77, 0x64, 0x02, 0x00, 0x01,
    0x73, 0x77, 0x69, 0x74, 0x00, 0x01,0x73, 0x78, 0x20, 0x73, 0x00, 0x01,
    0x73, 0x79, 0x6D, 0x62, 0x00, 0x01,0x73, 0x79, 0x6E, 0x63, 0x00, 0x07,
    0x73, 0x79, 0x73, 0x22, 0x00, 0x01,0x73, 0x79, 0x73, 0x63, 0x00, 0x02,
    0x73, 0x79, 0x73, 0x6C, 0x00, 0x01,0x73, 0x79, 0x73, 0x74, 0x00, 0x0A,
    0x74, 0x20, 0x22, 0x6C, 0x00, 0x01,0x74, 0x20, 0x2D, 0x2D, 0x00, 0x14,
    0x74, 0x20, 0x2D, 0x61, 0x00, 0x03,0x74, 0x20, 0x2D, 0x62, 0x00, 0x01,
    0x74, 0x20, 0x2D, 0x63, 0x00, 0x02,0x74, 0x20, 0x2D, 0x64, 0x00, 0x02,
    0x74, 0x20, 0x2D, 0x65, 0x00, 0x01,0x74, 0x20, 0x2D, 0x66, 0x00, 0x02,
    0x74, 0x20, 0x2D, 0x6D, 0x00, 0x01,0x74, 0x20, 0x2D, 0x6E, 0x00, 0x04,
    0x74, 0x20, 0x2D, 0x6F, 0x00, 0x02,0x74, 0x20, 0x2D, 0x70, 0x00, 0x01,
    0x74, 0x20, 0x2D, 0x71, 0x00, 0x01,0x74, 0x20, 0x2D, 0x72, 0x00, 0x02,
    0x74, 0x20, 0x2D, 0x74, 0x00, 0x01,0x74, 0x20, 0x2D, 0x75, 0x00, 0x02,
    0x74, 0x20, 0x2D, 0x76, 0x00, 0x01,0x74, 0x20, 0x2D, 0x78, 0x00, 0x02,
    0x74, 0x20, 0x2D, 0x79, 0x00, 0x01,0x74, 0x20, 0x2D, 0x7A, 0x00, 0x01,
    0x74, 0x20, 0x2E, 0x2F, 0x00, 0x03,0x74, 0x20, 0x2F, 0x2F, 0x00, 0x01,
    0x74, 0x20, 0x2F, 0x65, 0x00, 0x02,0x74, 0x20, 0x2F, 0x6D, 0x00, 0x01,
    0x74, 0x20, 0x2F, 0x70, 0x00, 0x01,0x74, 0x20, 0x30, 0x02, 0x00, 0x01,
    0x74, 0x20, 0x31, 0x02, 0x00, 0x02,0x74, 0x20, 0x31, 0x30, 0x00, 0x01,
    0x74, 0x20, 0x38, 0x30, 0x00, 0x01,0x74, 0x20, 0x3E, 0x20, 0x00, 0x02,
    0x74, 0x20, 0x61, 0x64, 0x00, 0x06,0x74, 0x20, 0x61, 0x6C, 0x00, 0x01,
    0x74, 0x20, 0x61, 0x6D, 0x00, 0x01,0x74, 0x20, 0x61, 0x70, 0x00, 0x02,
    0x74, 0x20, 0x61, 0x72, 0x00, 0x01,0x74, 0x20, 0x61, 0x75, 0x00, 0x01,
    0x74, 0x20, 0x62, 0x61, 0x00, 0x02,0x74, 0x20, 0x62, 0x69, 0x00, 0x02,
    0x74, 0x20, 0x62, 0x6C, 0x00, 0x01,0x74, 0x20, 0x62, 0x72, 0x00, 0x04,
    0x74, 0x20, 0x62, 0x75, 0x00, 0x06,0x74, 0x20, 0x63, 0x61, 0x00, 0x01,
    0x74, 0x20, 0x63, 0x68, 0x00, 0x07,0x74, 0x20, 0x63, 0x6C, 0x00, 0x06,
    0x74, 0x20, 0x63, 0x6D, 0x00, 0x01,0x74, 0x20, 0x63, 0x6F, 0x00, 0x14,
    0x74, 0x20, 0x63, 0x73, 0x00, 0x01,0x74, 0x20, 0x64, 0x61, 0x00, 0x01,
    0x74, 0x20, 0x64, 0x65, 0x00, 0x05,0x74, 0x20, 0x64, 0x69, 0x00, 0x08,
    0x74, 0x20, 0x64, 0x6A, 0x00, 0x01,0x74, 0x20, 0x65, 0x64, 0x00, 0x01,
    0x74, 0x20, 0x65, 0x6D, 0x00, 0x01,0x74, 0x20, 0x66, 0x65, 0x00, 0x02,
    0x74, 0x20, 0x66, 0x66, 0x00, 0x02,0x74, 0x20, 0x66, 0x69, 0x00, 0x0A,
    0x74, 0x20, 0x66, 0x6C, 0x00, 0x01,0x74, 0x20, 0x66, 0x6F, 0x00, 0x04,
    0x74, 0x20, 0x66, 0x73, 0x00, 0x03,0x74, 0x20, 0x67, 0x63, 0x00, 0x03,
    0x74, 0x20, 0x67, 0x6F, 0x00, 0x01,0x74, 0x20, 0x67, 0x72, 0x00, 0x02,
    0x74, 0x20, 0x68, 0x61, 0x00, 0x03,0x74, 0x20, 0x68, 0x65, 0x00, 0x05,
    0x74, 0x20, 0x69, 0x6D, 0x00, 0x03,0x74, 0x20, 0x69, 0x6E, 0x00, 0x02,
    0x74, 0x20, 0x6A, 0x73, 0x00, 0x01,0x74, 0x20, 0x6B, 0x65, 0x00, 0x05,
    0x74, 0x20, 0x6B, 0x76, 0x00, 0x02,0x74, 0x20, 0x6C, 0x61, 0x00, 0x01,
    0x74, 0x20, 0x6C, 0x69, 0x00, 0x04,0x74, 0x20, 0x6C, 0x6F, 0x00, 0x06,
    0x74, 0x20, 0x6C, 0x73, 0x00, 0x03,0x74, 0x20, 0x6D, 0x61, 0x00, 0x04,
    0x74, 0x20, 0x6D, 0x65, 0x00, 0x04,0x74, 0x20, 0x6D, 0x6B, 0x00, 0x02,
    0x74, 0x20, 0x6D, 0x6F, 0x00, 0x01,0x74, 0x20, 0x6D, 0x73, 0x00, 0x01,
    0x74, 0x20, 0x6D, 0x76, 0x00, 0x01,0x74, 0x20, 0x6D, 0x79, 0x00, 0x01,
    0x74, 0x20, 0x6E, 0x61, 0x00, 0x02,0x74, 0x20, 0x6E, 0x65, 0x00, 0x05,
    0x74, 0x20, 0x6E, 0x6F, 0x00, 0x06,0x74, 0x20, 0x6E, 0x75, 0x00, 0x03,
    0x74, 0x20, 0x6F, 0x73, 0x00, 0x01,0x74, 0x20, 0x70, 0x61, 0x00, 0x0C,
    0x74, 0x20, 0x70, 0x64, 0x00, 0x01,0x74, 0x20, 0x70, 0x6F, 0x00, 0x02,
    0x74, 0x20, 0x70, 0x72, 0x00, 0x03,0x74, 0x20, 0x70, 0x75, 0x00, 0x08,
    0x74, 0x20, 0x71, 0x75, 0x00, 0x01,0x74, 0x20, 0x72, 0x61, 0x00, 0x01,
    0x74, 0x20, 0x72, 0x65, 0x00, 0x1F,0x74, 0x20, 0x72, 0x6D, 0x00, 0x01,
    0x74, 0x20, 0x72, 0x75, 0x00, 0x03,0x74, 0x20, 0x73, 0x65, 0x00, 0x08,
    0x74, 0x20, 0x73, 0x68, 0x00, 0x04,0x74, 0x20, 0x73, 0x69, 0x00, 0x01,
    0x74, 0x20, 0x73, 0x6B, 0x00, 0x01,0x74, 0x20, 0x73, 0x6C, 0x00, 0x01,
    0x74, 0x20, 0x73, 0x6F, 0x00, 0x0B,0x74, 0x20, 0x73, 0x71, 0x00, 0x01,
    0x74, 0x20, 0x73, 0x72, 0x00, 0x03,0x74, 0x20, 0x73, 0x73, 0x00, 0x01,
    0x74, 0x20, 0x73, 0x74, 0x00, 0x07,0x74, 0x20, 0x73, 0x75, 0x00, 0x04,
    0x74, 0x20, 0x73, 0x77, 0x00, 0x01,0x74, 0x20, 0x73, 0x79, 0x00, 0x02,
    0x74, 0x20, 0x74, 0x61, 0x00, 0x03,0x74, 0x20, 0x74, 0x65, 0x00, 0x0B,
    0x74, 0x20, 0x74, 0x68, 0x00, 0x01,0x74, 0x20, 0x74, 0x6F, 0x00, 0x01,
    0x74, 0x20, 0x75, 0x70, 0x00, 0x05,0x74, 0x20, 0x75, 0x72, 0x00, 0x03,
    0x74, 0x20, 0x75, 0x75, 0x00, 0x01,0x74, 0x20, 0x76, 0x61, 0x00, 0x02,
    0x74, 0x20, 0x77, 0x61, 0x00, 0x03,0x74, 0x20, 0x77, 0x68, 0x00, 0x01,
    0x74, 0x20, 0x77, 0x6F, 0x00, 0x03,0x74, 0x20, 0x77, 0x72, 0x00, 0x01,
    0x74, 0x20, 0x78, 0x6D, 0x00, 0x01,0x74, 0x20, 0x79, 0x61, 0x00, 0x01,
    0x74, 0x22, 0x20, 0x3E, 0x00, 0x02,0x74, 0x22, 0x20, 0x76, 0x00, 0x01,
    0x74, 0x28, 0x27, 0x68, 0x00, 0x01,0x74, 0x28, 0x28, 0x29, 0x00, 0x01,
    0x74, 0x28, 0x29, 0x22, 0x00, 0x01,0x74, 0x28, 0x72, 0x61, 0x00, 0x01,
    0x74, 0x2D, 0x61, 0x70, 0x00, 0x04,0x74, 0x2D, 0x63, 0x61, 0x00, 0x01,
    0x74, 0x2D, 0x63, 0x68, 0x00, 0x01,0x74, 0x2D, 0x63, 0x72, 0x00, 0x01,
    0x74, 0x2D, 0x64, 0x69, 0x00, 0x02,0x74, 0x2D, 0x65, 0x78, 0x00, 0x01,
    0x74, 0x2D, 0x66, 0x69, 0x00, 0x02,0x74, 0x2D, 0x66, 0x6F, 0x00, 0x01,
    0x74, 0x2D, 0x6C, 0x65, 0x00, 0x01,0x74, 0x2D, 0x6F, 0x62, 0x00, 0x01,
    0x74, 0x2D, 0x6F, 0x6E, 0x00, 0x01,0x74, 0x2D, 0x70, 0x61, 0x00, 0x01,
    0x74, 0x2D, 0x70, 0x72, 0x00, 0x01,0x74, 0x2D, 0x70, 0x75, 0x00, 0x01,
    0x74, 0x2D, 0x72, 0x75, 0x00, 0x01,0x74, 0x2D, 0x73, 0x64, 0x00, 0x01,
    0x74, 0x2D, 0x73, 0x65, 0x00, 0x01,0x74, 0x2D, 0x74, 0x72, 0x00, 0x01,
    0x74, 0x2D, 0x75, 0x72, 0x00, 0x01,0x74, 0x2E, 0x64, 0x65, 0x00, 0x01,
    0x74, 0x2E, 0x65, 0x78, 0x00, 0x01,0x74, 0x2E, 0x67, 0x70, 0x00, 0x01,
    0x74, 0x2E, 0x69, 0x70, 0x00, 0x01,0x74, 0x2E, 0x6A, 0x73, 0x00, 0x04,
    0x74, 0x2E, 0x6F, 0x02, 0x00, 0x02,0x74, 0x2E, 0x70, 0x68, 0x00, 0x02,
    0x74, 0x2E, 0x70, 0x6C, 0x00, 0x01,0x74, 0x2E, 0x70, 0x72, 0x00, 0x01,
    0x74, 0x2E, 0x70, 0x79, 0x00, 0x07,0x74, 0x2E, 0x72, 0x62, 0x00, 0x02,
    0x74, 0x2E, 0x73, 0x6C, 0x00, 0x01,0x74, 0x2E, 0x74, 0x73, 0x00, 0x03,
    0x74, 0x2E, 0x76, 0x63, 0x00, 0x01,0x74, 0x2E, 0x79, 0x6D, 0x00, 0x01,
    0x74, 0x34, 0x20, 0x2F, 0x00, 0x01,0x74, 0x3A, 0x31, 0x30, 0x00, 0x01,
    0x74, 0x3A, 0x38, 0x30, 0x00, 0x02,0x74, 0x3A, 0x62, 0x75, 0x00, 0x01,
    0x74, 0x3A, 0x6F, 0x75, 0x00, 0x01,0x74, 0x3A, 0x70, 0x61, 0x00, 0x02,
    0x74, 0x3D, 0x31, 0x30, 0x00, 0x01,0x74, 0x5F, 0x6D, 0x6F, 0x00, 0x01,
    0x74, 0x5F, 0x6E, 0x61, 0x00, 0x01,0x74, 0x5F, 0x70, 0x61, 0x00, 0x01,
    0x74, 0x5F, 0x74, 0x72, 0x00, 0x01,0x74, 0x61, 0x25, 0x02, 0x00, 0x01,
    0x74, 0x61, 0x62, 0x20, 0x00, 0x03,0x74, 0x61, 0x63, 0x68, 0x00, 0x01,
    0x74, 0x61, 0x63, 0x6B, 0x00, 0x01,0x74, 0x61, 0x67, 0x02, 0x00, 0x01,
    0x74, 0x61, 0x67, 0x20, 0x00, 0x01,0x74, 0x61, 0x69, 0x6C, 0x00, 0x04,
    0x74, 0x61, 0x69, 0x6E, 0x00, 0x05,0x74, 0x61, 0x6C, 0x6C, 0x00, 0x2B,
    0x74, 0x61, 0x6E, 0x63, 0x00, 0x02,0x74, 0x61, 0x70, 0x70, 0x00, 0x01,
    0x74, 0x61, 0x72, 0x02, 0x00, 0x01,0x74, 0x61, 0x72, 0x20, 0x00, 0x08,
    0x74, 0x61, 0x72, 0x2E, 0x00, 0x05,0x74, 0x61, 0x72, 0x67, 0x00, 0x08,
    0x74, 0x61, 0x72, 0x74, 0x00, 0x11,0x74, 0x61, 0x73, 0x68, 0x00, 0x04,
    0x74, 0x61, 0x73, 0x6B, 0x00, 0x03,0x74, 0x61, 0x74, 0x20, 0x00, 0x08,
    0x74, 0x61, 0x74, 0x65, 0x00, 0x02,0x74, 0x61, 0x74, 0x73, 0x00, 0x01,
    0x74, 0x61, 0x74, 0x75, 0x00, 0x09,0x74, 0x62, 0x72, 0x61, 0x00, 0x01,
    0x74, 0x63, 0x20, 0x73, 0x00, 0x01,0x74, 0x63, 0x2F, 0x6F, 0x00, 0x01,
    0x74, 0x63, 0x2F, 0x70, 0x00, 0x01,0x74, 0x63, 0x68, 0x02, 0x00, 0x05,
    0x74, 0x63, 0x68, 0x20, 0x00, 0x08,0x74, 0x63, 0x68, 0x2E, 0x00, 0x02,
    0x74, 0x63, 0x68, 0x61, 0x00, 0x01,0x74, 0x63, 0x70, 0x02, 0x00, 0x02,
    0x74, 0x64, 0x3D, 0x63, 0x00, 0x02,0x74, 0x64, 0x61, 0x74, 0x00, 0x03,
    0x74, 0x64, 0x62, 0x75, 0x00, 0x01,0x74, 0x65, 0x20, 0x2B, 0x00, 0x01,
    0x74, 0x65, 0x20, 0x2D, 0x00, 0x05,0x74, 0x65, 0x20, 0x61, 0x00, 0x02,
    0x74, 0x65, 0x20, 0x62, 0x00, 0x01,0x74, 0x65, 0x20, 0x64, 0x00, 0x01,
    0x74, 0x65, 0x20, 0x65, 0x00, 0x01,0x74, 0x65, 0x20, 0x66, 0x00, 0x01,
    0x74, 0x65, 0x20, 0x69, 0x00, 0x01,0x74, 0x65, 0x20, 0x6B, 0x00, 0x01,
    0x74, 0x65, 0x20, 0x6C, 0x00, 0x01,0x74, 0x65, 0x20, 0x6D, 0x00, 0x03,
    0x74, 0x65, 0x20, 0x6F, 0x00, 0x01,0x74, 0x65, 0x20, 0x70, 0x00, 0x02,
    0x74, 0x65, 0x20, 0x73, 0x00, 0x01,0x74, 0x65, 0x20, 0x75, 0x00, 0x02,
    0x74, 0x65, 0x2D, 0x65, 0x00, 0x01,0x74, 0x65, 0x2D, 0x6E, 0x00, 0x02,
    0x74, 0x65, 0x2D, 0x70, 0x00, 0x01,0x74, 0x65, 0x2D, 0x72, 0x00, 0x04,
    0x74, 0x65, 0x2D, 0x73, 0x00, 0x01,0x74, 0x65, 0x2D, 0x74, 0x00, 0x01,
    0x74, 0x65, 0x2D, 0x76, 0x00, 0x01,0x74, 0x65, 0x2E, 0x70, 0x00, 0x01,
    0x74, 0x65, 0x33, 0x22, 0x00, 0x01,0x74, 0x65, 0x62, 0x6F, 0x00, 0x03,
    0x74, 0x65, 0x63, 0x74, 0x00, 0x01,0x74, 0x65, 0x64, 0x02, 0x00, 0x02,
    0x74, 0x65, 0x64, 0x20, 0x00, 0x01,0x74, 0x65, 0x65, 0x20, 0x00, 0x01,
    0x74, 0x65, 0x6D, 0x02, 0x00, 0x01,0x74, 0x65, 0x6D, 0x22, 0x00, 0x01,
    0x74, 0x65, 0x6D, 0x2E, 0x00, 0x01,0x74, 0x65, 0x6D, 0x63, 0x00, 0x07,
    0x74, 0x65, 0x6D, 0x69, 0x00, 0x01,0x74, 0x65, 0x6D, 0x70, 0x00, 0x02,
    0x74, 0x65, 0x6E, 0x61, 0x00, 0x02,0x74, 0x65, 0x6E, 0x73, 0x00, 0x05,
    0x74, 0x65, 0x6E, 0x76, 0x00, 0x02,0x74, 0x65, 0x70, 0x61, 0x00, 0x01,
    0x74, 0x65, 0x72, 0x02, 0x00, 0x02,0x74, 0x65, 0x72, 0x20, 0x00, 0x05,
    0x74, 0x65, 0x72, 0x2D, 0x00, 0x02,0x74, 0x65, 0x72, 0x64, 0x00, 0x01,
    0x74, 0x65, 0x72, 0x6D, 0x00, 0x02,0x74, 0x65, 0x72, 0x6E, 0x00, 0x12,
    0x74, 0x65, 0x72, 0x72, 0x00, 0x07,0x74, 0x65, 0x72, 0x73, 0x00, 0x01,
    0x74, 0x65, 0x73, 0x20, 0x00, 0x03,0x74, 0x65, 0x73, 0x74, 0x00, 0x33,
    0x74, 0x65, 0x73, 0x75, 0x00, 0x01,0x74, 0x65, 0x74, 0x69, 0x00, 0x01,
    0x74, 0x65, 0x78, 0x74, 0x00, 0x02,0x74, 0x66, 0x20, 0x22, 0x00, 0x02,
    0x74, 0x66, 0x20, 0x61, 0x00, 0x01,0x74, 0x66, 0x2D, 0x38, 0x00, 0x01,
    0x74, 0x66, 0x6D, 0x74, 0x00, 0x01,0x74, 0x66, 0x6F, 0x72, 0x00, 0x02,
    0x74, 0x68, 0x20, 0x62, 0x00, 0x01,0x74, 0x68, 0x20, 0x6B, 0x00, 0x01,
    0x74, 0x68, 0x20, 0x6C, 0x00, 0x01,0x74, 0x68, 0x22, 0x02, 0x00, 0x01,
    0x74, 0x68, 0x25, 0x02, 0x00, 0x01,0x74, 0x68, 0x27, 0x29, 0x00, 0x01,
    0x74, 0x68, 0x29, 0x22, 0x00, 0x01,0x74, 0x68, 0x2E, 0x6A, 0x00, 0x01,
    0x74, 0x68, 0x2F, 0x74, 0x00, 0x02,0x74, 0x68, 0x3A, 0x2F, 0x00, 0x01,
    0x74, 0x68, 0x3A, 0x74, 0x00, 0x04,0x74, 0x68, 0x3D, 0x24, 0x00, 0x01,
    0x74, 0x68, 0x3D, 0x30, 0x00, 0x02,0x74, 0x68, 0x3D, 0x31, 0x00, 0x01,
    0x74, 0x68, 0x3D, 0x63, 0x00, 0x01,0x74, 0x68, 0x3D, 0x72, 0x00, 0x01,
    0x74, 0x68, 0x65, 0x6E, 0x00, 0x05,0x74, 0x68, 0x69, 0x73, 0x00, 0x02,
    0x74, 0x68, 0x6F, 0x6E, 0x00, 0x51,0x74, 0x69, 0x61, 0x6C, 0x00, 0x01,
    0x74, 0x69, 0x64, 0x79, 0x00, 0x01,0x74, 0x69, 0x65, 0x72, 0x00, 0x01,
    0x74, 0x69, 0x67, 0x6E, 0x00, 0x01,0x74, 0x69, 0x67, 0x72, 0x00, 0x01,
    0x74, 0x69, 0x6D, 0x65, 0x00, 0x0A,0x74, 0x69, 0x6D, 0x70, 0x00, 0x01,
    0x74, 0x69, 0x6E, 0x75, 0x00, 0x04,0x74, 0x69, 0x6F, 0x6E, 0x00, 0x07,
    0x74, 0x69, 0x76, 0x61, 0x00, 0x02,0x74, 0x6C, 0x20, 0x2D, 0x00, 0x06,
    0x74, 0x6C, 0x20, 0x61, 0x00, 0x01,0x74, 0x6C, 0x20, 0x63, 0x00, 0x01,
    0x74, 0x6C, 0x20, 0x64, 0x00, 0x03,0x74, 0x6C, 0x20, 0x65, 0x00, 0x02,
    0x74, 0x6C, 0x20, 0x67, 0x00, 0x04,0x74, 0x6C, 0x20, 0x6C, 0x00, 0x01,
    0x74, 0x6C, 0x20, 0x70, 0x00, 0x01,0x74, 0x6C, 0x20, 0x72, 0x00, 0x01,
    0x74, 0x6C, 0x20, 0x73, 0x00, 0x04,0x74, 0x6C, 0x69, 0x62, 0x00, 0x01,
    0x74, 0x6C, 0x6F, 0x67, 0x00, 0x01,0x74, 0x6D, 0x6C, 0x02, 0x00, 0x01,
    0x74, 0x6D, 0x6C, 0x20, 0x00, 0x03,0x74, 0x6D, 0x70, 0x02, 0x00, 0x01,
    0x74, 0x6D, 0x75, 0x78, 0x00, 0x04,0x74, 0x6E, 0x61, 0x6D, 0x00, 0x02,
    0x74, 0x6E, 0x65, 0x74, 0x00, 0x21,0x74, 0x6F, 0x20, 0x66, 0x00, 0x01,
    0x74, 0x6F, 0x20, 0x68, 0x00, 0x01,0x74, 0x6F, 0x20, 0x73, 0x00, 0x01,
    0x74, 0x6F, 0x20, 0x74, 0x00, 0x01,0x74, 0x6F, 0x2F, 0x66, 0x00, 0x02,
    0x74, 0x6F, 0x63, 0x72, 0x00, 0x02,0x74, 0x6F, 0x6C, 0x6F, 0x00, 0x01,
    0x74, 0x6F, 0x6E, 0x73, 0x00, 0x01,0x74, 0x6F, 0x6F, 0x6C, 0x00, 0x03,
    0x74, 0x6F, 0x70, 0x02, 0x00, 0x03,0x74, 0x6F, 0x70, 0x20, 0x00, 0x03,
    0x74, 0x6F, 0x70, 0x74, 0x00, 0x01,0x74, 0x6F, 0x72, 0x02, 0x00, 0x01,
    0x74, 0x6F, 0x72, 0x20, 0x00, 0x01,0x74, 0x6F, 0x72, 0x3D, 0x00, 0x01,
    0x74, 0x6F, 0x72, 0x63, 0x00, 0x01,0x74, 0x6F, 0x72, 0x65, 0x00, 0x02,
    0x74, 0x6F, 0x72, 0x79, 0x00, 0x04,0x74, 0x6F, 0x75, 0x63, 0x00, 0x01,
    0x74, 0x70, 0x2D, 0x73, 0x00, 0x01,0x74, 0x70, 0x2E, 0x73, 0x00, 0x02,
    0x74, 0x70, 0x3A, 0x2F, 0x00, 0x01,0x74, 0x70, 0x64, 0x20, 0x00, 0x01,
    0x74, 0x70, 0x6C, 0x6F, 0x00, 0x01,0x74, 0x70, 0x72, 0x6F, 0x00, 0x01,
    0x74, 0x70, 0x75, 0x74, 0x00, 0x10,0x74, 0x72, 0x20, 0x2D, 0x00, 0x01,
    0x74, 0x72, 0x20, 0x70, 0x00, 0x01,0x74, 0x72, 0x61, 0x20, 0x00, 0x01,
    0x74, 0x72, 0x61, 0x63, 0x00, 0x09,0x74, 0x72, 0x61, 0x70, 0x00, 0x01,
    0x74, 0x72, 0x65, 0x65, 0x00, 0x11,0x74, 0x72, 0x69, 0x67, 0x00, 0x01,
    0x74, 0x72, 0x69, 0x6E, 0x00, 0x02,0x74, 0x72, 0x69, 0x70, 0x00, 0x01,
    0x74, 0x72, 0x6D, 0x20, 0x00, 0x01,0x74, 0x72, 0x6F, 0x79, 0x00, 0x03,
    0x74, 0x72, 0x75, 0x65, 0x00, 0x05,0x74, 0x73, 0x20, 0x2D, 0x00, 0x01,
    0x74, 0x73, 0x20, 0x6F, 0x00, 0x01,0x74, 0x73, 0x22, 0x02, 0x00, 0x01,
    0x74, 0x73, 0x2D, 0x6E, 0x00, 0x01,0x74, 0x73, 0x2E, 0x74, 0x00, 0x02,
    0x74, 0x73, 0x2F, 0x02, 0x00, 0x01,0x74, 0x73, 0x2F, 0x20, 0x00, 0x04,
    0x74, 0x73, 0x2F, 0x74, 0x00, 0x01,0x74, 0x73, 0x3B, 0x20, 0x00, 0x01,
    0x74, 0x73, 0x63, 0x20, 0x00, 0x05,0x74, 0x73, 0x74, 0x61, 0x00, 0x02,
    0x74, 0x73, 0x78, 0x20, 0x00, 0x01,0x74, 0x74, 0x61, 0x63, 0x00, 0x01,
    0x74, 0x74, 0x65, 0x72, 0x00, 0x12,0x74, 0x74, 0x65, 0x73, 0x00, 0x03,
    0x74, 0x74, 0x69, 0x65, 0x00, 0x01,0x74, 0x74, 0x69, 0x6D, 0x00, 0x01,
    0x74, 0x74, 0x70, 0x2D, 0x00, 0x01,0x74, 0x74, 0x70, 0x2E, 0x00, 0x02,
    0x74, 0x74, 0x70, 0x3A, 0x00, 0x01,0x74, 0x74, 0x72, 0x20, 0x00, 0x01,
    0x74, 0x74, 0x72, 0x65, 0x00, 0x02,0x74, 0x75, 0x64, 0x69, 0x00, 0x01,
    0x74, 0x75, 0x6C, 0x6E, 0x00, 0x01,0x74, 0x75, 0x70, 0x02, 0x00, 0x01,
    0x74, 0x75, 0x70, 0x2E, 0x00, 0x02,0x74, 0x75, 0x72, 0x65, 0x00, 0x01,
    0x74, 0x75, 0x72, 0x6E, 0x00, 0x02,0x74, 0x75, 0x73, 0x02, 0x00, 0x06,
    0x74, 0x75, 0x73, 0x20, 0x00, 0x04,0x74, 0x78, 0x74, 0x02, 0x00, 0x3B,
    0x74, 0x79, 0x20, 0x63, 0x00, 0x01,0x74, 0x79, 0x3B, 0x20, 0x00, 0x02,
    0x74, 0x79, 0x70, 0x65, 0x00, 0x05,0x75, 0x20, 0x2D, 0x68, 0x00, 0x01,
    0x75, 0x20, 0x2D, 0x73, 0x00, 0x01,0x75, 0x20, 0x31, 0x02, 0x00, 0x01,
    0x75, 0x20, 0x66, 0x69, 0x00, 0x02,0x75, 0x20, 0x73, 0x65, 0x00, 0x01,
    0x75, 0x20, 0x75, 0x73, 0x00, 0x01,0x75, 0x61, 0x6C, 0x20, 0x00, 0x01,
    0x75, 0x61, 0x6C, 0x3B, 0x00, 0x01,0x75, 0x61, 0x6C, 0x69, 0x00, 0x01,
    0x75, 0x62, 0x64, 0x69, 0x00, 0x01,0x75, 0x62, 0x65, 0x63, 0x00, 0x0C,
    0x75, 0x62, 0x6C, 0x20, 0x00, 0x05,0x75, 0x62, 0x6C, 0x69, 0x00, 0x04,
    0x75, 0x62, 0x6D, 0x6F, 0x00, 0x03,0x75, 0x62, 0x74, 0x72, 0x00, 0x01,
    0x75, 0x62, 0x79, 0x20, 0x00, 0x02,0x75, 0x62, 0x79, 0x2D, 0x00, 0x01,
    0x75, 0x63, 0x68, 0x20, 0x00, 0x01,0x75, 0x63, 0x6B, 0x20, 0x00, 0x01,
    0x75, 0x63, 0x6B, 0x65, 0x00, 0x02,0x75, 0x63, 0x74, 0x69, 0x00, 0x01,
    0x75, 0x64, 0x20, 0x61, 0x00, 0x01,0x75, 0x64, 0x20, 0x63, 0x00, 0x03,
    0x75, 0x64, 0x65, 0x20, 0x00, 0x01,0x75, 0x64, 0x69, 0x6F, 0x00, 0x01,
    0x75, 0x64, 0x69, 0x74, 0x00, 0x06,0x75, 0x64, 0x6F, 0x20, 0x00, 0x03,
    0x75, 0x65, 0x20, 0x73, 0x00, 0x01,0x75, 0x65, 0x22, 0x20, 0x00, 0x01,
    0x75, 0x65, 0x73, 0x74, 0x00, 0x02,0x75, 0x66, 0x20, 0x2D, 0x00, 0x01,
    0x75, 0x66, 0x66, 0x20, 0x00, 0x01,0x75, 0x67, 0x65, 0x74, 0x00, 0x01,
    0x75, 0x67, 0x67, 0x69, 0x00, 0x01,0x75, 0x67, 0x73, 0x20, 0x00, 0x01,
    0x75, 0x69, 0x20, 0x61, 0x00, 0x01,0x75, 0x69, 0x63, 0x6B, 0x00, 0x01,
    0x75, 0x69, 0x64, 0x22, 0x00, 0x01,0x75, 0x69, 0x6C, 0x64, 0x00, 0x32,
    0x75, 0x69, 0x6C, 0x74, 0x00, 0x01,0x75, 0x69, 0x6E, 0x66, 0x00, 0x01,
    0x75, 0x69, 0x72, 0x65, 0x00, 0x07,0x75, 0x6C, 0x20, 0x6B, 0x00, 0x02,
    0x75, 0x6C, 0x20, 0x6D, 0x00, 0x01,0x75, 0x6C, 0x65, 0x02, 0x00, 0x04,
    0x75, 0x6C, 0x65, 0x20, 0x00, 0x03,0x75, 0x6C, 0x65, 0x2E, 0x00, 0x02,
    0x75, 0x6C, 0x69, 0x6D, 0x00, 0x03,0x75, 0x6C, 0x6C, 0x02, 0x00, 0x05,
    0x75, 0x6C, 0x6C, 0x20, 0x00, 0x05,0x75, 0x6C, 0x6C, 0x2E, 0x00, 0x01,
    0x75, 0x6C, 0x6C, 0x79, 0x00, 0x01,0x75, 0x6C, 0x6E, 0x02, 0x00, 0x01,
    0x75, 0x6C, 0x74, 0x20, 0x00, 0x03,0x75, 0x6C, 0x74, 0x62, 0x00, 0x01,
    0x75, 0x6C, 0x75, 0x6D, 0x00, 0x05,0x75, 0x6D, 0x20, 0x69, 0x00, 0x01,
    0x75, 0x6D, 0x62, 0x65, 0x00, 0x01,0x75, 0x6D, 0x69, 0x20, 0x00, 0x05,
    0x75, 0x6D, 0x6F, 0x75, 0x00, 0x01,0x75, 0x6D, 0x70, 0x20, 0x00, 0x02,
    0x75, 0x6D, 0x70, 0x2D, 0x00, 0x01,0x75, 0x6D, 0x70, 0x79, 0x00, 0x01,
    0x75, 0x6E, 0x20, 0x2D, 0x00, 0x05,0x75, 0x6E, 0x20, 0x2F, 0x00, 0x01,
    0x75, 0x6E, 0x20, 0x61, 0x00, 0x01,0x75, 0x6E, 0x20, 0x62, 0x00, 0x03,
    0x75, 0x6E, 0x20, 0x64, 0x00, 0x02,0x75, 0x6E, 0x20, 0x69, 0x00, 0x02,
    0x75, 0x6E, 0x20, 0x6A, 0x00, 0x01,0x75, 0x6E, 0x20, 0x6D, 0x00, 0x01,
    0x75, 0x6E, 0x20, 0x72, 0x00, 0x01,0x75, 0x6E, 0x20, 0x73, 0x00, 0x02,
    0x75, 0x6E, 0x20, 0x74, 0x00, 0x02,0x75, 0x6E, 0x61, 0x6C, 0x00, 0x01,
    0x75, 0x6E, 0x61, 0x6D, 0x00, 0x03,0x75, 0x6E, 0x63, 0x20, 0x00, 0x01,
    0x75, 0x6E, 0x63, 0x74, 0x00, 0x02,0x75, 0x6E, 0x64, 0x6C, 0x00, 0x04,
    0x75, 0x6E, 0x65, 0x02, 0x00, 0x02,0x75, 0x6E, 0x65, 0x20, 0x00, 0x02,
    0x75, 0x6E, 0x69, 0x6E, 0x00, 0x04,0x75, 0x6E, 0x69, 0x71, 0x00, 0x03,
    0x75, 0x6E, 0x69, 0x74, 0x00, 0x03,0x75, 0x6E, 0x69, 0x78, 0x00, 0x02,
    0x75, 0x6E, 0x6B, 0x6E, 0x00, 0x02,0x75, 0x6E, 0x6C, 0x69, 0x00, 0x01,
    0x75, 0x6E, 0x73, 0x65, 0x00, 0x01,0x75, 0x6E, 0x74, 0x02, 0x00, 0x01,
    0x75, 0x6E, 0x74, 0x20, 0x00, 0x01,0x75, 0x6E, 0x74, 0x2D, 0x00, 0x01,
    0x75, 0x6E, 0x74, 0x3D, 0x00, 0x01,0x75, 0x6E, 0x74, 0x69, 0x00, 0x01,
    0x75, 0x6E, 0x78, 0x7A, 0x00, 0x01,0x75, 0x6E, 0x7A, 0x69, 0x00, 0x04,
    0x75, 0x70, 0x20, 0x2D, 0x00, 0x01,0x75, 0x70, 0x20, 0x63, 0x00, 0x02,
    0x75, 0x70, 0x20, 0x64, 0x00, 0x01,0x75, 0x70, 0x20, 0x66, 0x00, 0x01,
    0x75, 0x70, 0x20, 0x67, 0x00, 0x01,0x75, 0x70, 0x2E, 0x70, 0x00, 0x02,
    0x75, 0x70, 0x64, 0x61, 0x00, 0x09,0x75, 0x70, 0x65, 0x02, 0x00, 0x01,
    0x75, 0x70, 0x65, 0x72, 0x00, 0x01,0x75, 0x70, 0x67, 0x72, 0x00, 0x07,
    0x75, 0x70, 0x74, 0x69, 0x00, 0x03,0x75, 0x70, 0x79, 0x74, 0x00, 0x04,
    0x75, 0x72, 0x61, 0x74, 0x00, 0x01,0x75, 0x72, 0x63, 0x65, 0x00, 0x24,
    0x75, 0x72, 0x65, 0x02, 0x00, 0x02,0x75, 0x72, 0x65, 0x20, 0x00, 0x01,
    0x75, 0x72, 0x65, 0x70, 0x00, 0x01,0x75, 0x72, 0x6C, 0x02, 0x00, 0x10,
    0x75, 0x72, 0x6C, 0x20, 0x00, 0x0D,0x75, 0x72, 0x6E, 0x20, 0x00, 0x02,
    0x75, 0x72, 0x6E, 0x61, 0x00, 0x03,0x75, 0x72, 0x72, 0x65, 0x00, 0x01,
    0x75, 0x72, 0x73, 0x69, 0x00, 0x01,0x75, 0x73, 0x20, 0x2D, 0x00, 0x02,
    0x75, 0x73, 0x20, 0x61, 0x00, 0x01,0x75, 0x73, 0x20, 0x73, 0x00, 0x02,
    0x75, 0x73, 0x28, 0x29, 0x00, 0x01,0x75, 0x73, 0x2E, 0x75, 0x00, 0x01,
    0x75, 0x73, 0x61, 0x67, 0x00, 0x01,0x75, 0x73, 0x65, 0x20, 0x00, 0x01,
    0x75, 0x73, 0x65, 0x72, 0x00, 0x12,0x75, 0x73, 0x68, 0x02, 0x00, 0x01,
    0x75, 0x73, 0x68, 0x20, 0x00, 0x02,0x75, 0x73, 0x72, 0x02, 0x00, 0x01,
    0x75, 0x73, 0x72, 0x2F, 0x00, 0x01,0x75, 0x73, 0x74, 0x63, 0x00, 0x01,
    0x75, 0x73, 0x74, 0x65, 0x00, 0x02,0x75, 0x73, 0x74, 0x66, 0x00, 0x01,
    0x75, 0x74, 0x20, 0x2D, 0x00, 0x03,0x75, 0x74, 0x20, 0x31, 0x00, 0x01,
    0x75, 0x74, 0x20, 0x62, 0x00, 0x01,0x75, 0x74, 0x20, 0x6B, 0x00, 0x01,
    0x75, 0x74, 0x20, 0x70, 0x00, 0x01,0x75, 0x74, 0x20, 0x73, 0x00, 0x09,
    0x75, 0x74, 0x20, 0x75, 0x00, 0x01,0x75, 0x74, 0x28, 0x28, 0x00, 0x01,
    0x75, 0x74, 0x2D, 0x64, 0x00, 0x01,0x75, 0x74, 0x2D, 0x66, 0x00, 0x01,
    0x75, 0x74, 0x2D, 0x6F, 0x00, 0x01,0x75, 0x74, 0x2E, 0x65, 0x00, 0x01,
    0x75, 0x74, 0x2E, 0x6A, 0x00, 0x01,0x75, 0x74, 0x2E, 0x70, 0x00, 0x01,
    0x75, 0x74, 0x3A, 0x6F, 0x00, 0x01,0x75, 0x74, 0x64, 0x61, 0x00, 0x03,
    0x75, 0x74, 0x65, 0x20, 0x00, 0x01,0x75, 0x74, 0x66, 0x2D, 0x00, 0x01,
    0x75, 0x74, 0x68, 0x20, 0x00, 0x01,0x75, 0x74, 0x6F, 0x02, 0x00, 0x02,
    0x75, 0x74, 0x6F, 0x63, 0x00, 0x02,0x75, 0x74, 0x6F, 0x6C, 0x00, 0x01,
    0x75, 0x74, 0x6F, 0x72, 0x00, 0x01,0x75, 0x74, 0x70, 0x75, 0x00, 0x10,
    0x75, 0x75, 0x69, 0x64, 0x00, 0x01,0x75, 0x78, 0x20, 0x61, 0x00, 0x01,
    0x75, 0x78, 0x20, 0x6C, 0x00, 0x01,0x75, 0x78, 0x20, 0x6E, 0x00, 0x01,
    0x75, 0x78, 0x74, 0x2D, 0x00, 0x01,0x76, 0x20, 0x2D, 0x2D, 0x00, 0x02,
    0x76, 0x20, 0x2D, 0x69, 0x00, 0x01,0x76, 0x20, 0x2D, 0x76, 0x00, 0x01,
    0x76, 0x20, 0x2E, 0x76, 0x00, 0x02,0x76, 0x20, 0x65, 0x78, 0x00, 0x01,
    0x76, 0x20, 0x66, 0x69, 0x00, 0x01,0x76, 0x20, 0x67, 0x65, 0x00, 0x02,
    0x76, 0x20, 0x67, 0x6C, 0x00, 0x01,0x76, 0x20, 0x69, 0x6E, 0x00, 0x03,
    0x76, 0x20, 0x6C, 0x6F, 0x00, 0x01,0x76, 0x20, 0x6F, 0x6C, 0x00, 0x01,
    0x76, 0x20, 0x70, 0x61, 0x00, 0x04,0x76, 0x20, 0x70, 0x75, 0x00, 0x02,
    0x76, 0x20, 0x70, 0x79, 0x00, 0x01,0x76, 0x20, 0x73, 0x6F, 0x00, 0x05,
    0x76, 0x20, 0x75, 0x72, 0x00, 0x01,0x76, 0x29, 0x22, 0x02, 0x00, 0x01,
    0x76, 0x2D, 0x70, 0x61, 0x00, 0x02,0x76, 0x2D, 0x72, 0x65, 0x00, 0x01,
    0x76, 0x2E, 0x70, 0x61, 0x00, 0x01,0x76, 0x2F, 0x6E, 0x75, 0x00, 0x03,
    0x76, 0x2F, 0x73, 0x64, 0x00, 0x02,0x76, 0x2F, 0x7A, 0x65, 0x00, 0x01,
    0x76, 0x31, 0x2E, 0x30, 0x00, 0x01,0x76, 0x34, 0x2E, 0x69, 0x00, 0x01,
    0x76, 0x61, 0x67, 0x72, 0x00, 0x04,0x76, 0x61, 0x6C, 0x20, 0x00, 0x02,
    0x76, 0x61, 0x6C, 0x67, 0x00, 0x02,0x76, 0x61, 0x6C, 0x69, 0x00, 0x01,
    0x76, 0x61, 0x6C, 0x75, 0x00, 0x07,0x76, 0x61, 0x72, 0x02, 0x00, 0x03,
    0x76, 0x61, 0x72, 0x20, 0x00, 0x01,0x76, 0x61, 0x72, 0x22, 0x00, 0x04,
    0x76, 0x61, 0x72, 0x2F, 0x00, 0x01,0x76, 0x61, 0x72, 0x3D, 0x00, 0x02,
    0x76, 0x61, 0x74, 0x65, 0x00, 0x02,0x76, 0x61, 0x75, 0x6C, 0x00, 0x03,
    0x76, 0x63, 0x78, 0x70, 0x00, 0x01,0x76, 0x65, 0x20, 0x2D, 0x00, 0x01,
    0x76, 0x65, 0x20, 0x2E, 0x00, 0x01,0x76, 0x65, 0x20, 0x64, 0x00, 0x01,
    0x76, 0x65, 0x20, 0x66, 0x00, 0x01,0x76, 0x65, 0x20, 0x70, 0x00, 0x05,
    0x76, 0x65, 0x20, 0x73, 0x00, 0x01,0x76, 0x65, 0x2D, 0x64, 0x00, 0x01,
    0x76, 0x65, 0x2E, 0x74, 0x00, 0x07,0x76, 0x65, 0x2E, 0x7A, 0x00, 0x01,
    0x76, 0x65, 0x6C, 0x3D, 0x00, 0x01,0x76, 0x65, 0x6C, 0x6F, 0x00, 0x01,
    0x76, 0x65, 0x6C, 0x74, 0x00, 0x01,0x76, 0x65, 0x6E, 0x76, 0x00, 0x04,
    0x76, 0x65, 0x72, 0x02, 0x00, 0x03,0x76, 0x65, 0x72, 0x20, 0x00, 0x07,
    0x76, 0x65, 0x72, 0x61, 0x00, 0x05,0x76, 0x65, 0x72, 0x65, 0x00, 0x01,
    0x76, 0x65, 0x72, 0x69, 0x00, 0x01,0x76, 0x65, 0x72, 0x73, 0x00, 0x08,
    0x76, 0x65, 0x72, 0x74, 0x00, 0x03,0x76, 0x65, 0x74, 0x20, 0x00, 0x01,
    0x76, 0x66, 0x20, 0x61, 0x00, 0x02,0x76, 0x69, 0x20, 0x2B, 0x00, 0x01,
    0x76, 0x69, 0x20, 0x66, 0x00, 0x01,0x76, 0x69, 0x63, 0x65, 0x00, 0x0A,
    0x76, 0x69, 0x65, 0x77, 0x00, 0x01,0x76, 0x69, 0x6D, 0x02, 0x00, 0x03,
    0x76, 0x69, 0x6D, 0x20, 0x00, 0x0D,0x76, 0x69, 0x72, 0x6F, 0x00, 0x01,
    0x76, 0x69, 0x73, 0x75, 0x00, 0x01,0x76, 0x69, 0x74, 0x65, 0x00, 0x04,
    0x76, 0x69, 0x74, 0x79, 0x00, 0x01,0x76, 0x6D, 0x20, 0x69, 0x00, 0x02,
    0x76, 0x6D, 0x20, 0x6C, 0x00, 0x02,0x76, 0x6D, 0x20, 0x75, 0x00, 0x01,
    0x76, 0x6D, 0x73, 0x74, 0x00, 0x01,0x76, 0x6E, 0x20, 0x63, 0x00, 0x02,
    0x76, 0x6E, 0x20, 0x64, 0x00, 0x01,0x76, 0x6E, 0x20, 0x70, 0x00, 0x01,
    0x76, 0x6E, 0x20, 0x74, 0x00, 0x01,0x76, 0x6F, 0x6B, 0x65, 0x00, 0x01,
    0x76, 0x7A, 0x20, 0x73, 0x00, 0x01,0x77, 0x20, 0x2B, 0x20, 0x00, 0x01,
    0x77, 0x20, 0x2D, 0x73, 0x00, 0x01,0x77, 0x20, 0x61, 0x70, 0x00, 0x01,
    0x77, 0x20, 0x63, 0x6C, 0x00, 0x01,0x77, 0x20, 0x63, 0x6F, 0x00, 0x01,
    0x77, 0x20, 0x64, 0x69, 0x00, 0x01,0x77, 0x20, 0x66, 0x69, 0x00, 0x03,
    0x77, 0x20, 0x67, 0x69, 0x00, 0x01,0x77, 0x20, 0x68, 0x65, 0x00, 0x01,
    0x77, 0x20, 0x69, 0x6E, 0x00, 0x01,0x77, 0x20, 0x6C, 0x69, 0x00, 0x01,
    0x77, 0x20, 0x6E, 0x65, 0x00, 0x01,0x77, 0x20, 0x70, 0x61, 0x00, 0x01,
    0x77, 0x20, 0x70, 0x72, 0x00, 0x01,0x77, 0x20, 0x73, 0x65, 0x00, 0x02,
    0x77, 0x20, 0x73, 0x6C, 0x00, 0x01,0x77, 0x20, 0x75, 0x70, 0x00, 0x02,
    0x77, 0x20, 0x77, 0x65, 0x00, 0x01,0x77, 0x2D, 0x72, 0x65, 0x00, 0x01,
    0x77, 0x2D, 0x77, 0x69, 0x00, 0x01,0x77, 0x2F, 0x67, 0x22, 0x00, 0x01,
    0x77, 0x2F, 0x70, 0x61, 0x00, 0x01,0x77, 0x61, 0x69, 0x74, 0x00, 0x02,
    0x77, 0x61, 0x6C, 0x6C, 0x00, 0x01,0x77, 0x61, 0x72, 0x64, 0x00, 0x02,
    0x77, 0x61, 0x73, 0x6D, 0x00, 0x02,0x77, 0x61, 0x74, 0x63, 0x00, 0x04,
    0x77, 0x61, 0x79, 0x70, 0x00, 0x04,0x77, 0x63, 0x20, 0x2D, 0x00, 0x04,
    0x77, 0x63, 0x20, 0x66, 0x00, 0x01,0x77, 0x64, 0x28, 0x29, 0x00, 0x01,
    0x77, 0x65, 0x62, 0x61, 0x00, 0x01,0x77, 0x65, 0x62, 0x62, 0x00, 0x01,
    0x77, 0x65, 0x72, 0x73, 0x00, 0x02,0x77, 0x65, 0x78, 0x74, 0x00, 0x01,
    0x77, 0x67, 0x65, 0x74, 0x00, 0x04,0x77, 0x68, 0x61, 0x74, 0x00, 0x01,
    0x77, 0x68, 0x65, 0x72, 0x00, 0x06,0x77, 0x68, 0x69, 0x63, 0x00, 0x01,
    0x77, 0x68, 0x69, 0x6C, 0x00, 0x01,0x77, 0x68, 0x6F, 0x61, 0x00, 0x01,
    0x77, 0x69, 0x6E, 0x64, 0x00, 0x01,0x77, 0x69, 0x74, 0x63, 0x00, 0x01,
    0x77, 0x6E, 0x20, 0x2D, 0x00, 0x01,0x77, 0x6E, 0x20, 0x75, 0x00, 0x01,
    0x77, 0x6E, 0x2D, 0x75, 0x00, 0x01,0x77, 0x6F, 0x72, 0x6B, 0x00, 0x03,
    0x77, 0x6F, 0x72, 0x6C, 0x00, 0x01,0x77, 0x71, 0x22, 0x20, 0x00, 0x01,
    0x77, 0x72, 0x61, 0x70, 0x00, 0x01,0x77, 0x72, 0x69, 0x67, 0x00, 0x01,
    0x77, 0x72, 0x69, 0x74, 0x00, 0x02,0x77, 0x73, 0x20, 0x63, 0x00, 0x01,
    0x77, 0x73, 0x20, 0x65, 0x00, 0x01,0x77, 0x73, 0x20, 0x6C, 0x00, 0x01,
    0x77, 0x73, 0x20, 0x73, 0x00, 0x03,0x77, 0x73, 0x65, 0x72, 0x00, 0x02,
    0x77, 0x73, 0x68, 0x02, 0x00, 0x01,0x77, 0x73, 0x68, 0x20, 0x00, 0x01,
    0x77, 0x74, 0x6F, 0x6E, 0x00, 0x01,0x78, 0x20, 0x2D, 0x2D, 0x00, 0x01,
    0x78, 0x20, 0x31, 0x02, 0x00, 0x01,0x78, 0x20, 0x61, 0x74, 0x00, 0x01,
    0x78, 0x20, 0x62, 0x72, 0x00, 0x01,0x78, 0x20, 0x63, 0x6F, 0x00, 0x01,
    0x78, 0x20, 0x63, 0x72, 0x00, 0x08,0x78, 0x20, 0x63, 0x79, 0x00, 0x01,
    0x78, 0x20, 0x64, 0x65, 0x00, 0x01,0x78, 0x20, 0x65, 0x73, 0x00, 0x02,
    0x78, 0x20, 0x66, 0x69, 0x00, 0x01,0x78, 0x20, 0x66, 0x6F, 0x00, 0x01,
    0x78, 0x20, 0x68, 0x65, 0x00, 0x01,0x78, 0x20, 0x68, 0x74, 0x00, 0x01,
    0x78, 0x20, 0x6C, 0x69, 0x00, 0x03,0x78, 0x20, 0x6C, 0x6F, 0x00, 0x01,
    0x78, 0x20, 0x6D, 0x61, 0x00, 0x01,0x78, 0x20, 0x6D, 0x79, 0x00, 0x01,
    0x78, 0x20, 0x6E, 0x65, 0x00, 0x01,0x78, 0x20, 0x6E, 0x6F, 0x00, 0x01,
    0x78, 0x20, 0x70, 0x6C, 0x00, 0x01,0x78, 0x20, 0x70, 0x6D, 0x00, 0x12,
    0x78, 0x20, 0x70, 0x6F, 0x00, 0x01,0x78, 0x20, 0x70, 0x72, 0x00, 0x01,
    0x78, 0x20, 0x70, 0x75, 0x00, 0x01,0x78, 0x20, 0x72, 0x75, 0x00, 0x01,
    0x78, 0x20, 0x73, 0x63, 0x00, 0x01,0x78, 0x20, 0x73, 0x65, 0x00, 0x02,
    0x78, 0x20, 0x73, 0x74, 0x00, 0x01,0x78, 0x20, 0x74, 0x65, 0x00, 0x01,
    0x78, 0x20, 0x74, 0x73, 0x00, 0x03,0x78, 0x20, 0x76, 0x69, 0x00, 0x03,
    0x78, 0x22, 0x20, 0x66, 0x00, 0x01,0x78, 0x2D, 0x62, 0x75, 0x00, 0x01,
    0x78, 0x2D, 0x64, 0x65, 0x00, 0x01,0x78, 0x2D, 0x71, 0x75, 0x00, 0x01,
    0x78, 0x34, 0x30, 0x30, 0x00, 0x01,0x78, 0x36, 0x34, 0x02, 0x00, 0x01,
    0x78, 0x61, 0x72, 0x67, 0x00, 0x03,0x78, 0x65, 0x20, 0x73, 0x00, 0x01,
    0x78, 0x65, 0x63, 0x20, 0x00, 0x04,0x78, 0x69, 0x73, 0x74, 0x00, 0x01,
    0x78, 0x69, 0x74, 0x20, 0x00, 0x02,0x78, 0x6A, 0x66, 0x20, 0x00, 0x01,
    0x78, 0x6D, 0x6C, 0x02, 0x00, 0x01,0x78, 0x6D, 0x6C, 0x2E, 0x00, 0x02,
    0x78, 0x70, 0x6C, 0x6F, 0x00, 0x01,0x78, 0x70, 0x6F, 0x2D, 0x00, 0x01,
    0x78, 0x70, 0x6F, 0x72, 0x00, 0x05,0x78, 0x70, 0x72, 0x6F, 0x00, 0x01,
    0x78, 0x74, 0x22, 0x20, 0x00, 0x02,0x78, 0x74, 0x2D, 0x61, 0x00, 0x02,
    0x78, 0x74, 0x34, 0x20, 0x00, 0x01,0x78, 0x74, 0x65, 0x6E, 0x00, 0x04,
    0x78, 0x74, 0x72, 0x61, 0x00, 0x01,0x78, 0x76, 0x66, 0x20, 0x00, 0x01,
    0x78, 0x79, 0x66, 0x69, 0x00, 0x01,0x78, 0x79, 0x67, 0x65, 0x00, 0x01,
    0x78, 0x7A, 0x20, 0x66, 0x00, 0x02,0x78, 0x7A, 0x66, 0x20, 0x00, 0x01,
    0x79, 0x20, 0x2D, 0x66, 0x00, 0x01,0x79, 0x20, 0x2E, 0x20, 0x00, 0x01,
    0x79, 0x20, 0x30, 0x78, 0x00, 0x01,0x79, 0x20, 0x63, 0x68, 0x00, 0x01,
    0x79, 0x20, 0x63, 0x6D, 0x00, 0x01,0x79, 0x20, 0x63, 0x72, 0x00, 0x01,
    0x79, 0x20, 0x64, 0x65, 0x00, 0x01,0x79, 0x20, 0x64, 0x69, 0x00, 0x01,
    0x79, 0x20, 0x65, 0x63, 0x00, 0x01,0x79, 0x20, 0x66, 0x69, 0x00, 0x01,
    0x79, 0x20, 0x67, 0x6D, 0x00, 0x01,0x79, 0x20, 0x69, 0x6E, 0x00, 0x01,
    0x79, 0x20, 0x6D, 0x61, 0x00, 0x01,0x79, 0x20, 0x6D, 0x69, 0x00, 0x01,
    0x79, 0x20, 0x6F, 0x62, 0x00, 0x01,0x79, 0x20, 0x6F, 0x75, 0x00, 0x01,
    0x79, 0x20, 0x72, 0x75, 0x00, 0x01,0x79, 0x20, 0x73, 0x63, 0x00, 0x02,
    0x79, 0x20, 0x73, 0x6F, 0x00, 0x01,0x79, 0x20, 0x73, 0x72, 0x00, 0x01,
    0x79, 0x20, 0x74, 0x65, 0x00, 0x01,0x79, 0x20, 0x76, 0x61, 0x00, 0x03,
    0x79, 0x2D, 0x25, 0x6D, 0x00, 0x01,0x79, 0x2D, 0x33, 0x2E, 0x00, 0x01,
    0x79, 0x2D, 0x61, 0x70, 0x00, 0x07,0x79, 0x2D, 0x64, 0x72, 0x00, 0x01,
    0x79, 0x2D, 0x70, 0x69, 0x00, 0x02,0x79, 0x2E, 0x70, 0x65, 0x00, 0x01,
    0x79, 0x33, 0x31, 0x31, 0x00, 0x01,0x79, 0x3B, 0x20, 0x66, 0x00, 0x02,
    0x79, 0x3D, 0x76, 0x61, 0x00, 0x01,0x79, 0x61, 0x6D, 0x6C, 0x00, 0x02,
    0x79, 0x61, 0x72, 0x6E, 0x00, 0x07,0x79, 0x62, 0x6F, 0x6F, 0x00, 0x03,
    0x79, 0x65, 0x6E, 0x76, 0x00, 0x03,0x79, 0x65, 0x73, 0x02, 0x00, 0x01,
    0x79, 0x65, 0x73, 0x74, 0x00, 0x01,0x79, 0x66, 0x69, 0x6C, 0x00, 0x01,
    0x79, 0x67, 0x65, 0x6E, 0x00, 0x01,0x79, 0x6C, 0x69, 0x6E, 0x00, 0x01,
    0x79, 0x6D, 0x62, 0x6F, 0x00, 0x01,0x79, 0x6D, 0x65, 0x6E, 0x00, 0x03,
    0x79, 0x6D, 0x6C, 0x02, 0x00, 0x02,0x79, 0x6E, 0x62, 0x02, 0x00, 0x02,
    0x79, 0x6E, 0x63, 0x02, 0x00, 0x01,0x79, 0x6E, 0x63, 0x20, 0x00, 0x05,
    0x79, 0x6E, 0x63, 0x28, 0x00, 0x01,0x79, 0x6F, 0x62, 0x75, 0x00, 0x01,
    0x79, 0x70, 0x65, 0x20, 0x00, 0x03,0x79, 0x70, 0x65, 0x3D, 0x00, 0x02,
    0x79, 0x70, 0x6F, 0x69, 0x00, 0x04,0x79, 0x70, 0x70, 0x65, 0x00, 0x01,
    0x79, 0x70, 0x72, 0x65, 0x00, 0x01,0x79, 0x70, 0x72, 0x6F, 0x00, 0x01,
    0x79, 0x70, 0x79, 0x20, 0x00, 0x01,0x79, 0x71, 0x75, 0x61, 0x00, 0x01,
    0x79, 0x73, 0x22, 0x02, 0x00, 0x01,0x79, 0x73, 0x63, 0x74, 0x00, 0x02,
    0x79, 0x73, 0x6C, 0x6F, 0x00, 0x01,0x79, 0x73, 0x74, 0x65, 0x00, 0x0A,
    0x79, 0x74, 0x65, 0x72, 0x00, 0x04,0x79, 0x74, 0x65, 0x73, 0x00, 0x07,
    0x79, 0x74, 0x68, 0x6F, 0x00, 0x51,0x79, 0x75, 0x6D, 0x20, 0x00, 0x01,
    0x79, 0x75, 0x70, 0x67, 0x00, 0x01,0x79, 0x75, 0x73, 0x61, 0x00, 0x01,
    0x79, 0x77, 0x72, 0x69, 0x00, 0x01,0x7A, 0x20, 0x22, 0x24, 0x00, 0x02,
    0x7A, 0x20, 0x64, 0x69, 0x00, 0x01,0x7A, 0x20, 0x66, 0x69, 0x00, 0x02,
    0x7A, 0x20, 0x67, 0x72, 0x00, 0x01,0x7A, 0x20, 0x6C, 0x6F, 0x00, 0x01,
    0x7A, 0x20, 0x73, 0x6F, 0x00, 0x01,0x7A, 0x20, 0x76, 0x6D, 0x00, 0x01,
    0x7A, 0x32, 0x20, 0x64, 0x00, 0x01,0x7A, 0x63, 0x61, 0x74, 0x00, 0x01,
    0x7A, 0x65, 0x20, 0x3E, 0x00, 0x01,0x7A, 0x65, 0x20, 0x62, 0x00, 0x01,
    0x7A, 0x65, 0x6C, 0x20, 0x00, 0x03,0x7A, 0x65, 0x72, 0x6F, 0x00, 0x01,
    0x7A, 0x66, 0x20, 0x61, 0x00, 0x02,0x7A, 0x67, 0x72, 0x65, 0x00, 0x01,
    0x7A, 0x69, 0x70, 0x02, 0x00, 0x01,0x7A, 0x69, 0x70, 0x20, 0x00, 0x08,
    0x7A, 0x69, 0x70, 0x32, 0x00, 0x02,0x7A, 0x6C, 0x65, 0x73, 0x00, 0x01,
    0x7A, 0x79, 0x70, 0x70, 0x00, 0x01,0x7B, 0x20, 0x65, 0x63, 0x00, 0x02,
    0x7B, 0x7D, 0x20, 0x3A, 0x00, 0x01,0x7B, 0x7D, 0x20, 0x63, 0x00, 0x01,
    0x7C, 0x20, 0x63, 0x6F, 0x00, 0x03,0x7C, 0x20, 0x67, 0x72, 0x00, 0x01,
    0x7C, 0x20, 0x68, 0x65, 0x00, 0x01,0x7C, 0x20, 0x6C, 0x65, 0x00, 0x01,
    0x7C, 0x20, 0x70, 0x69, 0x00, 0x01,0x7C, 0x20, 0x73, 0x6F, 0x00, 0x01,
    0x7C, 0x20, 0x74, 0x61, 0x00, 0x01,0x7C, 0x20, 0x75, 0x6E, 0x00, 0x01,
    0x7C, 0x20, 0x77, 0x63, 0x00, 0x01,0x7C, 0x7C, 0x20, 0x63, 0x00, 0x01,
    0x7D, 0x20, 0x3A, 0x3A, 0x00, 0x01,0x7D, 0x20, 0x63, 0x6D, 0x00, 0x01,
};

const int kModelDataSize = sizeof(kModelData);
const int kModelOrder = 4;
const int kModelNumEntries = 6384;
const int kModelTotalCount = 18529;

// Context index: 3565 unique 3-char contexts
struct ContextEntry { uint32_t context; uint16_t start; uint16_t end; };
const ContextEntry kContextIndex[3565] = {
    { 0x012E20, 0, 0 },
    { 0x012F64, 1, 1 },
    { 0x01323E, 2, 3 },
    { 0x013C20, 4, 4 },
    { 0x013C3C, 5, 5 },
    { 0x013E20, 6, 6 },
    { 0x013E3E, 7, 7 },
    { 0x016164, 8, 8 },
    { 0x01616C, 9, 9 },
    { 0x01616E, 10, 11 },
    { 0x016170, 12, 12 },
    { 0x016172, 13, 13 },
    { 0x016173, 14, 14 },
    { 0x016174, 15, 17 },
    { 0x016177, 18, 18 },
    { 0x01617A, 19, 19 },
    { 0x016261, 20, 22 },
    { 0x016267, 23, 23 },
    { 0x01626C, 24, 24 },
    { 0x016272, 25, 25 },
    { 0x016275, 26, 27 },
    { 0x016279, 28, 28 },
    { 0x01627A, 29, 29 },
    { 0x016361, 30, 34 },
    { 0x016364, 35, 35 },
    { 0x016368, 36, 37 },
    { 0x01636C, 38, 41 },
    { 0x01636D, 42, 44 },
    { 0x01636F, 45, 48 },
    { 0x016370, 49, 50 },
    { 0x016372, 51, 51 },
    { 0x016374, 52, 52 },
    { 0x016375, 53, 54 },
    { 0x016461, 55, 55 },
    { 0x016464, 56, 56 },
    { 0x016465, 57, 58 },
    { 0x016466, 59, 59 },
    { 0x016469, 60, 61 },
    { 0x01646A, 62, 62 },
    { 0x01646D, 63, 63 },
    { 0x01646E, 64, 64 },
    { 0x01646F, 65, 67 },
    { 0x016475, 68, 68 },
    { 0x016563, 69, 69 },
    { 0x01656D, 70, 70 },
    { 0x01656E, 71, 71 },
    { 0x01656F, 72, 72 },
    { 0x016576, 73, 73 },
    { 0x016578, 74, 76 },
    { 0x016628, 77, 77 },
    { 0x016661, 78, 78 },
    { 0x016664, 79, 79 },
    { 0x016667, 80, 80 },
    { 0x016669, 81, 81 },
    { 0x01666C, 82, 82 },
    { 0x01666F, 83, 83 },
    { 0x016672, 84, 84 },
    { 0x016673, 85, 85 },
    { 0x016675, 86, 87 },
    { 0x01672B, 88, 88 },
    { 0x016763, 89, 91 },
    { 0x016764, 92, 92 },
    { 0x016765, 93, 95 },
    { 0x016769, 96, 96 },
    { 0x01676F, 97, 97 },
    { 0x016770, 98, 98 },
    { 0x016772, 99, 100 },
    { 0x016775, 101, 101 },
    { 0x01677A, 102, 102 },
    { 0x016865, 103, 104 },
    { 0x01686F, 105, 105 },
    { 0x016874, 106, 106 },
    { 0x016966, 107, 107 },
    { 0x01696E, 108, 108 },
    { 0x01696F, 109, 110 },
    { 0x016970, 111, 112 },
    { 0x016A6F, 113, 114 },
    { 0x016A75, 115, 115 },
    { 0x016B69, 116, 116 },
    { 0x016B75, 117, 117 },
    { 0x016C63, 118, 118 },
    { 0x016C64, 119, 120 },
    { 0x016C65, 121, 121 },
    { 0x016C69, 122, 122 },
    { 0x016C6C, 123, 123 },
    { 0x016C6F, 124, 124 },
    { 0x016C73, 125, 129 },
    { 0x016C74, 130, 130 },
    { 0x016D61, 131, 132 },
    { 0x016D69, 133, 133 },
    { 0x016D6B, 134, 135 },
    { 0x016D6F, 136, 139 },
    { 0x016D70, 140, 140 },
    { 0x016D73, 141, 141 },
    { 0x016D76, 142, 143 },
    { 0x016E61, 144, 144 },
    { 0x016E65, 145, 145 },
    { 0x016E69, 146, 147 },
    { 0x016E6D, 148, 149 },
    { 0x016E6F, 150, 152 },
    { 0x016E70, 153, 154 },
    { 0x016E73, 155, 155 },
    { 0x016E76, 156, 156 },
    { 0x016F62, 157, 157 },
    { 0x017061, 158, 160 },
    { 0x017064, 161, 161 },
    { 0x017065, 162, 162 },
    { 0x017068, 163, 163 },
    { 0x017069, 164, 165 },
    { 0x01706E, 166, 166 },
    { 0x01706F, 167, 167 },
    { 0x017072, 168, 168 },
    { 0x017073, 169, 169 },
    { 0x017075, 170, 170 },
    { 0x017077, 171, 172 },
    { 0x017079, 173, 174 },
    { 0x017261, 175, 177 },
    { 0x017262, 178, 178 },
    { 0x017265, 179, 181 },
    { 0x01726D, 182, 184 },
    { 0x017273, 185, 185 },
    { 0x017275, 186, 187 },
    { 0x017276, 188, 188 },
    { 0x017361, 189, 189 },
    { 0x017362, 190, 190 },
    { 0x017363, 191, 192 },
    { 0x017364, 193, 193 },
    { 0x017365, 194, 195 },
    { 0x017368, 196, 196 },
    { 0x017369, 197, 197 },
    { 0x01736C, 198, 198 },
    { 0x01736F, 199, 200 },
    { 0x017370, 201, 201 },
    { 0x017373, 202, 202 },
    { 0x017374, 203, 205 },
    { 0x017375, 206, 207 },
    { 0x017379, 208, 209 },
    { 0x017461, 210, 212 },
    { 0x017465, 213, 215 },
    { 0x017469, 216, 216 },
    { 0x01746D, 217, 217 },
    { 0x01746F, 218, 219 },
    { 0x017472, 220, 222 },
    { 0x017473, 223, 223 },
    { 0x017479, 224, 224 },
    { 0x01756C, 225, 225 },
    { 0x01756D, 226, 226 },
    { 0x01756E, 227, 230 },
    { 0x017570, 231, 231 },
    { 0x017661, 232, 234 },
    { 0x017669, 235, 236 },
    { 0x01766D, 237, 237 },
    { 0x017761, 238, 241 },
    { 0x017763, 242, 242 },
    { 0x017767, 243, 243 },
    { 0x017768, 244, 246 },
    { 0x017861, 247, 247 },
    { 0x01787A, 248, 248 },
    { 0x017961, 249, 249 },
    { 0x017965, 250, 250 },
    { 0x017975, 251, 251 },
    { 0x017A63, 252, 252 },
    { 0x017A67, 253, 253 },
    { 0x017A69, 254, 254 },
    { 0x017A6C, 255, 255 },
    { 0x017A79, 256, 256 },
    { 0x017C20, 257, 257 },
    { 0x202224, 258, 260 },
    { 0x202225, 261, 262 },
    { 0x202228, 263, 263 },
    { 0x20222A, 264, 264 },
    { 0x20222B, 265, 265 },
    { 0x20222D, 266, 266 },
    { 0x20222E, 267, 267 },
    { 0x20222F, 268, 268 },
    { 0x202262, 269, 269 },
    { 0x202263, 270, 270 },
    { 0x202265, 271, 271 },
    { 0x202267, 272, 273 },
    { 0x202268, 274, 274 },
    { 0x202269, 275, 275 },
    { 0x20226C, 276, 277 },
    { 0x20226D, 278, 278 },
    { 0x20226E, 279, 280 },
    { 0x202270, 281, 281 },
    { 0x202273, 282, 282 },
    { 0x202274, 283, 283 },
    { 0x202275, 284, 285 },
    { 0x202276, 286, 287 },
    { 0x202277, 288, 288 },
    { 0x202420, 289, 289 },
    { 0x202421, 290, 290 },
    { 0x202423, 291, 291 },
    { 0x202428, 292, 292 },
    { 0x20242A, 293, 293 },
    { 0x202430, 294, 294 },
    { 0x202440, 295, 295 },
    { 0x202468, 296, 296 },
    { 0x202469, 297, 297 },
    { 0x20246C, 298, 298 },
    { 0x20246E, 299, 299 },
    { 0x202470, 300, 301 },
    { 0x202473, 302, 302 },
    { 0x202474, 303, 303 },
    { 0x202475, 304, 304 },
    { 0x202476, 305, 305 },
    { 0x202531, 306, 306 },
    { 0x202561, 307, 307 },
    { 0x202570, 308, 308 },
    { 0x202573, 309, 309 },
    { 0x202574, 310, 310 },
    { 0x202575, 311, 311 },
    { 0x202626, 312, 312 },
    { 0x202768, 313, 314 },
    { 0x202A3B, 315, 315 },
    { 0x202B20, 316, 316 },
    { 0x202B25, 317, 317 },
    { 0x202B2F, 318, 318 },
    { 0x202B33, 319, 319 },
    { 0x202B78, 320, 320 },
    { 0x202D2D, 321, 342 },
    { 0x202D39, 343, 343 },
    { 0x202D61, 344, 347 },
    { 0x202D62, 348, 348 },
    { 0x202D63, 349, 354 },
    { 0x202D64, 355, 358 },
    { 0x202D65, 359, 362 },
    { 0x202D66, 363, 366 },
    { 0x202D67, 367, 368 },
    { 0x202D68, 369, 370 },
    { 0x202D69, 371, 373 },
    { 0x202D6A, 374, 375 },
    { 0x202D6B, 376, 376 },
    { 0x202D6C, 377, 381 },
    { 0x202D6D, 382, 383 },
    { 0x202D6E, 384, 387 },
    { 0x202D6F, 388, 390 },
    { 0x202D70, 391, 392 },
    { 0x202D71, 393, 393 },
    { 0x202D72, 394, 396 },
    { 0x202D73, 397, 400 },
    { 0x202D74, 401, 405 },
    { 0x202D75, 406, 407 },
    { 0x202D76, 408, 409 },
    { 0x202D77, 410, 414 },
    { 0x202D78, 415, 419 },
    { 0x202D79, 420, 420 },
    { 0x202D7A, 421, 421 },
    { 0x202E20, 422, 422 },
    { 0x202E2E, 423, 425 },
    { 0x202E2F, 426, 426 },
    { 0x202E76, 427, 427 },
    { 0x202F20, 428, 428 },
    { 0x202F2F, 429, 429 },
    { 0x202F61, 430, 430 },
    { 0x202F62, 431, 433 },
    { 0x202F63, 434, 434 },
    { 0x202F64, 435, 436 },
    { 0x202F65, 437, 438 },
    { 0x202F66, 439, 441 },
    { 0x202F68, 442, 442 },
    { 0x202F69, 443, 443 },
    { 0x202F6D, 444, 445 },
    { 0x202F6F, 446, 447 },
    { 0x202F70, 448, 450 },
    { 0x202F72, 451, 451 },
    { 0x202F73, 452, 453 },
    { 0x202F74, 454, 455 },
    { 0x202F75, 456, 456 },
    { 0x202F76, 457, 457 },
    { 0x202F77, 458, 458 },
    { 0x20302E, 459, 459 },
    { 0x203078, 460, 460 },
    { 0x203120, 461, 465 },
    { 0x20312E, 466, 466 },
    { 0x203130, 467, 469 },
    { 0x203132, 470, 470 },
    { 0x203137, 471, 471 },
    { 0x203138, 472, 473 },
    { 0x203220, 474, 474 },
    { 0x203230, 475, 476 },
    { 0x203232, 477, 477 },
    { 0x20323E, 478, 478 },
    { 0x203320, 479, 479 },
    { 0x20332E, 480, 481 },
    { 0x203330, 482, 482 },
    { 0x203420, 483, 483 },
    { 0x203432, 484, 484 },
    { 0x203520, 485, 486 },
    { 0x203634, 487, 487 },
    { 0x203735, 488, 488 },
    { 0x203830, 489, 490 },
    { 0x203A38, 491, 491 },
    { 0x203A3A, 492, 492 },
    { 0x203C20, 493, 494 },
    { 0x203D20, 495, 495 },
    { 0x203E20, 496, 499 },
    { 0x203E3E, 500, 500 },
    { 0x205B20, 501, 502 },
    { 0x205C22, 503, 503 },
    { 0x205D3B, 504, 504 },
    { 0x206120, 505, 505 },
    { 0x206163, 506, 506 },
    { 0x206164, 507, 507 },
    { 0x20616C, 508, 509 },
    { 0x20616D, 510, 510 },
    { 0x20616E, 511, 511 },
    { 0x206170, 512, 512 },
    { 0x206172, 513, 514 },
    { 0x206174, 515, 515 },
    { 0x206175, 516, 518 },
    { 0x206220, 519, 519 },
    { 0x206261, 520, 521 },
    { 0x206269, 522, 523 },
    { 0x20626C, 524, 524 },
    { 0x206272, 525, 526 },
    { 0x206273, 527, 527 },
    { 0x206275, 528, 530 },
    { 0x206361, 531, 533 },
    { 0x206368, 534, 535 },
    { 0x206369, 536, 536 },
    { 0x20636C, 537, 542 },
    { 0x20636D, 543, 544 },
    { 0x20636F, 545, 551 },
    { 0x206370, 552, 553 },
    { 0x206372, 554, 555 },
    { 0x206373, 556, 556 },
    { 0x206379, 557, 557 },
    { 0x206420, 558, 558 },
    { 0x20643A, 559, 559 },
    { 0x206461, 560, 560 },
    { 0x206462, 561, 561 },
    { 0x206465, 562, 568 },
    { 0x206469, 569, 571 },
    { 0x20646A, 572, 572 },
    { 0x20646F, 573, 577 },
    { 0x206472, 578, 578 },
    { 0x206475, 579, 579 },
    { 0x206561, 580, 580 },
    { 0x206563, 581, 583 },
    { 0x206564, 584, 584 },
    { 0x20656D, 585, 585 },
    { 0x20656E, 586, 588 },
    { 0x20656F, 589, 589 },
    { 0x206571, 590, 590 },
    { 0x206573, 591, 593 },
    { 0x206578, 594, 597 },
    { 0x206620, 598, 599 },
    { 0x206665, 600, 600 },
    { 0x206666, 601, 601 },
    { 0x206669, 602, 604 },
    { 0x20666C, 605, 605 },
    { 0x20666D, 606, 606 },
    { 0x20666F, 607, 607 },
    { 0x206672, 608, 608 },
    { 0x206673, 609, 610 },
    { 0x206675, 611, 612 },
    { 0x20673D, 613, 613 },
    { 0x206763, 614, 615 },
    { 0x206765, 616, 617 },
    { 0x206769, 618, 618 },
    { 0x20676C, 619, 619 },
    { 0x20676D, 620, 620 },
    { 0x20676F, 621, 621 },
    { 0x206772, 622, 623 },
    { 0x206861, 624, 625 },
    { 0x206865, 626, 627 },
    { 0x206869, 628, 628 },
    { 0x20686F, 629, 629 },
    { 0x206874, 630, 631 },
    { 0x206920, 632, 632 },
    { 0x206966, 633, 633 },
    { 0x20696D, 634, 634 },
    { 0x20696E, 635, 640 },
    { 0x206973, 641, 641 },
    { 0x206A6F, 642, 642 },
    { 0x206A73, 643, 643 },
    { 0x206B65, 644, 644 },
    { 0x206B76, 645, 645 },
    { 0x206C61, 646, 648 },
    { 0x206C65, 649, 649 },
    { 0x206C69, 650, 653 },
    { 0x206C6C, 654, 655 },
    { 0x206C6F, 656, 657 },
    { 0x206C73, 658, 660 },
    { 0x206D61, 661, 667 },
    { 0x206D65, 668, 669 },
    { 0x206D69, 670, 671 },
    { 0x206D6B, 672, 673 },
    { 0x206D6F, 674, 675 },
    { 0x206D73, 676, 676 },
    { 0x206D76, 677, 677 },
    { 0x206D79, 678, 679 },
    { 0x206E61, 680, 680 },
    { 0x206E62, 681, 681 },
    { 0x206E65, 682, 683 },
    { 0x206E6F, 684, 686 },
    { 0x206E75, 687, 688 },
    { 0x206F62, 689, 689 },
    { 0x206F66, 690, 690 },
    { 0x206F6C, 691, 691 },
    { 0x206F70, 692, 692 },
    { 0x206F72, 693, 693 },
    { 0x206F73, 694, 694 },
    { 0x206F75, 695, 695 },
    { 0x207061, 696, 698 },
    { 0x207064, 699, 699 },
    { 0x207069, 700, 702 },
    { 0x20706C, 703, 703 },
    { 0x20706D, 704, 704 },
    { 0x20706F, 705, 708 },
    { 0x207072, 709, 711 },
    { 0x207073, 712, 714 },
    { 0x207075, 715, 718 },
    { 0x207079, 719, 721 },
    { 0x207175, 722, 722 },
    { 0x207261, 723, 723 },
    { 0x207265, 724, 734 },
    { 0x207267, 735, 735 },
    { 0x20726D, 736, 737 },
    { 0x207275, 738, 740 },
    { 0x207333, 741, 742 },
    { 0x207361, 743, 744 },
    { 0x207363, 745, 746 },
    { 0x207365, 747, 752 },
    { 0x207368, 753, 754 },
    { 0x207369, 755, 756 },
    { 0x20736B, 757, 757 },
    { 0x20736C, 758, 758 },
    { 0x20736D, 759, 759 },
    { 0x20736F, 760, 761 },
    { 0x207371, 762, 762 },
    { 0x207372, 763, 763 },
    { 0x207373, 764, 764 },
    { 0x207374, 765, 767 },
    { 0x207375, 768, 768 },
    { 0x207377, 769, 769 },
    { 0x207379, 770, 772 },
    { 0x207461, 773, 775 },
    { 0x207465, 776, 779 },
    { 0x207468, 780, 781 },
    { 0x207469, 782, 783 },
    { 0x20746F, 784, 785 },
    { 0x207472, 786, 788 },
    { 0x207473, 789, 791 },
    { 0x20756E, 792, 793 },
    { 0x207570, 794, 797 },
    { 0x207572, 798, 798 },
    { 0x207573, 799, 799 },
    { 0x207575, 800, 800 },
    { 0x207631, 801, 801 },
    { 0x207661, 802, 803 },
    { 0x207665, 804, 806 },
    { 0x207669, 807, 808 },
    { 0x20766D, 809, 809 },
    { 0x207761, 810, 811 },
    { 0x207763, 812, 812 },
    { 0x207765, 813, 813 },
    { 0x207768, 814, 814 },
    { 0x20776F, 815, 815 },
    { 0x207772, 816, 816 },
    { 0x20786D, 817, 817 },
    { 0x207961, 818, 818 },
    { 0x207965, 819, 819 },
    { 0x207B20, 820, 820 },
    { 0x207B7D, 821, 822 },
    { 0x207C20, 823, 830 },
    { 0x207C7C, 831, 831 },
    { 0x222034, 832, 832 },
    { 0x22203D, 833, 833 },
    { 0x22203E, 834, 835 },
    { 0x22205D, 836, 836 },
    { 0x222066, 837, 837 },
    { 0x222068, 838, 838 },
    { 0x222075, 839, 839 },
    { 0x222076, 840, 840 },
    { 0x222461, 841, 841 },
    { 0x222462, 842, 842 },
    { 0x222476, 843, 843 },
    { 0x222564, 844, 844 },
    { 0x222573, 845, 846 },
    { 0x222870, 847, 847 },
    { 0x222922, 848, 848 },
    { 0x222A2E, 849, 849 },
    { 0x222B73, 850, 850 },
    { 0x222D73, 851, 851 },
    { 0x222E22, 852, 852 },
    { 0x222F70, 853, 853 },
    { 0x226272, 854, 854 },
    { 0x22636F, 855, 856 },
    { 0x226563, 857, 857 },
    { 0x22672F, 858, 858 },
    { 0x226765, 859, 859 },
    { 0x226865, 860, 861 },
    { 0x22696D, 862, 862 },
    { 0x226C69, 863, 863 },
    { 0x226C6F, 864, 864 },
    { 0x226D65, 865, 865 },
    { 0x226E69, 866, 866 },
    { 0x226E6D, 867, 867 },
    { 0x227072, 868, 869 },
    { 0x227365, 870, 871 },
    { 0x227465, 872, 873 },
    { 0x22756E, 874, 874 },
    { 0x227570, 875, 875 },
    { 0x227665, 876, 876 },
    { 0x227669, 877, 877 },
    { 0x227771, 878, 878 },
    { 0x24286C, 879, 879 },
    { 0x246122, 880, 880 },
    { 0x246222, 881, 881 },
    { 0x24686F, 882, 882 },
    { 0x24693B, 883, 883 },
    { 0x246C69, 884, 884 },
    { 0x246E61, 885, 885 },
    { 0x247061, 886, 886 },
    { 0x247077, 887, 887 },
    { 0x247368, 888, 888 },
    { 0x247465, 889, 889 },
    { 0x247573, 890, 890 },
    { 0x247661, 891, 891 },
    { 0x256170, 892, 892 },
    { 0x256420, 893, 893 },
    { 0x256D2D, 894, 894 },
    { 0x257061, 895, 895 },
    { 0x257322, 896, 896 },
    { 0x25732F, 897, 897 },
    { 0x25735C, 898, 898 },
    { 0x257465, 899, 899 },
    { 0x257573, 900, 900 },
    { 0x25792D, 901, 901 },
    { 0x262063, 902, 902 },
    { 0x262065, 903, 903 },
    { 0x262620, 904, 905 },
    { 0x263120, 906, 906 },
    { 0x272922, 907, 907 },
    { 0x27292C, 908, 908 },
    { 0x27292E, 909, 909 },
    { 0x27293B, 910, 911 },
    { 0x272C27, 912, 912 },
    { 0x273B22, 913, 913 },
    { 0x276127, 914, 914 },
    { 0x276227, 915, 915 },
    { 0x276364, 916, 916 },
    { 0x27646F, 917, 917 },
    { 0x276669, 918, 918 },
    { 0x276673, 919, 919 },
    { 0x276769, 920, 920 },
    { 0x276865, 921, 921 },
    { 0x276869, 922, 922 },
    { 0x276C73, 923, 923 },
    { 0x276F73, 924, 924 },
    { 0x277061, 925, 925 },
    { 0x282761, 926, 926 },
    { 0x282764, 927, 927 },
    { 0x282766, 928, 929 },
    { 0x282768, 930, 931 },
    { 0x28276F, 932, 932 },
    { 0x282770, 933, 933 },
    { 0x282829, 934, 934 },
    { 0x282920, 935, 935 },
    { 0x282922, 936, 936 },
    { 0x282929, 937, 937 },
    { 0x28293D, 938, 938 },
    { 0x283130, 939, 939 },
    { 0x286C73, 940, 940 },
    { 0x287072, 941, 942 },
    { 0x287261, 943, 943 },
    { 0x287265, 944, 944 },
    { 0x292063, 945, 945 },
    { 0x29207B, 946, 946 },
    { 0x292922, 947, 947 },
    { 0x292C31, 948, 948 },
    { 0x292E63, 949, 949 },
    { 0x293B20, 950, 950 },
    { 0x293B66, 951, 951 },
    { 0x293B70, 952, 952 },
    { 0x293D3E, 953, 953 },
    { 0x2A2E63, 954, 956 },
    { 0x2A3B20, 957, 957 },
    { 0x2B202D, 958, 959 },
    { 0x2B2031, 960, 960 },
    { 0x2B2579, 961, 961 },
    { 0x2B2B20, 962, 962 },
    { 0x2B2B31, 963, 963 },
    { 0x2B2B32, 964, 964 },
    { 0x2B2F70, 965, 965 },
    { 0x2B3137, 966, 966 },
    { 0x2B3230, 967, 967 },
    { 0x2B7365, 968, 968 },
    { 0x2B7820, 969, 969 },
    { 0x2C2762, 970, 970 },
    { 0x2C3130, 971, 971 },
    { 0x2C636D, 972, 972 },
    { 0x2D2062, 973, 973 },
    { 0x2D2564, 974, 974 },
    { 0x2D256D, 975, 975 },
    { 0x2D2D20, 976, 976 },
    { 0x2D2D61, 977, 983 },
    { 0x2D2D62, 984, 986 },
    { 0x2D2D63, 987, 989 },
    { 0x2D2D64, 990, 991 },
    { 0x2D2D65, 992, 992 },
    { 0x2D2D66, 993, 995 },
    { 0x2D2D67, 996, 998 },
    { 0x2D2D68, 999, 1000 },
    { 0x2D2D69, 1001, 1002 },
    { 0x2D2D6A, 1003, 1003 },
    { 0x2D2D6C, 1004, 1006 },
    { 0x2D2D6D, 1007, 1007 },
    { 0x2D2D6E, 1008, 1010 },
    { 0x2D2D6F, 1011, 1013 },
    { 0x2D2D70, 1014, 1016 },
    { 0x2D2D72, 1017, 1017 },
    { 0x2D2D73, 1018, 1022 },
    { 0x2D2D74, 1023, 1026 },
    { 0x2D2D75, 1027, 1030 },
    { 0x2D2D76, 1031, 1031 },
    { 0x2D2D77, 1032, 1033 },
    { 0x2D3130, 1034, 1034 },
    { 0x2D332E, 1035, 1035 },
    { 0x2D3920, 1036, 1036 },
    { 0x2D6120, 1037, 1040 },
    { 0x2D6162, 1041, 1042 },
    { 0x2D6164, 1043, 1044 },
    { 0x2D6167, 1045, 1045 },
    { 0x2D616C, 1046, 1046 },
    { 0x2D616D, 1047, 1047 },
    { 0x2D616E, 1048, 1048 },
    { 0x2D6170, 1049, 1049 },
    { 0x2D6172, 1050, 1050 },
    { 0x2D6174, 1051, 1051 },
    { 0x2D6175, 1052, 1053 },
    { 0x2D6176, 1054, 1055 },
    { 0x2D6220, 1056, 1058 },
    { 0x2D6261, 1059, 1059 },
    { 0x2D6269, 1060, 1060 },
    { 0x2D6272, 1061, 1061 },
    { 0x2D6275, 1062, 1063 },
    { 0x2D6320, 1064, 1074 },
    { 0x2D6331, 1075, 1075 },
    { 0x2D6361, 1076, 1077 },
    { 0x2D6363, 1078, 1078 },
    { 0x2D6368, 1079, 1080 },
    { 0x2D636A, 1081, 1081 },
    { 0x2D636F, 1082, 1084 },
    { 0x2D6372, 1085, 1085 },
    { 0x2D6376, 1086, 1086 },
    { 0x2D637A, 1087, 1087 },
    { 0x2D6420, 1088, 1091 },
    { 0x2D643A, 1092, 1092 },
    { 0x2D6463, 1093, 1093 },
    { 0x2D6465, 1094, 1095 },
    { 0x2D6469, 1096, 1098 },
    { 0x2D6472, 1099, 1099 },
    { 0x2D6520, 1100, 1107 },
    { 0x2D6561, 1108, 1108 },
    { 0x2D6566, 1109, 1109 },
    { 0x2D656D, 1110, 1110 },
    { 0x2D656F, 1111, 1111 },
    { 0x2D6576, 1112, 1112 },
    { 0x2D6578, 1113, 1114 },
    { 0x2D6620, 1115, 1117 },
    { 0x2D6631, 1118, 1118 },
    { 0x2D6661, 1119, 1119 },
    { 0x2D6664, 1120, 1120 },
    { 0x2D6666, 1121, 1121 },
    { 0x2D6669, 1122, 1122 },
    { 0x2D666F, 1123, 1123 },
    { 0x2D6675, 1124, 1125 },
    { 0x2D6720, 1126, 1128 },
    { 0x2D676C, 1129, 1129 },
    { 0x2D676F, 1130, 1130 },
    { 0x2D6772, 1131, 1131 },
    { 0x2D6820, 1132, 1135 },
    { 0x2D6861, 1136, 1136 },
    { 0x2D6865, 1137, 1137 },
    { 0x2D6920, 1138, 1146 },
    { 0x2D6967, 1147, 1147 },
    { 0x2D696D, 1148, 1148 },
    { 0x2D696E, 1149, 1152 },
    { 0x2D6974, 1153, 1153 },
    { 0x2D6A34, 1154, 1154 },
    { 0x2D6A73, 1155, 1155 },
    { 0x2D6B20, 1156, 1157 },
    { 0x2D6C20, 1158, 1163 },
    { 0x2D6C61, 1164, 1166 },
    { 0x2D6C64, 1167, 1167 },
    { 0x2D6C65, 1168, 1169 },
    { 0x2D6C66, 1170, 1170 },
    { 0x2D6C69, 1171, 1171 },
    { 0x2D6C6F, 1172, 1173 },
    { 0x2D6D20, 1174, 1191 },
    { 0x2D6D61, 1192, 1192 },
    { 0x2D6E20, 1193, 1201 },
    { 0x2D6E61, 1202, 1202 },
    { 0x2D6E65, 1203, 1204 },
    { 0x2D6E6F, 1205, 1207 },
    { 0x2D6E75, 1208, 1208 },
    { 0x2D6E77, 1209, 1209 },
    { 0x2D6F20, 1210, 1214 },
    { 0x2D6F32, 1215, 1215 },
    { 0x2D6F62, 1216, 1216 },
    { 0x2D6F6C, 1217, 1217 },
    { 0x2D6F6E, 1218, 1220 },
    { 0x2D6F70, 1221, 1221 },
    { 0x2D6F75, 1222, 1222 },
    { 0x2D7020, 1223, 1229 },
    { 0x2D7061, 1230, 1232 },
    { 0x2D7069, 1233, 1233 },
    { 0x2D706C, 1234, 1235 },
    { 0x2D706F, 1236, 1237 },
    { 0x2D7072, 1238, 1238 },
    { 0x2D7075, 1239, 1239 },
    { 0x2D7079, 1240, 1240 },
    { 0x2D7120, 1241, 1242 },
    { 0x2D7175, 1243, 1243 },
    { 0x2D7220, 1244, 1253 },
    { 0x2D7265, 1254, 1260 },
    { 0x2D7266, 1261, 1261 },
    { 0x2D7275, 1262, 1262 },
    { 0x2D7320, 1263, 1268 },
    { 0x2D7361, 1269, 1269 },
    { 0x2D7364, 1270, 1270 },
    { 0x2D7365, 1271, 1273 },
    { 0x2D7368, 1274, 1274 },
    { 0x2D7369, 1275, 1275 },
    { 0x2D736B, 1276, 1276 },
    { 0x2D736F, 1277, 1277 },
    { 0x2D7374, 1278, 1278 },
    { 0x2D7376, 1279, 1279 },
    { 0x2D7379, 1280, 1280 },
    { 0x2D7420, 1281, 1285 },
    { 0x2D7461, 1286, 1287 },
    { 0x2D7465, 1288, 1288 },
    { 0x2D7466, 1289, 1289 },
    { 0x2D746F, 1290, 1290 },
    { 0x2D7472, 1291, 1292 },
    { 0x2D7475, 1293, 1293 },
    { 0x2D7479, 1294, 1294 },
    { 0x2D7520, 1295, 1298 },
    { 0x2D7569, 1299, 1299 },
    { 0x2D756E, 1300, 1301 },
    { 0x2D7570, 1302, 1302 },
    { 0x2D7572, 1303, 1303 },
    { 0x2D7573, 1304, 1304 },
    { 0x2D7620, 1305, 1308 },
    { 0x2D7665, 1309, 1309 },
    { 0x2D7669, 1310, 1310 },
    { 0x2D7720, 1311, 1312 },
    { 0x2D7722, 1313, 1313 },
    { 0x2D7761, 1314, 1315 },
    { 0x2D7765, 1316, 1316 },
    { 0x2D7769, 1317, 1317 },
    { 0x2D7772, 1318, 1318 },
    { 0x2D7820, 1319, 1322 },
    { 0x2D786A, 1323, 1323 },
    { 0x2D7876, 1324, 1324 },
    { 0x2D787A, 1325, 1325 },
    { 0x2D7A20, 1326, 1326 },
    { 0x2E202D, 1327, 1330 },
    { 0x2E2066, 1331, 1331 },
    { 0x2E2E27, 1332, 1332 },
    { 0x2E2E2E, 1333, 1333 },
    { 0x2E2E3D, 1334, 1334 },
    { 0x2E2F2E, 1335, 1335 },
    { 0x2E3020, 1336, 1336 },
    { 0x2E3022, 1337, 1337 },
    { 0x2E302E, 1338, 1339 },
    { 0x2E3130, 1340, 1341 },
    { 0x2E3D27, 1342, 1342 },
    { 0x2E6172, 1343, 1344 },
    { 0x2E6175, 1345, 1345 },
    { 0x2E627A, 1346, 1346 },
    { 0x2E6320, 1347, 1347 },
    { 0x2E6322, 1348, 1348 },
    { 0x2E636F, 1349, 1350 },
    { 0x2E6370, 1351, 1352 },
    { 0x2E6373, 1353, 1353 },
    { 0x2E6377, 1354, 1354 },
    { 0x2E6465, 1355, 1355 },
    { 0x2E6469, 1356, 1356 },
    { 0x2E6564, 1357, 1357 },
    { 0x2E656C, 1358, 1358 },
    { 0x2E656D, 1359, 1359 },
    { 0x2E656E, 1360, 1360 },
    { 0x2E6574, 1361, 1361 },
    { 0x2E6578, 1362, 1363 },
    { 0x2E6769, 1364, 1364 },
    { 0x2E676F, 1365, 1365 },
    { 0x2E6770, 1366, 1366 },
    { 0x2E677A, 1367, 1368 },
    { 0x2E6863, 1369, 1369 },
    { 0x2E696E, 1370, 1370 },
    { 0x2E6970, 1371, 1373 },
    { 0x2E6A6F, 1374, 1374 },
    { 0x2E6A73, 1375, 1377 },
    { 0x2E6B6F, 1378, 1378 },
    { 0x2E6C67, 1379, 1379 },
    { 0x2E6C6F, 1380, 1380 },
    { 0x2E6D64, 1381, 1381 },
    { 0x2E6D65, 1382, 1382 },
    { 0x2E6E61, 1383, 1383 },
    { 0x2E6F62, 1384, 1384 },
    { 0x2E6F75, 1385, 1385 },
    { 0x2E7061, 1386, 1386 },
    { 0x2E7065, 1387, 1387 },
    { 0x2E7068, 1388, 1388 },
    { 0x2E706B, 1389, 1389 },
    { 0x2E706C, 1390, 1391 },
    { 0x2E7072, 1392, 1393 },
    { 0x2E7079, 1394, 1395 },
    { 0x2E7262, 1396, 1396 },
    { 0x2E7265, 1397, 1398 },
    { 0x2E7273, 1399, 1399 },
    { 0x2E7320, 1400, 1400 },
    { 0x2E7365, 1401, 1402 },
    { 0x2E7368, 1403, 1403 },
    { 0x2E7369, 1404, 1404 },
    { 0x2E736C, 1405, 1405 },
    { 0x2E7461, 1406, 1406 },
    { 0x2E746F, 1407, 1407 },
    { 0x2E7473, 1408, 1409 },
    { 0x2E7478, 1410, 1410 },
    { 0x2E7569, 1411, 1411 },
    { 0x2E7570, 1412, 1412 },
    { 0x2E7574, 1413, 1413 },
    { 0x2E7663, 1414, 1414 },
    { 0x2E7665, 1415, 1416 },
    { 0x2E7669, 1417, 1417 },
    { 0x2E786D, 1418, 1418 },
    { 0x2E787A, 1419, 1419 },
    { 0x2E7961, 1420, 1420 },
    { 0x2E796D, 1421, 1421 },
    { 0x2E7A69, 1422, 1422 },
    { 0x2F202D, 1423, 1427 },
    { 0x2F2E2E, 1428, 1428 },
    { 0x2F2F62, 1429, 1429 },
    { 0x2F2F6C, 1430, 1430 },
    { 0x2F2F70, 1431, 1431 },
    { 0x2F616C, 1432, 1432 },
    { 0x2F6261, 1433, 1433 },
    { 0x2F6269, 1434, 1434 },
    { 0x2F626F, 1435, 1435 },
    { 0x2F6275, 1436, 1436 },
    { 0x2F6320, 1437, 1439 },
    { 0x2F6370, 1440, 1440 },
    { 0x2F6420, 1441, 1441 },
    { 0x2F6422, 1442, 1442 },
    { 0x2F6465, 1443, 1443 },
    { 0x2F6568, 1444, 1444 },
    { 0x2F6574, 1445, 1445 },
    { 0x2F6620, 1446, 1447 },
    { 0x2F6665, 1448, 1448 },
    { 0x2F6669, 1449, 1449 },
    { 0x2F6722, 1450, 1450 },
    { 0x2F686F, 1451, 1451 },
    { 0x2F696D, 1452, 1452 },
    { 0x2F6C6F, 1453, 1454 },
    { 0x2F6D65, 1455, 1455 },
    { 0x2F6D6E, 1456, 1456 },
    { 0x2F6E65, 1457, 1457 },
    { 0x2F6E75, 1458, 1458 },
    { 0x2F6F6C, 1459, 1459 },
    { 0x2F6F70, 1460, 1460 },
    { 0x2F6F73, 1461, 1461 },
    { 0x2F6F75, 1462, 1462 },
    { 0x2F703A, 1463, 1464 },
    { 0x2F7061, 1465, 1466 },
    { 0x2F7072, 1467, 1467 },
    { 0x2F726F, 1468, 1468 },
    { 0x2F7364, 1469, 1469 },
    { 0x2F7372, 1470, 1470 },
    { 0x2F7375, 1471, 1471 },
    { 0x2F7379, 1472, 1472 },
    { 0x2F743A, 1473, 1473 },
    { 0x2F7463, 1474, 1474 },
    { 0x2F7465, 1475, 1475 },
    { 0x2F746D, 1476, 1476 },
    { 0x2F746F, 1477, 1477 },
    { 0x2F7573, 1478, 1478 },
    { 0x2F7661, 1479, 1479 },
    { 0x2F7A65, 1480, 1480 },
    { 0x30202D, 1481, 1483 },
    { 0x302063, 1484, 1484 },
    { 0x302066, 1485, 1485 },
    { 0x302922, 1486, 1486 },
    { 0x302929, 1487, 1487 },
    { 0x302E30, 1488, 1489 },
    { 0x302E31, 1490, 1490 },
    { 0x302E35, 1491, 1491 },
    { 0x302F74, 1492, 1492 },
    { 0x303020, 1493, 1494 },
    { 0x303029, 1495, 1496 },
    { 0x303030, 1497, 1500 },
    { 0x303232, 1501, 1501 },
    { 0x303235, 1502, 1502 },
    { 0x303830, 1503, 1505 },
    { 0x303A38, 1506, 1506 },
    { 0x307834, 1507, 1507 },
    { 0x312026, 1508, 1509 },
    { 0x312031, 1510, 1510 },
    { 0x312032, 1511, 1511 },
    { 0x312063, 1512, 1512 },
    { 0x312064, 1513, 1513 },
    { 0x312066, 1514, 1514 },
    { 0x312068, 1515, 1515 },
    { 0x31207C, 1516, 1517 },
    { 0x312D31, 1518, 1518 },
    { 0x312D70, 1519, 1519 },
    { 0x312E30, 1520, 1522 },
    { 0x313020, 1523, 1524 },
    { 0x31302E, 1525, 1525 },
    { 0x313030, 1526, 1527 },
    { 0x313032, 1528, 1528 },
    { 0x31312D, 1529, 1529 },
    { 0x313237, 1530, 1530 },
    { 0x313720, 1531, 1532 },
    { 0x31382E, 1533, 1533 },
    { 0x313B20, 1534, 1534 },
    { 0x316D20, 1535, 1535 },
    { 0x32202D, 1536, 1537 },
    { 0x322031, 1538, 1538 },
    { 0x322064, 1539, 1540 },
    { 0x322065, 1541, 1541 },
    { 0x322066, 1542, 1542 },
    { 0x322068, 1543, 1543 },
    { 0x322069, 1544, 1544 },
    { 0x32206C, 1545, 1546 },
    { 0x32206D, 1547, 1547 },
    { 0x322072, 1548, 1548 },
    { 0x322073, 1549, 1552 },
    { 0x322074, 1553, 1553 },
    { 0x322075, 1554, 1554 },
    { 0x32207C, 1555, 1555 },
    { 0x322D75, 1556, 1556 },
    { 0x323020, 1557, 1558 },
    { 0x323032, 1559, 1559 },
    { 0x323220, 1560, 1560 },
    { 0x323222, 1561, 1561 },
    { 0x323232, 1562, 1563 },
    { 0x32372E, 1564, 1564 },
    { 0x323E26, 1565, 1565 },
    { 0x323E2F, 1566, 1566 },
    { 0x326C69, 1567, 1567 },
    { 0x332063, 1568, 1569 },
    { 0x33206C, 1570, 1570 },
    { 0x332073, 1571, 1572 },
    { 0x332E30, 1573, 1574 },
    { 0x332E31, 1575, 1575 },
    { 0x333030, 1576, 1576 },
    { 0x333131, 1577, 1577 },
    { 0x33322D, 1578, 1578 },
    { 0x333A2F, 1579, 1579 },
    { 0x34202F, 1580, 1580 },
    { 0x342066, 1581, 1581 },
    { 0x342067, 1582, 1582 },
    { 0x342E69, 1583, 1583 },
    { 0x343030, 1584, 1584 },
    { 0x343220, 1585, 1585 },
    { 0x343420, 1586, 1586 },
    { 0x352062, 1587, 1587 },
    { 0x352066, 1588, 1588 },
    { 0x352070, 1589, 1589 },
    { 0x353520, 1590, 1590 },
    { 0x363422, 1591, 1591 },
    { 0x363434, 1592, 1592 },
    { 0x37202D, 1593, 1593 },
    { 0x372032, 1594, 1594 },
    { 0x372E30, 1595, 1595 },
    { 0x373535, 1596, 1596 },
    { 0x382073, 1597, 1597 },
    { 0x382E30, 1598, 1598 },
    { 0x38302F, 1599, 1599 },
    { 0x383030, 1600, 1600 },
    { 0x383038, 1601, 1601 },
    { 0x38303A, 1602, 1602 },
    { 0x392070, 1603, 1603 },
    { 0x3A202D, 1604, 1604 },
    { 0x3A2061, 1605, 1605 },
    { 0x3A2076, 1606, 1606 },
    { 0x3A2F2F, 1607, 1608 },
    { 0x3A2F6E, 1609, 1609 },
    { 0x3A3130, 1610, 1610 },
    { 0x3A3830, 1611, 1613 },
    { 0x3A3A20, 1614, 1614 },
    { 0x3A3A3A, 1615, 1615 },
    { 0x3A5C73, 1616, 1616 },
    { 0x3A5C74, 1617, 1617 },
    { 0x3A6275, 1618, 1618 },
    { 0x3A636F, 1619, 1620 },
    { 0x3A6772, 1621, 1621 },
    { 0x3A6C69, 1622, 1622 },
    { 0x3A6D69, 1623, 1623 },
    { 0x3A6F75, 1624, 1624 },
    { 0x3A7061, 1625, 1625 },
    { 0x3A706C, 1626, 1626 },
    { 0x3A7461, 1627, 1627 },
    { 0x3A7465, 1628, 1628 },
    { 0x3B2063, 1629, 1629 },
    { 0x3B2064, 1630, 1630 },
    { 0x3B2065, 1631, 1631 },
    { 0x3B2066, 1632, 1632 },
    { 0x3B2070, 1633, 1633 },
    { 0x3B2074, 1634, 1634 },
    { 0x3B207D, 1635, 1635 },
    { 0x3B3B20, 1636, 1636 },
    { 0x3B6673, 1637, 1637 },
    { 0x3B7061, 1638, 1638 },
    { 0x3C2065, 1639, 1639 },
    { 0x3C2066, 1640, 1640 },
    { 0x3C2070, 1641, 1641 },
    { 0x3C3C20, 1642, 1642 },
    { 0x3D2022, 1643, 1643 },
    { 0x3D2470, 1644, 1644 },
    { 0x3D2763, 1645, 1645 },
    { 0x3D2767, 1646, 1646 },
    { 0x3D276C, 1647, 1647 },
    { 0x3D2F64, 1648, 1648 },
    { 0x3D312E, 1649, 1649 },
    { 0x3D3130, 1650, 1650 },
    { 0x3D316D, 1651, 1652 },
    { 0x3D332E, 1653, 1653 },
    { 0x3D3D31, 1654, 1654 },
    { 0x3D3E63, 1655, 1655 },
    { 0x3D632B, 1656, 1656 },
    { 0x3D633A, 1657, 1657 },
    { 0x3D6465, 1658, 1658 },
    { 0x3D646F, 1659, 1659 },
    { 0x3D656E, 1660, 1660 },
    { 0x3D6669, 1661, 1661 },
    { 0x3D6675, 1662, 1662 },
    { 0x3D6869, 1663, 1663 },
    { 0x3D696D, 1664, 1664 },
    { 0x3D7072, 1665, 1665 },
    { 0x3D7265, 1666, 1667 },
    { 0x3D756E, 1668, 1668 },
    { 0x3D7661, 1669, 1669 },
    { 0x3D7669, 1670, 1670 },
    { 0x3D7836, 1671, 1671 },
    { 0x3E2065, 1672, 1672 },
    { 0x3E2066, 1673, 1673 },
    { 0x3E206C, 1674, 1674 },
    { 0x3E2072, 1675, 1675 },
    { 0x3E2631, 1676, 1677 },
    { 0x3E2F64, 1678, 1678 },
    { 0x3E3E20, 1679, 1679 },
    { 0x3E636F, 1680, 1680 },
    { 0x40686F, 1681, 1681 },
    { 0x5B2022, 1682, 1682 },
    { 0x5B202D, 1683, 1686 },
    { 0x5C2229, 1687, 1687 },
    { 0x5C2268, 1688, 1688 },
    { 0x5C6E22, 1689, 1689 },
    { 0x5C736F, 1690, 1690 },
    { 0x5C746F, 1691, 1691 },
    { 0x5D3B20, 1692, 1692 },
    { 0x5F6275, 1693, 1693 },
    { 0x5F6469, 1694, 1694 },
    { 0x5F666F, 1695, 1695 },
    { 0x5F6D6F, 1696, 1696 },
    { 0x5F6E61, 1697, 1697 },
    { 0x5F7061, 1698, 1698 },
    { 0x5F7265, 1699, 1699 },
    { 0x5F7472, 1700, 1700 },
    { 0x5F7479, 1701, 1701 },
    { 0x5F7573, 1702, 1702 },
    { 0x612022, 1703, 1703 },
    { 0x61202D, 1704, 1706 },
    { 0x612061, 1707, 1707 },
    { 0x612062, 1708, 1708 },
    { 0x612063, 1709, 1710 },
    { 0x612064, 1711, 1711 },
    { 0x612065, 1712, 1712 },
    { 0x612069, 1713, 1713 },
    { 0x61206C, 1714, 1714 },
    { 0x612073, 1715, 1715 },
    { 0x612076, 1716, 1716 },
    { 0x612220, 1717, 1717 },
    { 0x61272C, 1718, 1718 },
    { 0x616220, 1719, 1719 },
    { 0x616262, 1720, 1720 },
    { 0x61626C, 1721, 1721 },
    { 0x61626F, 1722, 1722 },
    { 0x616365, 1723, 1726 },
    { 0x616368, 1727, 1729 },
    { 0x61636B, 1730, 1734 },
    { 0x61636D, 1735, 1735 },
    { 0x616373, 1736, 1736 },
    { 0x616374, 1737, 1738 },
    { 0x616420, 1739, 1747 },
    { 0x61642D, 1748, 1748 },
    { 0x61642E, 1749, 1749 },
    { 0x616464, 1750, 1752 },
    { 0x616465, 1753, 1756 },
    { 0x616466, 1757, 1757 },
    { 0x61646C, 1758, 1758 },
    { 0x61646D, 1759, 1760 },
    { 0x61647E, 1761, 1762 },
    { 0x616665, 1763, 1763 },
    { 0x61666F, 1764, 1764 },
    { 0x616720, 1765, 1765 },
    { 0x616765, 1766, 1772 },
    { 0x616767, 1773, 1773 },
    { 0x616772, 1774, 1774 },
    { 0x616773, 1775, 1775 },
    { 0x61696C, 1776, 1779 },
    { 0x61696E, 1780, 1783 },
    { 0x616974, 1784, 1785 },
    { 0x616A6F, 1786, 1786 },
    { 0x616B2D, 1787, 1787 },
    { 0x616B65, 1788, 1793 },
    { 0x616B70, 1794, 1794 },
    { 0x616C20, 1795, 1804 },
    { 0x616C3B, 1805, 1805 },
    { 0x616C63, 1806, 1806 },
    { 0x616C65, 1807, 1808 },
    { 0x616C67, 1809, 1809 },
    { 0x616C68, 1810, 1810 },
    { 0x616C69, 1811, 1813 },
    { 0x616C6C, 1814, 1819 },
    { 0x616C73, 1820, 1821 },
    { 0x616C74, 1822, 1822 },
    { 0x616C75, 1823, 1823 },
    { 0x616D62, 1824, 1824 },
    { 0x616D65, 1825, 1830 },
    { 0x616D69, 1831, 1831 },
    { 0x616D6C, 1832, 1833 },
    { 0x616E20, 1834, 1835 },
    { 0x616E61, 1836, 1836 },
    { 0x616E63, 1837, 1838 },
    { 0x616E64, 1839, 1847 },
    { 0x616E67, 1848, 1852 },
    { 0x616E6C, 1853, 1853 },
    { 0x616E6F, 1854, 1854 },
    { 0x616E73, 1855, 1855 },
    { 0x616E74, 1856, 1857 },
    { 0x617020, 1858, 1858 },
    { 0x61702D, 1859, 1859 },
    { 0x617068, 1860, 1861 },
    { 0x617069, 1862, 1862 },
    { 0x617070, 1863, 1867 },
    { 0x617074, 1868, 1870 },
    { 0x617220, 1871, 1873 },
    { 0x617222, 1874, 1875 },
    { 0x61722E, 1876, 1877 },
    { 0x61722F, 1878, 1878 },
    { 0x61723D, 1879, 1879 },
    { 0x617261, 1880, 1880 },
    { 0x617263, 1881, 1881 },
    { 0x617264, 1882, 1884 },
    { 0x617267, 1885, 1889 },
    { 0x61726E, 1890, 1891 },
    { 0x617273, 1892, 1892 },
    { 0x617274, 1893, 1897 },
    { 0x617279, 1898, 1899 },
    { 0x617320, 1900, 1903 },
    { 0x617322, 1904, 1904 },
    { 0x61732E, 1905, 1905 },
    { 0x61733D, 1906, 1906 },
    { 0x617365, 1907, 1910 },
    { 0x617368, 1911, 1914 },
    { 0x61736B, 1915, 1918 },
    { 0x61736D, 1919, 1920 },
    { 0x617373, 1921, 1923 },
    { 0x617374, 1924, 1925 },
    { 0x617420, 1926, 1933 },
    { 0x61742D, 1934, 1935 },
    { 0x617461, 1936, 1937 },
    { 0x617463, 1938, 1938 },
    { 0x617465, 1939, 1946 },
    { 0x617466, 1947, 1947 },
    { 0x617468, 1948, 1957 },
    { 0x617469, 1958, 1958 },
    { 0x617470, 1959, 1959 },
    { 0x617471, 1960, 1960 },
    { 0x617472, 1961, 1961 },
    { 0x617473, 1962, 1962 },
    { 0x617474, 1963, 1965 },
    { 0x617475, 1966, 1966 },
    { 0x617564, 1967, 1967 },
    { 0x61756C, 1968, 1968 },
    { 0x617574, 1969, 1970 },
    { 0x617578, 1971, 1971 },
    { 0x617620, 1972, 1972 },
    { 0x617665, 1973, 1975 },
    { 0x617669, 1976, 1976 },
    { 0x61767A, 1977, 1977 },
    { 0x617773, 1978, 1978 },
    { 0x61782D, 1979, 1979 },
    { 0x617962, 1980, 1980 },
    { 0x617970, 1981, 1981 },
    { 0x617977, 1982, 1982 },
    { 0x617A20, 1983, 1985 },
    { 0x617A65, 1986, 1986 },
    { 0x62202D, 1987, 1992 },
    { 0x622062, 1993, 1994 },
    { 0x622063, 1995, 1996 },
    { 0x622066, 1997, 1997 },
    { 0x622068, 1998, 1998 },
    { 0x62206C, 1999, 1999 },
    { 0x622072, 2000, 2000 },
    { 0x622073, 2001, 2003 },
    { 0x622220, 2004, 2004 },
    { 0x622729, 2005, 2005 },
    { 0x622E61, 2006, 2006 },
    { 0x622E68, 2007, 2007 },
    { 0x622E73, 2008, 2008 },
    { 0x623A6D, 2009, 2009 },
    { 0x623B20, 2010, 2010 },
    { 0x625F72, 2011, 2011 },
    { 0x62616C, 2012, 2012 },
    { 0x62616E, 2013, 2013 },
    { 0x626170, 2014, 2014 },
    { 0x626173, 2015, 2016 },
    { 0x626174, 2017, 2017 },
    { 0x62617A, 2018, 2018 },
    { 0x626272, 2019, 2020 },
    { 0x62636F, 2021, 2021 },
    { 0x626461, 2022, 2022 },
    { 0x626469, 2023, 2023 },
    { 0x626520, 2024, 2026 },
    { 0x62652D, 2027, 2027 },
    { 0x626563, 2028, 2028 },
    { 0x62656E, 2029, 2029 },
    { 0x626572, 2030, 2031 },
    { 0x62696E, 2032, 2035 },
    { 0x626973, 2036, 2036 },
    { 0x626A64, 2037, 2037 },
    { 0x626A65, 2038, 2038 },
    { 0x626C20, 2039, 2041 },
    { 0x626C61, 2042, 2043 },
    { 0x626C65, 2044, 2045 },
    { 0x626C69, 2046, 2046 },
    { 0x626C6B, 2047, 2048 },
    { 0x626D6F, 2049, 2049 },
    { 0x626F6C, 2050, 2050 },
    { 0x626F6F, 2051, 2052 },
    { 0x626F72, 2053, 2054 },
    { 0x627261, 2055, 2055 },
    { 0x627265, 2056, 2058 },
    { 0x62726F, 2059, 2059 },
    { 0x62733D, 2060, 2060 },
    { 0x627420, 2061, 2062 },
    { 0x627472, 2063, 2063 },
    { 0x627563, 2064, 2064 },
    { 0x627566, 2065, 2065 },
    { 0x627567, 2066, 2068 },
    { 0x627569, 2069, 2069 },
    { 0x62756E, 2070, 2072 },
    { 0x627920, 2073, 2073 },
    { 0x62792D, 2074, 2074 },
    { 0x62796F, 2075, 2075 },
    { 0x627A32, 2076, 2077 },
    { 0x627A69, 2078, 2078 },
    { 0x632022, 2079, 2086 },
    { 0x63202D, 2087, 2095 },
    { 0x63202F, 2096, 2096 },
    { 0x632033, 2097, 2097 },
    { 0x632034, 2098, 2098 },
    { 0x63205C, 2099, 2099 },
    { 0x632062, 2100, 2100 },
    { 0x632063, 2101, 2102 },
    { 0x632064, 2103, 2104 },
    { 0x632065, 2105, 2105 },
    { 0x632066, 2106, 2106 },
    { 0x63206F, 2107, 2107 },
    { 0x632070, 2108, 2108 },
    { 0x632072, 2109, 2110 },
    { 0x632073, 2111, 2112 },
    { 0x632075, 2113, 2113 },
    { 0x632827, 2114, 2114 },
    { 0x632B2B, 2115, 2116 },
    { 0x632D72, 2117, 2117 },
    { 0x632F63, 2118, 2118 },
    { 0x632F6F, 2119, 2119 },
    { 0x632F70, 2120, 2120 },
    { 0x63312D, 2121, 2121 },
    { 0x633220, 2122, 2122 },
    { 0x633A5C, 2123, 2123 },
    { 0x636163, 2124, 2124 },
    { 0x63616C, 2125, 2128 },
    { 0x636170, 2129, 2129 },
    { 0x636172, 2130, 2130 },
    { 0x636173, 2131, 2132 },
    { 0x636174, 2133, 2135 },
    { 0x636320, 2136, 2136 },
    { 0x636420, 2137, 2140 },
    { 0x636520, 2141, 2149 },
    { 0x636528, 2150, 2150 },
    { 0x63652E, 2151, 2154 },
    { 0x63656C, 2155, 2155 },
    { 0x636572, 2156, 2156 },
    { 0x636573, 2157, 2159 },
    { 0x636820, 2160, 2169 },
    { 0x636822, 2170, 2170 },
    { 0x636829, 2171, 2171 },
    { 0x63682D, 2172, 2172 },
    { 0x63682E, 2173, 2174 },
    { 0x636861, 2175, 2176 },
    { 0x636865, 2177, 2181 },
    { 0x636869, 2182, 2183 },
    { 0x63686D, 2184, 2184 },
    { 0x63686F, 2185, 2186 },
    { 0x636A66, 2187, 2187 },
    { 0x636B20, 2188, 2193 },
    { 0x636B2D, 2194, 2196 },
    { 0x636B3D, 2197, 2197 },
    { 0x636B61, 2198, 2198 },
    { 0x636B65, 2199, 2200 },
    { 0x636B6F, 2201, 2201 },
    { 0x636B73, 2202, 2202 },
    { 0x636C20, 2203, 2203 },
    { 0x636C2E, 2204, 2204 },
    { 0x636C61, 2205, 2206 },
    { 0x636C65, 2207, 2207 },
    { 0x636C69, 2208, 2208 },
    { 0x636C6F, 2209, 2210 },
    { 0x636C75, 2211, 2212 },
    { 0x636D61, 2213, 2214 },
    { 0x636D64, 2215, 2217 },
    { 0x636D70, 2218, 2219 },
    { 0x636F64, 2220, 2220 },
    { 0x636F6C, 2221, 2222 },
    { 0x636F6D, 2223, 2225 },
    { 0x636F6E, 2226, 2230 },
    { 0x636F70, 2231, 2231 },
    { 0x636F72, 2232, 2233 },
    { 0x636F73, 2234, 2234 },
    { 0x636F75, 2235, 2235 },
    { 0x636F76, 2236, 2238 },
    { 0x637020, 2239, 2241 },
    { 0x637070, 2242, 2243 },
    { 0x637072, 2244, 2244 },
    { 0x637075, 2245, 2247 },
    { 0x637261, 2248, 2248 },
    { 0x637265, 2249, 2251 },
    { 0x637269, 2252, 2253 },
    { 0x63726C, 2254, 2254 },
    { 0x63726F, 2255, 2255 },
    { 0x637320, 2256, 2258 },
    { 0x637370, 2259, 2259 },
    { 0x637376, 2260, 2260 },
    { 0x637420, 2261, 2264 },
    { 0x63742D, 2265, 2265 },
    { 0x63742E, 2266, 2268 },
    { 0x637465, 2269, 2269 },
    { 0x637469, 2270, 2271 },
    { 0x63746C, 2272, 2273 },
    { 0x63746F, 2274, 2274 },
    { 0x637473, 2275, 2275 },
    { 0x637572, 2276, 2277 },
    { 0x637574, 2278, 2278 },
    { 0x637666, 2279, 2279 },
    { 0x637764, 2280, 2280 },
    { 0x637870, 2281, 2281 },
    { 0x637920, 2282, 2282 },
    { 0x637970, 2283, 2283 },
    { 0x637A66, 2284, 2284 },
    { 0x642022, 2285, 2286 },
    { 0x642025, 2287, 2287 },
    { 0x642026, 2288, 2288 },
    { 0x64202B, 2289, 2289 },
    { 0x64202D, 2290, 2301 },
    { 0x64202E, 2302, 2304 },
    { 0x64202F, 2305, 2319 },
    { 0x642031, 2320, 2320 },
    { 0x642036, 2321, 2321 },
    { 0x642037, 2322, 2322 },
    { 0x642038, 2323, 2323 },
    { 0x64203E, 2324, 2324 },
    { 0x642061, 2325, 2327 },
    { 0x642062, 2328, 2330 },
    { 0x642063, 2331, 2332 },
    { 0x642064, 2333, 2336 },
    { 0x642066, 2337, 2337 },
    { 0x642069, 2338, 2340 },
    { 0x64206A, 2341, 2341 },
    { 0x64206C, 2342, 2342 },
    { 0x64206D, 2343, 2343 },
    { 0x64206E, 2344, 2346 },
    { 0x64206F, 2347, 2347 },
    { 0x642070, 2348, 2350 },
    { 0x642072, 2351, 2351 },
    { 0x642073, 2352, 2353 },
    { 0x642074, 2354, 2355 },
    { 0x642076, 2356, 2356 },
    { 0x64207B, 2357, 2357 },
    { 0x64207C, 2358, 2358 },
    { 0x64207E, 2359, 2359 },
    { 0x642220, 2360, 2360 },
    { 0x642829, 2361, 2361 },
    { 0x642C63, 2362, 2362 },
    { 0x642D65, 2363, 2363 },
    { 0x642D74, 2364, 2364 },
    { 0x642E65, 2365, 2365 },
    { 0x642F6E, 2366, 2366 },
    { 0x643120, 2367, 2368 },
    { 0x64313B, 2369, 2369 },
    { 0x643220, 2370, 2370 },
    { 0x643A20, 2371, 2371 },
    { 0x643A5C, 2372, 2372 },
    { 0x643B3B, 2373, 2373 },
    { 0x643D31, 2374, 2374 },
    { 0x643D63, 2375, 2375 },
    { 0x645F74, 2376, 2376 },
    { 0x646120, 2377, 2382 },
    { 0x646131, 2383, 2383 },
    { 0x646172, 2384, 2384 },
    { 0x646173, 2385, 2385 },
    { 0x646174, 2386, 2387 },
    { 0x646179, 2388, 2388 },
    { 0x646220, 2389, 2391 },
    { 0x64622E, 2392, 2392 },
    { 0x64623A, 2393, 2393 },
    { 0x64623B, 2394, 2394 },
    { 0x646275, 2395, 2395 },
    { 0x64636D, 2396, 2396 },
    { 0x646420, 2397, 2406 },
    { 0x646472, 2407, 2407 },
    { 0x646520, 2408, 2413 },
    { 0x646561, 2414, 2414 },
    { 0x646562, 2415, 2415 },
    { 0x646564, 2416, 2416 },
    { 0x646566, 2417, 2417 },
    { 0x64656C, 2418, 2421 },
    { 0x64656D, 2422, 2422 },
    { 0x64656E, 2423, 2425 },
    { 0x646570, 2426, 2429 },
    { 0x646572, 2430, 2430 },
    { 0x646573, 2431, 2433 },
    { 0x646576, 2434, 2437 },
    { 0x646578, 2438, 2438 },
    { 0x646620, 2439, 2439 },
    { 0x646669, 2440, 2440 },
    { 0x64666C, 2441, 2441 },
    { 0x646961, 2442, 2442 },
    { 0x646966, 2443, 2443 },
    { 0x64696E, 2444, 2444 },
    { 0x64696F, 2445, 2445 },
    { 0x646972, 2446, 2453 },
    { 0x646973, 2454, 2456 },
    { 0x646974, 2457, 2461 },
    { 0x646A61, 2462, 2462 },
    { 0x646B73, 2463, 2463 },
    { 0x646C65, 2464, 2465 },
    { 0x646D65, 2466, 2467 },
    { 0x646D69, 2468, 2468 },
    { 0x646E61, 2469, 2469 },
    { 0x646E66, 2470, 2470 },
    { 0x646F20, 2471, 2473 },
    { 0x646F63, 2474, 2477 },
    { 0x646F6D, 2478, 2478 },
    { 0x646F6E, 2479, 2479 },
    { 0x646F73, 2480, 2480 },
    { 0x646F74, 2481, 2481 },
    { 0x646F77, 2482, 2483 },
    { 0x646F78, 2484, 2484 },
    { 0x647072, 2485, 2485 },
    { 0x647232, 2486, 2486 },
    { 0x647269, 2487, 2487 },
    { 0x64726F, 2488, 2488 },
    { 0x647374, 2489, 2489 },
    { 0x647520, 2490, 2490 },
    { 0x647563, 2491, 2491 },
    { 0x64756C, 2492, 2492 },
    { 0x64756D, 2493, 2493 },
    { 0x647570, 2494, 2494 },
    { 0x647E31, 2495, 2495 },
    { 0x647E33, 2496, 2496 },
    { 0x652022, 2497, 2500 },
    { 0x652024, 2501, 2501 },
    { 0x65202B, 2502, 2502 },
    { 0x65202D, 2503, 2520 },
    { 0x65202E, 2521, 2521 },
    { 0x65202F, 2522, 2523 },
    { 0x652031, 2524, 2524 },
    { 0x65203C, 2525, 2525 },
    { 0x65203E, 2526, 2526 },
    { 0x65205D, 2527, 2527 },
    { 0x652061, 2528, 2530 },
    { 0x652062, 2531, 2534 },
    { 0x652063, 2535, 2538 },
    { 0x652064, 2539, 2542 },
    { 0x652065, 2543, 2545 },
    { 0x652066, 2546, 2548 },
    { 0x652067, 2549, 2549 },
    { 0x652068, 2550, 2551 },
    { 0x652069, 2552, 2552 },
    { 0x65206B, 2553, 2553 },
    { 0x65206C, 2554, 2555 },
    { 0x65206D, 2556, 2558 },
    { 0x65206E, 2559, 2559 },
    { 0x65206F, 2560, 2562 },
    { 0x652070, 2563, 2566 },
    { 0x652072, 2567, 2569 },
    { 0x652073, 2570, 2574 },
    { 0x652074, 2575, 2576 },
    { 0x652075, 2577, 2579 },
    { 0x652079, 2580, 2580 },
    { 0x652220, 2581, 2581 },
    { 0x652729, 2582, 2583 },
    { 0x652827, 2584, 2586 },
    { 0x652829, 2587, 2588 },
    { 0x652831, 2589, 2589 },
    { 0x652D64, 2590, 2590 },
    { 0x652D65, 2591, 2591 },
    { 0x652D69, 2592, 2592 },
    { 0x652D6E, 2593, 2594 },
    { 0x652D70, 2595, 2596 },
    { 0x652D72, 2597, 2597 },
    { 0x652D73, 2598, 2598 },
    { 0x652D74, 2599, 2599 },
    { 0x652D76, 2600, 2600 },
    { 0x652E61, 2601, 2601 },
    { 0x652E62, 2602, 2602 },
    { 0x652E63, 2603, 2606 },
    { 0x652E65, 2607, 2608 },
    { 0x652E67, 2609, 2609 },
    { 0x652E69, 2610, 2610 },
    { 0x652E6A, 2611, 2611 },
    { 0x652E6B, 2612, 2612 },
    { 0x652E6C, 2613, 2613 },
    { 0x652E6D, 2614, 2614 },
    { 0x652E6F, 2615, 2615 },
    { 0x652E70, 2616, 2617 },
    { 0x652E72, 2618, 2618 },
    { 0x652E73, 2619, 2620 },
    { 0x652E74, 2621, 2623 },
    { 0x652E78, 2624, 2625 },
    { 0x652E79, 2626, 2626 },
    { 0x652E7A, 2627, 2627 },
    { 0x653120, 2628, 2628 },
    { 0x653322, 2629, 2629 },
    { 0x653634, 2630, 2630 },
    { 0x653820, 2631, 2631 },
    { 0x653A63, 2632, 2632 },
    { 0x653A6C, 2633, 2633 },
    { 0x653A6F, 2634, 2634 },
    { 0x653B20, 2635, 2635 },
    { 0x653D3D, 2636, 2636 },
    { 0x653D64, 2637, 2637 },
    { 0x653D69, 2638, 2638 },
    { 0x653D72, 2639, 2639 },
    { 0x655F62, 2640, 2640 },
    { 0x655F64, 2641, 2641 },
    { 0x656162, 2642, 2642 },
    { 0x656163, 2643, 2644 },
    { 0x656164, 2645, 2651 },
    { 0x65616B, 2652, 2654 },
    { 0x65616E, 2655, 2656 },
    { 0x656172, 2657, 2659 },
    { 0x656173, 2660, 2661 },
    { 0x656174, 2662, 2662 },
    { 0x656261, 2663, 2664 },
    { 0x656262, 2665, 2665 },
    { 0x65626F, 2666, 2666 },
    { 0x656275, 2667, 2668 },
    { 0x656320, 2669, 2671 },
    { 0x656332, 2672, 2672 },
    { 0x656368, 2673, 2673 },
    { 0x65636B, 2674, 2678 },
    { 0x65636F, 2679, 2680 },
    { 0x656374, 2681, 2686 },
    { 0x656375, 2687, 2687 },
    { 0x656420, 2688, 2688 },
    { 0x656461, 2689, 2689 },
    { 0x656465, 2690, 2690 },
    { 0x656469, 2691, 2692 },
    { 0x65646E, 2693, 2693 },
    { 0x656475, 2694, 2694 },
    { 0x656520, 2695, 2701 },
    { 0x656522, 2702, 2702 },
    { 0x65652E, 2703, 2703 },
    { 0x65656E, 2704, 2704 },
    { 0x656570, 2705, 2705 },
    { 0x65657A, 2706, 2706 },
    { 0x656620, 2707, 2707 },
    { 0x656661, 2708, 2709 },
    { 0x656665, 2710, 2711 },
    { 0x656669, 2712, 2712 },
    { 0x65666C, 2713, 2713 },
    { 0x656673, 2714, 2714 },
    { 0x656772, 2715, 2715 },
    { 0x656873, 2716, 2716 },
    { 0x656974, 2717, 2717 },
    { 0x656C20, 2718, 2722 },
    { 0x656C3D, 2723, 2723 },
    { 0x656C61, 2724, 2724 },
    { 0x656C65, 2725, 2728 },
    { 0x656C66, 2729, 2729 },
    { 0x656C67, 2730, 2730 },
    { 0x656C69, 2731, 2731 },
    { 0x656C6C, 2732, 2734 },
    { 0x656C6D, 2735, 2735 },
    { 0x656C6F, 2736, 2737 },
    { 0x656C70, 2738, 2740 },
    { 0x656C74, 2741, 2741 },
    { 0x656D20, 2742, 2744 },
    { 0x656D22, 2745, 2745 },
    { 0x656D2E, 2746, 2746 },
    { 0x656D61, 2747, 2748 },
    { 0x656D62, 2749, 2749 },
    { 0x656D63, 2750, 2750 },
    { 0x656D65, 2751, 2751 },
    { 0x656D69, 2752, 2755 },
    { 0x656D6F, 2756, 2759 },
    { 0x656D70, 2760, 2762 },
    { 0x656E20, 2763, 2766 },
    { 0x656E5F, 2767, 2767 },
    { 0x656E61, 2768, 2770 },
    { 0x656E63, 2771, 2772 },
    { 0x656E64, 2773, 2776 },
    { 0x656E65, 2777, 2777 },
    { 0x656E68, 2778, 2778 },
    { 0x656E69, 2779, 2779 },
    { 0x656E73, 2780, 2782 },
    { 0x656E74, 2783, 2787 },
    { 0x656E76, 2788, 2791 },
    { 0x656F20, 2792, 2792 },
    { 0x656F66, 2793, 2793 },
    { 0x656F75, 2794, 2794 },
    { 0x657020, 2795, 2799 },
    { 0x657061, 2800, 2801 },
    { 0x657065, 2802, 2802 },
    { 0x657069, 2803, 2803 },
    { 0x65706C, 2804, 2806 },
    { 0x65706D, 2807, 2807 },
    { 0x65706F, 2808, 2811 },
    { 0x657074, 2812, 2812 },
    { 0x657120, 2813, 2813 },
    { 0x657175, 2814, 2816 },
    { 0x657220, 2817, 2833 },
    { 0x657222, 2834, 2834 },
    { 0x65722D, 2835, 2838 },
    { 0x65722E, 2839, 2841 },
    { 0x65723A, 2842, 2843 },
    { 0x657240, 2844, 2844 },
    { 0x657261, 2845, 2846 },
    { 0x657264, 2847, 2847 },
    { 0x657265, 2848, 2850 },
    { 0x657266, 2851, 2851 },
    { 0x657267, 2852, 2852 },
    { 0x657269, 2853, 2853 },
    { 0x65726C, 2854, 2854 },
    { 0x65726D, 2855, 2856 },
    { 0x65726E, 2857, 2861 },
    { 0x65726F, 2862, 2862 },
    { 0x657270, 2863, 2863 },
    { 0x657272, 2864, 2865 },
    { 0x657273, 2866, 2869 },
    { 0x657274, 2870, 2870 },
    { 0x657275, 2871, 2871 },
    { 0x657276, 2872, 2873 },
    { 0x657320, 2874, 2877 },
    { 0x657322, 2878, 2878 },
    { 0x657361, 2879, 2879 },
    { 0x657362, 2880, 2880 },
    { 0x657363, 2881, 2881 },
    { 0x657365, 2882, 2882 },
    { 0x657367, 2883, 2884 },
    { 0x65736C, 2885, 2885 },
    { 0x657373, 2886, 2891 },
    { 0x657374, 2892, 2901 },
    { 0x657375, 2902, 2903 },
    { 0x657379, 2904, 2904 },
    { 0x657420, 2905, 2923 },
    { 0x65742D, 2924, 2926 },
    { 0x65742E, 2927, 2927 },
    { 0x65742F, 2928, 2928 },
    { 0x65745F, 2929, 2929 },
    { 0x657463, 2930, 2932 },
    { 0x657465, 2933, 2933 },
    { 0x657469, 2934, 2934 },
    { 0x65746F, 2935, 2935 },
    { 0x657472, 2936, 2936 },
    { 0x657473, 2937, 2938 },
    { 0x657474, 2939, 2939 },
    { 0x657475, 2940, 2941 },
    { 0x657479, 2942, 2942 },
    { 0x657620, 2943, 2943 },
    { 0x65762D, 2944, 2945 },
    { 0x65762F, 2946, 2948 },
    { 0x657661, 2949, 2949 },
    { 0x657665, 2950, 2951 },
    { 0x657669, 2952, 2952 },
    { 0x657720, 2953, 2961 },
    { 0x65772D, 2962, 2962 },
    { 0x65772F, 2963, 2964 },
    { 0x657774, 2965, 2965 },
    { 0x657820, 2966, 2966 },
    { 0x657865, 2967, 2969 },
    { 0x657869, 2970, 2971 },
    { 0x657870, 2972, 2973 },
    { 0x657874, 2974, 2979 },
    { 0x657920, 2980, 2980 },
    { 0x65792E, 2981, 2981 },
    { 0x65793D, 2982, 2982 },
    { 0x657A65, 2983, 2984 },
    { 0x662022, 2985, 2985 },
    { 0x66202D, 2986, 2994 },
    { 0x66202F, 2995, 2995 },
    { 0x66205B, 2996, 2996 },
    { 0x662061, 2997, 2997 },
    { 0x662062, 2998, 2998 },
    { 0x662063, 2999, 3000 },
    { 0x662064, 3001, 3001 },
    { 0x662066, 3002, 3002 },
    { 0x662068, 3003, 3003 },
    { 0x662069, 3004, 3004 },
    { 0x66206D, 3005, 3005 },
    { 0x662072, 3006, 3006 },
    { 0x662073, 3007, 3008 },
    { 0x662074, 3009, 3010 },
    { 0x662075, 3011, 3011 },
    { 0x66207B, 3012, 3012 },
    { 0x662829, 3013, 3013 },
    { 0x662D38, 3014, 3014 },
    { 0x662D66, 3015, 3015 },
    { 0x662D69, 3016, 3016 },
    { 0x662D74, 3017, 3017 },
    { 0x663120, 3018, 3018 },
    { 0x663D2F, 3019, 3019 },
    { 0x663D64, 3020, 3020 },
    { 0x663D66, 3021, 3021 },
    { 0x663D75, 3022, 3022 },
    { 0x666169, 3023, 3023 },
    { 0x66616C, 3024, 3024 },
    { 0x666175, 3025, 3025 },
    { 0x666469, 3026, 3026 },
    { 0x66653A, 3027, 3027 },
    { 0x666572, 3028, 3028 },
    { 0x666574, 3029, 3030 },
    { 0x666620, 3031, 3034 },
    { 0x66662D, 3035, 3037 },
    { 0x66663D, 3038, 3039 },
    { 0x666965, 3040, 3040 },
    { 0x666967, 3041, 3044 },
    { 0x66696C, 3045, 3046 },
    { 0x66696E, 3047, 3047 },
    { 0x666978, 3048, 3049 },
    { 0x666C61, 3050, 3052 },
    { 0x666C6F, 3053, 3055 },
    { 0x666D74, 3056, 3057 },
    { 0x666F20, 3058, 3059 },
    { 0x666F6F, 3060, 3060 },
    { 0x666F72, 3061, 3066 },
    { 0x667265, 3067, 3067 },
    { 0x667327, 3068, 3068 },
    { 0x66732E, 3069, 3070 },
    { 0x66733D, 3071, 3071 },
    { 0x667363, 3072, 3072 },
    { 0x66742E, 3073, 3073 },
    { 0x66756C, 3074, 3074 },
    { 0x66756E, 3075, 3075 },
    { 0x667573, 3076, 3076 },
    { 0x672022, 3077, 3080 },
    { 0x67202D, 3081, 3087 },
    { 0x67202F, 3088, 3088 },
    { 0x672032, 3089, 3089 },
    { 0x672064, 3090, 3090 },
    { 0x672067, 3091, 3092 },
    { 0x67206C, 3093, 3093 },
    { 0x672070, 3094, 3094 },
    { 0x672072, 3095, 3095 },
    { 0x672073, 3096, 3097 },
    { 0x672220, 3098, 3098 },
    { 0x672827, 3099, 3100 },
    { 0x672870, 3101, 3101 },
    { 0x672872, 3102, 3102 },
    { 0x672B2B, 3103, 3103 },
    { 0x672E6A, 3104, 3104 },
    { 0x672F70, 3105, 3105 },
    { 0x672F73, 3106, 3106 },
    { 0x673D27, 3107, 3107 },
    { 0x673D65, 3108, 3108 },
    { 0x676320, 3109, 3109 },
    { 0x676363, 3110, 3110 },
    { 0x67636C, 3111, 3111 },
    { 0x67636F, 3112, 3112 },
    { 0x676462, 3113, 3113 },
    { 0x676520, 3114, 3119 },
    { 0x676522, 3120, 3120 },
    { 0x676528, 3121, 3122 },
    { 0x67652E, 3123, 3124 },
    { 0x67653D, 3125, 3126 },
    { 0x676564, 3127, 3127 },
    { 0x67656D, 3128, 3128 },
    { 0x67656E, 3129, 3131 },
    { 0x676572, 3132, 3132 },
    { 0x676573, 3133, 3133 },
    { 0x676574, 3134, 3138 },
    { 0x676765, 3139, 3139 },
    { 0x676769, 3140, 3140 },
    { 0x676772, 3141, 3141 },
    { 0x676874, 3142, 3142 },
    { 0x67696E, 3143, 3145 },
    { 0x676974, 3146, 3149 },
    { 0x676B65, 3150, 3150 },
    { 0x676C65, 3151, 3151 },
    { 0x676C6F, 3152, 3152 },
    { 0x676D6F, 3153, 3153 },
    { 0x676E20, 3154, 3154 },
    { 0x676E61, 3155, 3155 },
    { 0x676E69, 3156, 3156 },
    { 0x676E6F, 3157, 3157 },
    { 0x676F20, 3158, 3171 },
    { 0x676F22, 3172, 3172 },
    { 0x676F2D, 3173, 3173 },
    { 0x676F6F, 3174, 3174 },
    { 0x676F74, 3175, 3175 },
    { 0x677067, 3176, 3176 },
    { 0x677072, 3177, 3177 },
    { 0x677261, 3178, 3182 },
    { 0x677265, 3183, 3184 },
    { 0x677269, 3185, 3185 },
    { 0x67726F, 3186, 3187 },
    { 0x677320, 3188, 3192 },
    { 0x677365, 3193, 3193 },
    { 0x677369, 3194, 3194 },
    { 0x67756E, 3195, 3195 },
    { 0x677572, 3196, 3197 },
    { 0x677629, 3198, 3198 },
    { 0x677A20, 3199, 3199 },
    { 0x677A69, 3200, 3200 },
    { 0x682022, 3201, 3201 },
    { 0x68202D, 3202, 3208 },
    { 0x68202E, 3209, 3209 },
    { 0x682062, 3210, 3211 },
    { 0x682063, 3212, 3212 },
    { 0x682064, 3213, 3214 },
    { 0x682066, 3215, 3215 },
    { 0x68206B, 3216, 3216 },
    { 0x68206C, 3217, 3219 },
    { 0x68206D, 3220, 3220 },
    { 0x68206F, 3221, 3221 },
    { 0x682070, 3222, 3223 },
    { 0x682072, 3224, 3225 },
    { 0x682074, 3226, 3226 },
    { 0x682075, 3227, 3227 },
    { 0x682729, 3228, 3228 },
    { 0x682922, 3229, 3229 },
    { 0x682D6F, 3230, 3230 },
    { 0x682D72, 3231, 3231 },
    { 0x682E64, 3232, 3232 },
    { 0x682E6A, 3233, 3233 },
    { 0x682E70, 3234, 3234 },
    { 0x682F74, 3235, 3235 },
    { 0x683A2F, 3236, 3236 },
    { 0x683A74, 3237, 3238 },
    { 0x683D24, 3239, 3239 },
    { 0x683D30, 3240, 3240 },
    { 0x683D31, 3241, 3241 },
    { 0x683D63, 3242, 3242 },
    { 0x683D72, 3243, 3243 },
    { 0x68616C, 3244, 3244 },
    { 0x68616E, 3245, 3245 },
    { 0x686172, 3246, 3247 },
    { 0x686173, 3248, 3248 },
    { 0x686174, 3249, 3249 },
    { 0x68636C, 3250, 3250 },
    { 0x686520, 3251, 3253 },
    { 0x686561, 3254, 3254 },
    { 0x686563, 3255, 3255 },
    { 0x686564, 3256, 3256 },
    { 0x686567, 3257, 3257 },
    { 0x68656C, 3258, 3261 },
    { 0x68656E, 3262, 3262 },
    { 0x686572, 3263, 3264 },
    { 0x686927, 3265, 3266 },
    { 0x68693B, 3267, 3267 },
    { 0x686963, 3268, 3268 },
    { 0x686966, 3269, 3269 },
    { 0x686967, 3270, 3270 },
    { 0x68696C, 3271, 3272 },
    { 0x68696E, 3273, 3273 },
    { 0x686973, 3274, 3275 },
    { 0x686976, 3276, 3276 },
    { 0x686C69, 3277, 3277 },
    { 0x686D6F, 3278, 3278 },
    { 0x686F20, 3279, 3286 },
    { 0x686F61, 3287, 3287 },
    { 0x686F6D, 3288, 3288 },
    { 0x686F6E, 3289, 3292 },
    { 0x686F72, 3293, 3293 },
    { 0x686F73, 3294, 3294 },
    { 0x686F75, 3295, 3295 },
    { 0x686F77, 3296, 3299 },
    { 0x687020, 3300, 3301 },
    { 0x687269, 3302, 3302 },
    { 0x687363, 3303, 3303 },
    { 0x687420, 3304, 3304 },
    { 0x68746D, 3305, 3305 },
    { 0x68746F, 3306, 3306 },
    { 0x687474, 3307, 3307 },
    { 0x687570, 3308, 3308 },
    { 0x69202B, 3309, 3309 },
    { 0x69203A, 3310, 3310 },
    { 0x692061, 3311, 3311 },
    { 0x692063, 3312, 3312 },
    { 0x692064, 3313, 3313 },
    { 0x692066, 3314, 3314 },
    { 0x692068, 3315, 3315 },
    { 0x692069, 3316, 3317 },
    { 0x69206B, 3318, 3318 },
    { 0x692070, 3319, 3320 },
    { 0x692073, 3321, 3323 },
    { 0x692075, 3324, 3325 },
    { 0x69207B, 3326, 3326 },
    { 0x692729, 3327, 3327 },
    { 0x69273B, 3328, 3328 },
    { 0x693B20, 3329, 3330 },
    { 0x69616C, 3331, 3331 },
    { 0x696173, 3332, 3333 },
    { 0x696220, 3334, 3335 },
    { 0x696222, 3336, 3336 },
    { 0x69622E, 3337, 3337 },
    { 0x696265, 3338, 3340 },
    { 0x69626C, 3341, 3341 },
    { 0x69632D, 3342, 3342 },
    { 0x696361, 3343, 3343 },
    { 0x696365, 3344, 3346 },
    { 0x696368, 3347, 3347 },
    { 0x69636B, 3348, 3349 },
    { 0x696379, 3350, 3350 },
    { 0x696422, 3351, 3351 },
    { 0x69642C, 3352, 3352 },
    { 0x696461, 3353, 3353 },
    { 0x696479, 3354, 3354 },
    { 0x696564, 3355, 3355 },
    { 0x696572, 3356, 3356 },
    { 0x696577, 3357, 3357 },
    { 0x696620, 3358, 3358 },
    { 0x69663D, 3359, 3360 },
    { 0x696666, 3361, 3363 },
    { 0x696669, 3364, 3364 },
    { 0x696674, 3365, 3365 },
    { 0x696679, 3366, 3366 },
    { 0x696720, 3367, 3373 },
    { 0x69672E, 3374, 3374 },
    { 0x696767, 3375, 3375 },
    { 0x696768, 3376, 3377 },
    { 0x696769, 3378, 3378 },
    { 0x69676E, 3379, 3382 },
    { 0x696772, 3383, 3383 },
    { 0x696775, 3384, 3384 },
    { 0x696C20, 3385, 3386 },
    { 0x696C64, 3387, 3390 },
    { 0x696C65, 3391, 3399 },
    { 0x696C6C, 3400, 3401 },
    { 0x696C73, 3402, 3402 },
    { 0x696C74, 3403, 3404 },
    { 0x696C75, 3405, 3405 },
    { 0x696D20, 3406, 3409 },
    { 0x696D61, 3410, 3411 },
    { 0x696D65, 3412, 3419 },
    { 0x696D69, 3420, 3420 },
    { 0x696D70, 3421, 3422 },
    { 0x696E20, 3423, 3428 },
    { 0x696E28, 3429, 3429 },
    { 0x696E2E, 3430, 3430 },
    { 0x696E2F, 3431, 3431 },
    { 0x696E61, 3432, 3432 },
    { 0x696E63, 3433, 3435 },
    { 0x696E64, 3436, 3440 },
    { 0x696E65, 3441, 3445 },
    { 0x696E66, 3446, 3446 },
    { 0x696E67, 3447, 3450 },
    { 0x696E69, 3451, 3451 },
    { 0x696E6A, 3452, 3452 },
    { 0x696E6B, 3453, 3455 },
    { 0x696E6F, 3456, 3456 },
    { 0x696E70, 3457, 3457 },
    { 0x696E73, 3458, 3459 },
    { 0x696E74, 3460, 3463 },
    { 0x696E75, 3464, 3464 },
    { 0x696E76, 3465, 3465 },
    { 0x696E78, 3466, 3466 },
    { 0x696F20, 3467, 3467 },
    { 0x696F6E, 3468, 3475 },
    { 0x696F73, 3476, 3476 },
    { 0x697020, 3477, 3485 },
    { 0x697032, 3486, 3486 },
    { 0x69705F, 3487, 3487 },
    { 0x697063, 3488, 3488 },
    { 0x697065, 3489, 3490 },
    { 0x697070, 3491, 3491 },
    { 0x697074, 3492, 3493 },
    { 0x697076, 3494, 3494 },
    { 0x697079, 3495, 3496 },
    { 0x697120, 3497, 3498 },
    { 0x697220, 3499, 3505 },
    { 0x69722F, 3506, 3506 },
    { 0x697231, 3507, 3507 },
    { 0x697232, 3508, 3508 },
    { 0x69723B, 3509, 3509 },
    { 0x697265, 3510, 3513 },
    { 0x69726E, 3514, 3514 },
    { 0x69726F, 3515, 3515 },
    { 0x697322, 3516, 3516 },
    { 0x697361, 3517, 3517 },
    { 0x697363, 3518, 3518 },
    { 0x697365, 3519, 3519 },
    { 0x697368, 3520, 3521 },
    { 0x69736B, 3522, 3522 },
    { 0x69736F, 3523, 3523 },
    { 0x697374, 3524, 3528 },
    { 0x697375, 3529, 3529 },
    { 0x697420, 3530, 3551 },
    { 0x697427, 3552, 3552 },
    { 0x69742D, 3553, 3554 },
    { 0x69742E, 3555, 3556 },
    { 0x697463, 3557, 3557 },
    { 0x697465, 3558, 3562 },
    { 0x697469, 3563, 3563 },
    { 0x69746F, 3564, 3564 },
    { 0x697474, 3565, 3565 },
    { 0x697479, 3566, 3566 },
    { 0x697661, 3567, 3567 },
    { 0x697665, 3568, 3570 },
    { 0x697820, 3571, 3575 },
    { 0x697822, 3576, 3576 },
    { 0x697A65, 3577, 3577 },
    { 0x6A2E63, 3578, 3578 },
    { 0x6A6120, 3579, 3580 },
    { 0x6A6122, 3581, 3581 },
    { 0x6A616E, 3582, 3582 },
    { 0x6A6475, 3583, 3583 },
    { 0x6A6563, 3584, 3584 },
    { 0x6A6620, 3585, 3585 },
    { 0x6A6F62, 3586, 3589 },
    { 0x6A6F69, 3590, 3590 },
    { 0x6A6F72, 3591, 3591 },
    { 0x6A6F75, 3592, 3592 },
    { 0x6A7320, 3593, 3593 },
    { 0x6A736F, 3594, 3594 },
    { 0x6A7570, 3595, 3595 },
    { 0x6B2022, 3596, 3596 },
    { 0x6B202D, 3597, 3598 },
    { 0x6B202F, 3599, 3600 },
    { 0x6B2038, 3601, 3601 },
    { 0x6B2062, 3602, 3602 },
    { 0x6B2063, 3603, 3603 },
    { 0x6B2066, 3604, 3604 },
    { 0x6B2069, 3605, 3605 },
    { 0x6B2070, 3606, 3607 },
    { 0x6B2073, 3608, 3609 },
    { 0x6B2D61, 3610, 3610 },
    { 0x6B2D63, 3611, 3611 },
    { 0x6B2D69, 3612, 3612 },
    { 0x6B2D72, 3613, 3613 },
    { 0x6B2E69, 3614, 3614 },
    { 0x6B2E79, 3615, 3615 },
    { 0x6B3D66, 3616, 3616 },
    { 0x6B3D70, 3617, 3617 },
    { 0x6B6167, 3618, 3618 },
    { 0x6B6469, 3619, 3619 },
    { 0x6B6520, 3620, 3627 },
    { 0x6B6538, 3628, 3628 },
    { 0x6B655F, 3629, 3630 },
    { 0x6B6566, 3631, 3631 },
    { 0x6B656D, 3632, 3632 },
    { 0x6B6572, 3633, 3634 },
    { 0x6B6574, 3635, 3635 },
    { 0x6B6579, 3636, 3639 },
    { 0x6B6673, 3640, 3640 },
    { 0x6B6964, 3641, 3641 },
    { 0x6B696C, 3642, 3642 },
    { 0x6B6970, 3643, 3643 },
    { 0x6B6B69, 3644, 3644 },
    { 0x6B6C65, 3645, 3645 },
    { 0x6B6C69, 3646, 3646 },
    { 0x6B6E6F, 3647, 3647 },
    { 0x6B6F75, 3648, 3648 },
    { 0x6B706F, 3649, 3649 },
    { 0x6B722E, 3650, 3650 },
    { 0x6B7374, 3651, 3651 },
    { 0x6B7472, 3652, 3652 },
    { 0x6B7562, 3653, 3653 },
    { 0x6B7570, 3654, 3654 },
    { 0x6B7620, 3655, 3656 },
    { 0x6B7772, 3657, 3657 },
    { 0x6C2022, 3658, 3658 },
    { 0x6C2025, 3659, 3659 },
    { 0x6C202D, 3660, 3678 },
    { 0x6C202E, 3679, 3679 },
    { 0x6C202F, 3680, 3682 },
    { 0x6C2031, 3683, 3684 },
    { 0x6C2032, 3685, 3685 },
    { 0x6C2033, 3686, 3687 },
    { 0x6C203C, 3688, 3688 },
    { 0x6C2061, 3689, 3690 },
    { 0x6C2062, 3691, 3692 },
    { 0x6C2063, 3693, 3695 },
    { 0x6C2064, 3696, 3697 },
    { 0x6C2065, 3698, 3699 },
    { 0x6C2066, 3700, 3701 },
    { 0x6C2067, 3702, 3702 },
    { 0x6C2069, 3703, 3704 },
    { 0x6C206B, 3705, 3705 },
    { 0x6C206C, 3706, 3707 },
    { 0x6C206D, 3708, 3708 },
    { 0x6C206E, 3709, 3710 },
    { 0x6C206F, 3711, 3711 },
    { 0x6C2070, 3712, 3715 },
    { 0x6C2072, 3716, 3717 },
    { 0x6C2073, 3718, 3720 },
    { 0x6C2074, 3721, 3721 },
    { 0x6C2075, 3722, 3723 },
    { 0x6C2D65, 3724, 3724 },
    { 0x6C2E65, 3725, 3726 },
    { 0x6C2E72, 3727, 3727 },
    { 0x6C3B20, 3728, 3728 },
    { 0x6C3D27, 3729, 3729 },
    { 0x6C3D68, 3730, 3730 },
    { 0x6C6127, 3731, 3731 },
    { 0x6C6162, 3732, 3732 },
    { 0x6C6163, 3733, 3734 },
    { 0x6C6167, 3735, 3735 },
    { 0x6C6168, 3736, 3736 },
    { 0x6C6169, 3737, 3737 },
    { 0x6C616B, 3738, 3738 },
    { 0x6C616C, 3739, 3739 },
    { 0x6C616D, 3740, 3741 },
    { 0x6C616E, 3742, 3743 },
    { 0x6C6173, 3744, 3745 },
    { 0x6C6174, 3746, 3747 },
    { 0x6C6179, 3748, 3749 },
    { 0x6C636F, 3750, 3750 },
    { 0x6C6374, 3751, 3751 },
    { 0x6C6420, 3752, 3759 },
    { 0x6C6422, 3760, 3760 },
    { 0x6C642F, 3761, 3761 },
    { 0x6C645F, 3762, 3762 },
    { 0x6C6462, 3763, 3763 },
    { 0x6C6464, 3764, 3764 },
    { 0x6C6466, 3765, 3765 },
    { 0x6C6469, 3766, 3766 },
    { 0x6C6520, 3767, 3780 },
    { 0x6C6525, 3781, 3781 },
    { 0x6C6527, 3782, 3782 },
    { 0x6C652D, 3783, 3784 },
    { 0x6C652E, 3785, 3796 },
    { 0x6C6531, 3797, 3797 },
    { 0x6C6532, 3798, 3798 },
    { 0x6C653A, 3799, 3799 },
    { 0x6C6561, 3800, 3803 },
    { 0x6C6563, 3804, 3804 },
    { 0x6C6565, 3805, 3805 },
    { 0x6C656C, 3806, 3806 },
    { 0x6C656D, 3807, 3807 },
    { 0x6C656E, 3808, 3808 },
    { 0x6C6573, 3809, 3813 },
    { 0x6C6574, 3814, 3814 },
    { 0x6C6576, 3815, 3815 },
    { 0x6C6620, 3816, 3818 },
    { 0x6C666F, 3819, 3819 },
    { 0x6C6720, 3820, 3820 },
    { 0x6C6772, 3821, 3821 },
    { 0x6C686F, 3822, 3822 },
    { 0x6C6961, 3823, 3823 },
    { 0x6C6962, 3824, 3827 },
    { 0x6C6963, 3828, 3830 },
    { 0x6C6964, 3831, 3831 },
    { 0x6C6966, 3832, 3832 },
    { 0x6C696D, 3833, 3833 },
    { 0x6C696E, 3834, 3836 },
    { 0x6C6970, 3837, 3837 },
    { 0x6C6973, 3838, 3839 },
    { 0x6C6974, 3840, 3840 },
    { 0x6C6976, 3841, 3841 },
    { 0x6C6B69, 3842, 3842 },
    { 0x6C6C20, 3843, 3855 },
    { 0x6C6C2D, 3856, 3856 },
    { 0x6C6C2E, 3857, 3857 },
    { 0x6C6C3D, 3858, 3858 },
    { 0x6C6C61, 3859, 3859 },
    { 0x6C6C64, 3860, 3860 },
    { 0x6C6C65, 3861, 3861 },
    { 0x6C6C67, 3862, 3862 },
    { 0x6C6C6F, 3863, 3867 },
    { 0x6C6C79, 3868, 3868 },
    { 0x6C6D20, 3869, 3873 },
    { 0x6C6E20, 3874, 3874 },
    { 0x6C6F20, 3875, 3876 },
    { 0x6C6F27, 3877, 3877 },
    { 0x6C6F5C, 3878, 3878 },
    { 0x6C6F61, 3879, 3879 },
    { 0x6C6F62, 3880, 3880 },
    { 0x6C6F63, 3881, 3884 },
    { 0x6C6F67, 3885, 3891 },
    { 0x6C6F6E, 3892, 3893 },
    { 0x6C6F6F, 3894, 3894 },
    { 0x6C6F70, 3895, 3895 },
    { 0x6C6F72, 3896, 3897 },
    { 0x6C6F74, 3898, 3898 },
    { 0x6C6F75, 3899, 3899 },
    { 0x6C6F77, 3900, 3900 },
    { 0x6C6F79, 3901, 3903 },
    { 0x6C7020, 3904, 3904 },
    { 0x6C702D, 3905, 3905 },
    { 0x6C7320, 3906, 3910 },
    { 0x6C7329, 3911, 3911 },
    { 0x6C732D, 3912, 3914 },
    { 0x6C7362, 3915, 3916 },
    { 0x6C7365, 3917, 3917 },
    { 0x6C736D, 3918, 3918 },
    { 0x6C736F, 3919, 3919 },
    { 0x6C7420, 3920, 3921 },
    { 0x6C7462, 3922, 3922 },
    { 0x6C7465, 3923, 3924 },
    { 0x6C7469, 3925, 3925 },
    { 0x6C7472, 3926, 3926 },
    { 0x6C7564, 3927, 3927 },
    { 0x6C7565, 3928, 3929 },
    { 0x6C756D, 3930, 3930 },
    { 0x6C7572, 3931, 3931 },
    { 0x6C7573, 3932, 3933 },
    { 0x6C7920, 3934, 3934 },
    { 0x6C7971, 3935, 3935 },
    { 0x6D2022, 3936, 3938 },
    { 0x6D202D, 3939, 3945 },
    { 0x6D2061, 3946, 3949 },
    { 0x6D2062, 3950, 3953 },
    { 0x6D2063, 3954, 3957 },
    { 0x6D2064, 3958, 3959 },
    { 0x6D2065, 3960, 3962 },
    { 0x6D2066, 3963, 3965 },
    { 0x6D2068, 3966, 3967 },
    { 0x6D2069, 3968, 3969 },
    { 0x6D206A, 3970, 3971 },
    { 0x6D206C, 3972, 3973 },
    { 0x6D206D, 3974, 3974 },
    { 0x6D206E, 3975, 3975 },
    { 0x6D206F, 3976, 3976 },
    { 0x6D2070, 3977, 3983 },
    { 0x6D2072, 3984, 3985 },
    { 0x6D2073, 3986, 3990 },
    { 0x6D2074, 3991, 3994 },
    { 0x6D2075, 3995, 3997 },
    { 0x6D2076, 3998, 3999 },
    { 0x6D2077, 4000, 4000 },
    { 0x6D2078, 4001, 4001 },
    { 0x6D2922, 4002, 4002 },
    { 0x6D2D25, 4003, 4003 },
    { 0x6D2D70, 4004, 4004 },
    { 0x6D2E63, 4005, 4005 },
    { 0x6D3220, 4006, 4013 },
    { 0x6D3332, 4014, 4014 },
    { 0x6D3D78, 4015, 4015 },
    { 0x6D6163, 4016, 4016 },
    { 0x6D6164, 4017, 4017 },
    { 0x6D6167, 4018, 4018 },
    { 0x6D6169, 4019, 4020 },
    { 0x6D616A, 4021, 4021 },
    { 0x6D616B, 4022, 4022 },
    { 0x6D616C, 4023, 4023 },
    { 0x6D616E, 4024, 4026 },
    { 0x6D6170, 4027, 4027 },
    { 0x6D6173, 4028, 4029 },
    { 0x6D6174, 4030, 4034 },
    { 0x6D6178, 4035, 4035 },
    { 0x6D6264, 4036, 4036 },
    { 0x6D6265, 4037, 4037 },
    { 0x6D626F, 4038, 4038 },
    { 0x6D6374, 4039, 4039 },
    { 0x6D6420, 4040, 4045 },
    { 0x6D643B, 4046, 4046 },
    { 0x6D6469, 4047, 4047 },
    { 0x6D6520, 4048, 4053 },
    { 0x6D6522, 4054, 4054 },
    { 0x6D6527, 4055, 4055 },
    { 0x6D6528, 4056, 4056 },
    { 0x6D652E, 4057, 4057 },
    { 0x6D6563, 4058, 4058 },
    { 0x6D6564, 4059, 4060 },
    { 0x6D6569, 4061, 4061 },
    { 0x6D656D, 4062, 4063 },
    { 0x6D656E, 4064, 4065 },
    { 0x6D656F, 4066, 4066 },
    { 0x6D6572, 4067, 4067 },
    { 0x6D6573, 4068, 4070 },
    { 0x6D6920, 4071, 4076 },
    { 0x6D6967, 4077, 4077 },
    { 0x6D696E, 4078, 4080 },
    { 0x6D6974, 4081, 4084 },
    { 0x6D6978, 4085, 4085 },
    { 0x6D6B64, 4086, 4086 },
    { 0x6D6B66, 4087, 4087 },
    { 0x6D6B74, 4088, 4088 },
    { 0x6D6C20, 4089, 4091 },
    { 0x6D6C22, 4092, 4092 },
    { 0x6D6C2E, 4093, 4093 },
    { 0x6D6D61, 4094, 4094 },
    { 0x6D6D69, 4095, 4095 },
    { 0x6D6D6F, 4096, 4096 },
    { 0x6D6E74, 4097, 4097 },
    { 0x6D6F64, 4098, 4103 },
    { 0x6D6F6E, 4104, 4106 },
    { 0x6D6F72, 4107, 4108 },
    { 0x6D6F74, 4109, 4109 },
    { 0x6D6F75, 4110, 4110 },
    { 0x6D6F76, 4111, 4111 },
    { 0x6D7020, 4112, 4113 },
    { 0x6D7025, 4114, 4114 },
    { 0x6D702D, 4115, 4115 },
    { 0x6D7030, 4116, 4116 },
    { 0x6D7069, 4117, 4117 },
    { 0x6D706C, 4118, 4119 },
    { 0x6D706F, 4120, 4121 },
    { 0x6D7073, 4122, 4122 },
    { 0x6D7074, 4123, 4125 },
    { 0x6D7075, 4126, 4126 },
    { 0x6D7079, 4127, 4127 },
    { 0x6D7362, 4128, 4128 },
    { 0x6D7374, 4129, 4129 },
    { 0x6D7420, 4130, 4131 },
    { 0x6D7470, 4132, 4132 },
    { 0x6D7578, 4133, 4134 },
    { 0x6D7620, 4135, 4137 },
    { 0x6D766E, 4138, 4138 },
    { 0x6D792D, 4139, 4139 },
    { 0x6D7970, 4140, 4141 },
    { 0x6E2022, 4142, 4142 },
    { 0x6E2024, 4143, 4143 },
    { 0x6E202A, 4144, 4144 },
    { 0x6E202D, 4145, 4152 },
    { 0x6E202F, 4153, 4153 },
    { 0x6E2030, 4154, 4154 },
    { 0x6E2031, 4155, 4158 },
    { 0x6E2032, 4159, 4159 },
    { 0x6E2034, 4160, 4160 },
    { 0x6E2035, 4161, 4161 },
    { 0x6E2061, 4162, 4162 },
    { 0x6E2062, 4163, 4163 },
    { 0x6E2063, 4164, 4166 },
    { 0x6E2064, 4167, 4168 },
    { 0x6E2065, 4169, 4172 },
    { 0x6E2066, 4173, 4174 },
    { 0x6E2069, 4175, 4176 },
    { 0x6E206A, 4177, 4177 },
    { 0x6E206D, 4178, 4179 },
    { 0x6E206F, 4180, 4180 },
    { 0x6E2070, 4181, 4181 },
    { 0x6E2072, 4182, 4183 },
    { 0x6E2073, 4184, 4186 },
    { 0x6E2074, 4187, 4188 },
    { 0x6E2075, 4189, 4190 },
    { 0x6E2220, 4191, 4192 },
    { 0x6E2827, 4193, 4193 },
    { 0x6E2920, 4194, 4194 },
    { 0x6E2922, 4195, 4195 },
    { 0x6E2D66, 4196, 4196 },
    { 0x6E2D6E, 4197, 4197 },
    { 0x6E2D75, 4198, 4198 },
    { 0x6E2E67, 4199, 4199 },
    { 0x6E2E6F, 4200, 4200 },
    { 0x6E2E74, 4201, 4201 },
    { 0x6E2E76, 4202, 4202 },
    { 0x6E2F62, 4203, 4203 },
    { 0x6E2F64, 4204, 4204 },
    { 0x6E3320, 4205, 4205 },
    { 0x6E3D33, 4206, 4206 },
    { 0x6E3D72, 4207, 4207 },
    { 0x6E5F75, 4208, 4208 },
    { 0x6E6162, 4209, 4209 },
    { 0x6E6167, 4210, 4210 },
    { 0x6E616C, 4211, 4213 },
    { 0x6E616D, 4214, 4214 },
    { 0x6E616E, 4215, 4216 },
    { 0x6E6172, 4217, 4217 },
    { 0x6E6263, 4218, 4218 },
    { 0x6E6320, 4219, 4223 },
    { 0x6E6328, 4224, 4224 },
    { 0x6E6365, 4225, 4227 },
    { 0x6E6368, 4228, 4229 },
    { 0x6E636C, 4230, 4230 },
    { 0x6E6374, 4231, 4231 },
    { 0x6E6379, 4232, 4232 },
    { 0x6E6420, 4233, 4239 },
    { 0x6E6422, 4240, 4240 },
    { 0x6E642D, 4241, 4241 },
    { 0x6E6431, 4242, 4243 },
    { 0x6E6432, 4244, 4245 },
    { 0x6E6433, 4246, 4246 },
    { 0x6E6461, 4247, 4249 },
    { 0x6E6465, 4250, 4251 },
    { 0x6E6469, 4252, 4252 },
    { 0x6E646C, 4253, 4253 },
    { 0x6E646F, 4254, 4255 },
    { 0x6E6473, 4256, 4256 },
    { 0x6E6520, 4257, 4262 },
    { 0x6E6527, 4263, 4263 },
    { 0x6E653A, 4264, 4264 },
    { 0x6E653B, 4265, 4265 },
    { 0x6E656C, 4266, 4266 },
    { 0x6E6572, 4267, 4269 },
    { 0x6E6574, 4270, 4272 },
    { 0x6E6577, 4273, 4277 },
    { 0x6E6578, 4278, 4278 },
    { 0x6E6620, 4279, 4280 },
    { 0x6E6622, 4281, 4281 },
    { 0x6E6669, 4282, 4282 },
    { 0x6E666F, 4283, 4284 },
    { 0x6E6720, 4285, 4286 },
    { 0x6E672B, 4287, 4287 },
    { 0x6E673D, 4288, 4288 },
    { 0x6E6765, 4289, 4290 },
    { 0x6E676B, 4291, 4291 },
    { 0x6E676F, 4292, 4293 },
    { 0x6E6773, 4294, 4295 },
    { 0x6E6874, 4296, 4296 },
    { 0x6E6963, 4297, 4297 },
    { 0x6E696E, 4298, 4300 },
    { 0x6E6971, 4301, 4302 },
    { 0x6E6974, 4303, 4306 },
    { 0x6E6978, 4307, 4308 },
    { 0x6E6A61, 4309, 4311 },
    { 0x6E6B20, 4312, 4313 },
    { 0x6E6B6E, 4314, 4314 },
    { 0x6E6B77, 4315, 4315 },
    { 0x6E6C69, 4316, 4317 },
    { 0x6E6D20, 4318, 4319 },
    { 0x6E6D61, 4320, 4320 },
    { 0x6E6D65, 4321, 4321 },
    { 0x6E6F20, 4322, 4323 },
    { 0x6E6F2D, 4324, 4324 },
    { 0x6E6F64, 4325, 4325 },
    { 0x6E6F65, 4326, 4326 },
    { 0x6E6F68, 4327, 4327 },
    { 0x6E6F6D, 4328, 4328 },
    { 0x6E6F72, 4329, 4330 },
    { 0x6E6F74, 4331, 4332 },
    { 0x6E6F77, 4333, 4334 },
    { 0x6E706D, 4335, 4335 },
    { 0x6E7075, 4336, 4336 },
    { 0x6E7078, 4337, 4337 },
    { 0x6E7365, 4338, 4338 },
    { 0x6E7369, 4339, 4340 },
    { 0x6E736C, 4341, 4341 },
    { 0x6E736D, 4342, 4342 },
    { 0x6E736F, 4343, 4345 },
    { 0x6E7374, 4346, 4347 },
    { 0x6E7375, 4348, 4349 },
    { 0x6E7420, 4350, 4359 },
    { 0x6E7428, 4360, 4361 },
    { 0x6E742D, 4362, 4362 },
    { 0x6E742E, 4363, 4363 },
    { 0x6E743D, 4364, 4364 },
    { 0x6E7461, 4365, 4366 },
    { 0x6E7465, 4367, 4367 },
    { 0x6E7466, 4368, 4368 },
    { 0x6E7469, 4369, 4372 },
    { 0x6E746F, 4373, 4373 },
    { 0x6E7473, 4374, 4375 },
    { 0x6E7474, 4376, 4376 },
    { 0x6E7565, 4377, 4378 },
    { 0x6E7567, 4379, 4379 },
    { 0x6E756C, 4380, 4380 },
    { 0x6E756D, 4381, 4382 },
    { 0x6E7578, 4383, 4383 },
    { 0x6E7620, 4384, 4390 },
    { 0x6E762E, 4391, 4391 },
    { 0x6E7665, 4392, 4392 },
    { 0x6E7669, 4393, 4393 },
    { 0x6E766D, 4394, 4394 },
    { 0x6E766F, 4395, 4395 },
    { 0x6E7720, 4396, 4396 },
    { 0x6E782D, 4397, 4398 },
    { 0x6E787A, 4399, 4399 },
    { 0x6E7A69, 4400, 4400 },
    { 0x6F2022, 4401, 4402 },
    { 0x6F2024, 4403, 4416 },
    { 0x6F2025, 4417, 4420 },
    { 0x6F2027, 4421, 4421 },
    { 0x6F202D, 4422, 4427 },
    { 0x6F2031, 4428, 4428 },
    { 0x6F2061, 4429, 4429 },
    { 0x6F2062, 4430, 4431 },
    { 0x6F2063, 4432, 4434 },
    { 0x6F2064, 4435, 4436 },
    { 0x6F2065, 4437, 4440 },
    { 0x6F2066, 4441, 4442 },
    { 0x6F2067, 4443, 4443 },
    { 0x6F2068, 4444, 4446 },
    { 0x6F2069, 4447, 4447 },
    { 0x6F206D, 4448, 4448 },
    { 0x6F206E, 4449, 4450 },
    { 0x6F206F, 4451, 4453 },
    { 0x6F2070, 4454, 4456 },
    { 0x6F2072, 4457, 4458 },
    { 0x6F2073, 4459, 4459 },
    { 0x6F2074, 4460, 4461 },
    { 0x6F2075, 4462, 4463 },
    { 0x6F2076, 4464, 4464 },
    { 0x6F2077, 4465, 4465 },
    { 0x6F2729, 4466, 4466 },
    { 0x6F2D61, 4467, 4468 },
    { 0x6F2D66, 4469, 4469 },
    { 0x6F2E67, 4470, 4470 },
    { 0x6F2F66, 4471, 4471 },
    { 0x6F3220, 4472, 4472 },
    { 0x6F5C22, 4473, 4473 },
    { 0x6F6164, 4474, 4475 },
    { 0x6F616D, 4476, 4476 },
    { 0x6F6220, 4477, 4478 },
    { 0x6F622E, 4479, 4479 },
    { 0x6F6261, 4480, 4480 },
    { 0x6F6265, 4481, 4481 },
    { 0x6F626A, 4482, 4484 },
    { 0x6F6273, 4485, 4485 },
    { 0x6F6275, 4486, 4486 },
    { 0x6F6320, 4487, 4489 },
    { 0x6F632F, 4490, 4490 },
    { 0x6F6361, 4491, 4492 },
    { 0x6F6365, 4493, 4493 },
    { 0x6F636B, 4494, 4495 },
    { 0x6F6372, 4496, 4496 },
    { 0x6F6373, 4497, 4497 },
    { 0x6F6374, 4498, 4498 },
    { 0x6F6420, 4499, 4507 },
    { 0x6F6465, 4508, 4512 },
    { 0x6F6469, 4513, 4513 },
    { 0x6F6470, 4514, 4514 },
    { 0x6F6473, 4515, 4515 },
    { 0x6F6475, 4516, 4517 },
    { 0x6F656D, 4518, 4518 },
    { 0x6F6620, 4519, 4520 },
    { 0x6F663D, 4521, 4522 },
    { 0x6F6669, 4523, 4523 },
    { 0x6F6674, 4524, 4525 },
    { 0x6F6720, 4526, 4528 },
    { 0x6F6728, 4529, 4531 },
    { 0x6F672F, 4532, 4532 },
    { 0x6F6769, 4533, 4533 },
    { 0x6F676C, 4534, 4534 },
    { 0x6F6772, 4535, 4535 },
    { 0x6F6773, 4536, 4537 },
    { 0x6F6875, 4538, 4538 },
    { 0x6F696E, 4539, 4540 },
    { 0x6F6A2E, 4541, 4541 },
    { 0x6F6A65, 4542, 4542 },
    { 0x6F6B20, 4543, 4544 },
    { 0x6F6B2E, 4545, 4546 },
    { 0x6F6B65, 4547, 4547 },
    { 0x6F6B75, 4548, 4548 },
    { 0x6F6C20, 4549, 4551 },
    { 0x6F6C64, 4552, 4553 },
    { 0x6F6C65, 4554, 4555 },
    { 0x6F6C69, 4556, 4556 },
    { 0x6F6C6F, 4557, 4558 },
    { 0x6F6C73, 4559, 4559 },
    { 0x6F6D22, 4560, 4560 },
    { 0x6F6D61, 4561, 4561 },
    { 0x6F6D65, 4562, 4562 },
    { 0x6F6D6D, 4563, 4564 },
    { 0x6F6D70, 4565, 4568 },
    { 0x6F6E20, 4569, 4575 },
    { 0x6F6E22, 4576, 4576 },
    { 0x6F6E29, 4577, 4577 },
    { 0x6F6E2D, 4578, 4579 },
    { 0x6F6E2E, 4580, 4582 },
    { 0x6F6E33, 4583, 4583 },
    { 0x6F6E3D, 4584, 4585 },
    { 0x6F6E64, 4586, 4586 },
    { 0x6F6E65, 4587, 4590 },
    { 0x6F6E66, 4591, 4592 },
    { 0x6F6E67, 4593, 4593 },
    { 0x6F6E69, 4594, 4595 },
    { 0x6F6E6D, 4596, 4596 },
    { 0x6F6E73, 4597, 4600 },
    { 0x6F6E74, 4601, 4603 },
    { 0x6F6E76, 4604, 4604 },
    { 0x6F6F67, 4605, 4605 },
    { 0x6F6F6B, 4606, 4609 },
    { 0x6F6F6C, 4610, 4611 },
    { 0x6F6F74, 4612, 4612 },
    { 0x6F7020, 4613, 4615 },
    { 0x6F7065, 4616, 4616 },
    { 0x6F7074, 4617, 4618 },
    { 0x6F7079, 4619, 4619 },
    { 0x6F7220, 4620, 4621 },
    { 0x6F722D, 4622, 4622 },
    { 0x6F722E, 4623, 4623 },
    { 0x6F723D, 4624, 4624 },
    { 0x6F7263, 4625, 4626 },
    { 0x6F7264, 4627, 4627 },
    { 0x6F7265, 4628, 4632 },
    { 0x6F7266, 4633, 4633 },
    { 0x6F7269, 4634, 4634 },
    { 0x6F726B, 4635, 4635 },
    { 0x6F726C, 4636, 4636 },
    { 0x6F726D, 4637, 4640 },
    { 0x6F726E, 4641, 4641 },
    { 0x6F7274, 4642, 4645 },
    { 0x6F7277, 4646, 4646 },
    { 0x6F7279, 4647, 4649 },
    { 0x6F7322, 4650, 4651 },
    { 0x6F7327, 4652, 4652 },
    { 0x6F732D, 4653, 4653 },
    { 0x6F7365, 4654, 4655 },
    { 0x6F7374, 4656, 4660 },
    { 0x6F7379, 4661, 4661 },
    { 0x6F7420, 4662, 4662 },
    { 0x6F7461, 4663, 4663 },
    { 0x6F7465, 4664, 4667 },
    { 0x6F746C, 4668, 4668 },
    { 0x6F746E, 4669, 4669 },
    { 0x6F746F, 4670, 4670 },
    { 0x6F7563, 4671, 4671 },
    { 0x6F7564, 4672, 4672 },
    { 0x6F756E, 4673, 4673 },
    { 0x6F7570, 4674, 4674 },
    { 0x6F7572, 4675, 4677 },
    { 0x6F7574, 4678, 4683 },
    { 0x6F7620, 4684, 4685 },
    { 0x6F7665, 4686, 4688 },
    { 0x6F7720, 4689, 4693 },
    { 0x6F7722, 4694, 4694 },
    { 0x6F772D, 4695, 4695 },
    { 0x6F7765, 4696, 4696 },
    { 0x6F776E, 4697, 4699 },
    { 0x6F7773, 4700, 4700 },
    { 0x6F7879, 4701, 4702 },
    { 0x6F7920, 4703, 4703 },
    { 0x6F796D, 4704, 4704 },
    { 0x702022, 4705, 4705 },
    { 0x70202B, 4706, 4706 },
    { 0x70202D, 4707, 4719 },
    { 0x702030, 4720, 4720 },
    { 0x702031, 4721, 4722 },
    { 0x702032, 4723, 4723 },
    { 0x702035, 4724, 4724 },
    { 0x702038, 4725, 4725 },
    { 0x702061, 4726, 4728 },
    { 0x702062, 4729, 4729 },
    { 0x702063, 4730, 4734 },
    { 0x702064, 4735, 4735 },
    { 0x702066, 4736, 4737 },
    { 0x702067, 4738, 4738 },
    { 0x702068, 4739, 4739 },
    { 0x702069, 4740, 4740 },
    { 0x70206C, 4741, 4741 },
    { 0x70206D, 4742, 4742 },
    { 0x702070, 4743, 4744 },
    { 0x702073, 4745, 4748 },
    { 0x702075, 4749, 4749 },
    { 0x702D61, 4750, 4750 },
    { 0x702D70, 4751, 4751 },
    { 0x702D73, 4752, 4752 },
    { 0x702E6A, 4753, 4753 },
    { 0x702E70, 4754, 4754 },
    { 0x702E73, 4755, 4755 },
    { 0x703030, 4756, 4756 },
    { 0x703220, 4757, 4757 },
    { 0x703A2F, 4758, 4758 },
    { 0x703A63, 4759, 4759 },
    { 0x703A70, 4760, 4760 },
    { 0x705F66, 4761, 4761 },
    { 0x706163, 4762, 4763 },
    { 0x706164, 4764, 4764 },
    { 0x70616E, 4765, 4765 },
    { 0x706172, 4766, 4767 },
    { 0x706173, 4768, 4768 },
    { 0x706174, 4769, 4771 },
    { 0x70636F, 4772, 4772 },
    { 0x706420, 4773, 4773 },
    { 0x706461, 4774, 4774 },
    { 0x706462, 4775, 4777 },
    { 0x706520, 4778, 4779 },
    { 0x70653D, 4780, 4781 },
    { 0x706566, 4782, 4782 },
    { 0x70656D, 4783, 4783 },
    { 0x70656E, 4784, 4786 },
    { 0x706572, 4787, 4790 },
    { 0x706772, 4791, 4791 },
    { 0x706773, 4792, 4792 },
    { 0x706822, 4793, 4793 },
    { 0x706869, 4794, 4794 },
    { 0x706870, 4795, 4796 },
    { 0x706963, 4797, 4797 },
    { 0x706964, 4798, 4799 },
    { 0x70696C, 4800, 4800 },
    { 0x70696E, 4801, 4801 },
    { 0x706970, 4802, 4804 },
    { 0x706B72, 4805, 4805 },
    { 0x706C61, 4806, 4809 },
    { 0x706C65, 4810, 4810 },
    { 0x706C69, 4811, 4811 },
    { 0x706C6F, 4812, 4814 },
    { 0x706C75, 4815, 4815 },
    { 0x706C79, 4816, 4817 },
    { 0x706D20, 4818, 4832 },
    { 0x706D32, 4833, 4833 },
    { 0x706D6F, 4834, 4834 },
    { 0x706E70, 4835, 4835 },
    { 0x706F20, 4836, 4838 },
    { 0x706F2D, 4839, 4839 },
    { 0x706F2E, 4840, 4840 },
    { 0x706F64, 4841, 4843 },
    { 0x706F69, 4844, 4844 },
    { 0x706F6C, 4845, 4845 },
    { 0x706F70, 4846, 4846 },
    { 0x706F72, 4847, 4848 },
    { 0x706F73, 4849, 4850 },
    { 0x706F77, 4851, 4851 },
    { 0x707020, 4852, 4854 },
    { 0x707022, 4855, 4855 },
    { 0x70702E, 4856, 4856 },
    { 0x707064, 4857, 4857 },
    { 0x707065, 4858, 4858 },
    { 0x70706C, 4859, 4859 },
    { 0x707079, 4860, 4860 },
    { 0x707265, 4861, 4864 },
    { 0x707269, 4865, 4865 },
    { 0x70726F, 4866, 4871 },
    { 0x707275, 4872, 4872 },
    { 0x707320, 4873, 4874 },
    { 0x707374, 4875, 4875 },
    { 0x707420, 4876, 4882 },
    { 0x707422, 4883, 4883 },
    { 0x70742D, 4884, 4884 },
    { 0x70742E, 4885, 4888 },
    { 0x707468, 4889, 4889 },
    { 0x707469, 4890, 4890 },
    { 0x707473, 4891, 4891 },
    { 0x707475, 4892, 4892 },
    { 0x707479, 4893, 4893 },
    { 0x707562, 4894, 4894 },
    { 0x707569, 4895, 4895 },
    { 0x70756C, 4896, 4898 },
    { 0x707573, 4899, 4900 },
    { 0x707574, 4901, 4905 },
    { 0x707634, 4906, 4906 },
    { 0x707764, 4907, 4907 },
    { 0x707773, 4908, 4908 },
    { 0x707820, 4909, 4919 },
    { 0x707920, 4920, 4927 },
    { 0x707922, 4928, 4928 },
    { 0x70792D, 4929, 4929 },
    { 0x707933, 4930, 4930 },
    { 0x707965, 4931, 4931 },
    { 0x70796C, 4932, 4932 },
    { 0x70796E, 4933, 4933 },
    { 0x707974, 4934, 4935 },
    { 0x707975, 4936, 4936 },
    { 0x71202D, 4937, 4937 },
    { 0x712031, 4938, 4938 },
    { 0x712066, 4939, 4939 },
    { 0x712075, 4940, 4940 },
    { 0x712220, 4941, 4941 },
    { 0x716C69, 4942, 4942 },
    { 0x717561, 4943, 4943 },
    { 0x717565, 4944, 4944 },
    { 0x717569, 4945, 4947 },
    { 0x722022, 4948, 4949 },
    { 0x72202D, 4950, 4957 },
    { 0x72202F, 4958, 4960 },
    { 0x722031, 4961, 4961 },
    { 0x722038, 4962, 4962 },
    { 0x72205D, 4963, 4963 },
    { 0x722061, 4964, 4965 },
    { 0x722062, 4966, 4967 },
    { 0x722063, 4968, 4969 },
    { 0x722064, 4970, 4971 },
    { 0x722065, 4972, 4972 },
    { 0x722066, 4973, 4974 },
    { 0x722067, 4975, 4975 },
    { 0x722068, 4976, 4976 },
    { 0x722069, 4977, 4979 },
    { 0x72206C, 4980, 4981 },
    { 0x72206E, 4982, 4983 },
    { 0x722070, 4984, 4986 },
    { 0x722072, 4987, 4989 },
    { 0x722073, 4990, 4993 },
    { 0x722074, 4994, 4994 },
    { 0x722075, 4995, 4996 },
    { 0x722076, 4997, 4997 },
    { 0x722220, 4998, 4999 },
    { 0x722D62, 5000, 5000 },
    { 0x722D63, 5001, 5001 },
    { 0x722D65, 5002, 5002 },
    { 0x722D72, 5003, 5003 },
    { 0x722D73, 5004, 5004 },
    { 0x722E62, 5005, 5005 },
    { 0x722E65, 5006, 5006 },
    { 0x722E67, 5007, 5007 },
    { 0x722E68, 5008, 5008 },
    { 0x722E6E, 5009, 5009 },
    { 0x722E73, 5010, 5010 },
    { 0x722E75, 5011, 5011 },
    { 0x722F62, 5012, 5012 },
    { 0x722F6C, 5013, 5013 },
    { 0x722F73, 5014, 5014 },
    { 0x723120, 5015, 5015 },
    { 0x72326C, 5016, 5016 },
    { 0x723A20, 5017, 5017 },
    { 0x723A67, 5018, 5018 },
    { 0x723B20, 5019, 5019 },
    { 0x723D76, 5020, 5021 },
    { 0x724068, 5022, 5022 },
    { 0x726120, 5023, 5023 },
    { 0x726163, 5024, 5024 },
    { 0x726164, 5025, 5026 },
    { 0x726166, 5027, 5027 },
    { 0x726167, 5028, 5028 },
    { 0x726169, 5029, 5029 },
    { 0x72616B, 5030, 5030 },
    { 0x72616C, 5031, 5031 },
    { 0x72616E, 5032, 5036 },
    { 0x726170, 5037, 5039 },
    { 0x726174, 5040, 5041 },
    { 0x726176, 5042, 5042 },
    { 0x726265, 5043, 5043 },
    { 0x72632F, 5044, 5044 },
    { 0x726365, 5045, 5049 },
    { 0x726368, 5050, 5053 },
    { 0x726420, 5054, 5055 },
    { 0x72643D, 5056, 5056 },
    { 0x726461, 5057, 5057 },
    { 0x726520, 5058, 5063 },
    { 0x726522, 5064, 5064 },
    { 0x726528, 5065, 5065 },
    { 0x72652E, 5066, 5067 },
    { 0x726561, 5068, 5071 },
    { 0x726562, 5072, 5073 },
    { 0x726563, 5074, 5076 },
    { 0x726564, 5077, 5077 },
    { 0x726565, 5078, 5083 },
    { 0x726566, 5084, 5088 },
    { 0x72656C, 5089, 5090 },
    { 0x72656D, 5091, 5093 },
    { 0x72656E, 5094, 5096 },
    { 0x726570, 5097, 5101 },
    { 0x726571, 5102, 5102 },
    { 0x726573, 5103, 5106 },
    { 0x726574, 5107, 5108 },
    { 0x726576, 5109, 5111 },
    { 0x726577, 5112, 5112 },
    { 0x726620, 5113, 5116 },
    { 0x72666C, 5117, 5117 },
    { 0x726720, 5118, 5118 },
    { 0x726731, 5119, 5119 },
    { 0x726765, 5120, 5122 },
    { 0x72676F, 5123, 5123 },
    { 0x726773, 5124, 5124 },
    { 0x726776, 5125, 5125 },
    { 0x726962, 5126, 5126 },
    { 0x726966, 5127, 5127 },
    { 0x726967, 5128, 5130 },
    { 0x72696E, 5131, 5135 },
    { 0x726970, 5136, 5137 },
    { 0x726974, 5138, 5138 },
    { 0x726976, 5139, 5139 },
    { 0x726B74, 5140, 5140 },
    { 0x726C20, 5141, 5144 },
    { 0x726C64, 5145, 5145 },
    { 0x726C66, 5146, 5146 },
    { 0x726D20, 5147, 5156 },
    { 0x726D22, 5157, 5157 },
    { 0x726D29, 5158, 5158 },
    { 0x726D3D, 5159, 5159 },
    { 0x726D61, 5160, 5160 },
    { 0x726D64, 5161, 5161 },
    { 0x726D69, 5162, 5162 },
    { 0x726D6D, 5163, 5163 },
    { 0x726E20, 5164, 5171 },
    { 0x726E22, 5172, 5173 },
    { 0x726E29, 5174, 5174 },
    { 0x726E2F, 5175, 5175 },
    { 0x726E61, 5176, 5177 },
    { 0x726F20, 5178, 5178 },
    { 0x726F62, 5179, 5179 },
    { 0x726F63, 5180, 5181 },
    { 0x726F64, 5182, 5182 },
    { 0x726F66, 5183, 5185 },
    { 0x726F6A, 5186, 5188 },
    { 0x726F6D, 5189, 5189 },
    { 0x726F6E, 5190, 5191 },
    { 0x726F6F, 5192, 5192 },
    { 0x726F70, 5193, 5193 },
    { 0x726F74, 5194, 5194 },
    { 0x726F75, 5195, 5195 },
    { 0x726F77, 5196, 5196 },
    { 0x726F79, 5197, 5197 },
    { 0x727072, 5198, 5198 },
    { 0x727261, 5199, 5199 },
    { 0x727265, 5200, 5200 },
    { 0x727279, 5201, 5202 },
    { 0x727320, 5203, 5203 },
    { 0x727365, 5204, 5204 },
    { 0x727368, 5205, 5205 },
    { 0x727369, 5206, 5207 },
    { 0x727379, 5208, 5208 },
    { 0x727420, 5209, 5231 },
    { 0x72742D, 5232, 5232 },
    { 0x727461, 5233, 5233 },
    { 0x72746C, 5234, 5234 },
    { 0x727470, 5235, 5235 },
    { 0x727475, 5236, 5236 },
    { 0x727562, 5237, 5237 },
    { 0x727565, 5238, 5238 },
    { 0x727566, 5239, 5239 },
    { 0x72756E, 5240, 5244 },
    { 0x727573, 5245, 5246 },
    { 0x727665, 5247, 5248 },
    { 0x727669, 5249, 5249 },
    { 0x72766D, 5250, 5250 },
    { 0x727761, 5251, 5251 },
    { 0x727920, 5252, 5256 },
    { 0x72792D, 5257, 5257 },
    { 0x727962, 5258, 5258 },
    { 0x727975, 5259, 5259 },
    { 0x732022, 5260, 5261 },
    { 0x73202D, 5262, 5272 },
    { 0x73202E, 5273, 5274 },
    { 0x73202F, 5275, 5275 },
    { 0x732061, 5276, 5278 },
    { 0x732062, 5279, 5280 },
    { 0x732063, 5281, 5283 },
    { 0x732064, 5284, 5284 },
    { 0x732065, 5285, 5285 },
    { 0x732066, 5286, 5286 },
    { 0x732067, 5287, 5288 },
    { 0x73206C, 5289, 5292 },
    { 0x73206F, 5293, 5293 },
    { 0x732070, 5294, 5296 },
    { 0x732072, 5297, 5297 },
    { 0x732073, 5298, 5303 },
    { 0x732220, 5304, 5305 },
    { 0x732729, 5306, 5307 },
    { 0x732829, 5308, 5308 },
    { 0x73293B, 5309, 5309 },
    { 0x732D66, 5310, 5310 },
    { 0x732D6E, 5311, 5311 },
    { 0x732D72, 5312, 5312 },
    { 0x732D74, 5313, 5313 },
    { 0x732E61, 5314, 5314 },
    { 0x732E63, 5315, 5315 },
    { 0x732E65, 5316, 5317 },
    { 0x732E6C, 5318, 5318 },
    { 0x732E6D, 5319, 5319 },
    { 0x732E70, 5320, 5320 },
    { 0x732E72, 5321, 5321 },
    { 0x732E74, 5322, 5322 },
    { 0x732E75, 5323, 5324 },
    { 0x732E76, 5325, 5325 },
    { 0x732F20, 5326, 5326 },
    { 0x732F6F, 5327, 5327 },
    { 0x732F74, 5328, 5328 },
    { 0x733320, 5329, 5331 },
    { 0x73333A, 5332, 5332 },
    { 0x733B20, 5333, 5333 },
    { 0x733D31, 5334, 5334 },
    { 0x733D33, 5335, 5335 },
    { 0x733D72, 5336, 5336 },
    { 0x735C6E, 5337, 5337 },
    { 0x736162, 5338, 5338 },
    { 0x736163, 5339, 5339 },
    { 0x736166, 5340, 5340 },
    { 0x736167, 5341, 5341 },
    { 0x736172, 5342, 5342 },
    { 0x736176, 5343, 5343 },
    { 0x73625F, 5344, 5344 },
    { 0x73626C, 5345, 5345 },
    { 0x736274, 5346, 5346 },
    { 0x736275, 5347, 5347 },
    { 0x736320, 5348, 5350 },
    { 0x736361, 5351, 5351 },
    { 0x73636B, 5352, 5353 },
    { 0x73636F, 5354, 5354 },
    { 0x736370, 5355, 5355 },
    { 0x736372, 5356, 5357 },
    { 0x736374, 5358, 5358 },
    { 0x736461, 5359, 5359 },
    { 0x736469, 5360, 5360 },
    { 0x73646B, 5361, 5361 },
    { 0x736520, 5362, 5370 },
    { 0x736536, 5371, 5371 },
    { 0x736561, 5372, 5373 },
    { 0x736563, 5374, 5374 },
    { 0x73656C, 5375, 5375 },
    { 0x73656E, 5376, 5377 },
    { 0x736571, 5378, 5378 },
    { 0x736572, 5379, 5386 },
    { 0x736573, 5387, 5387 },
    { 0x736574, 5388, 5392 },
    { 0x736720, 5393, 5393 },
    { 0x736820, 5394, 5399 },
    { 0x73682D, 5400, 5400 },
    { 0x736865, 5401, 5401 },
    { 0x736869, 5402, 5402 },
    { 0x73686C, 5403, 5403 },
    { 0x73686F, 5404, 5405 },
    { 0x736872, 5406, 5406 },
    { 0x736962, 5407, 5407 },
    { 0x736966, 5408, 5408 },
    { 0x736967, 5409, 5409 },
    { 0x73696D, 5410, 5410 },
    { 0x73696E, 5411, 5411 },
    { 0x73696F, 5412, 5412 },
    { 0x736976, 5413, 5413 },
    { 0x73697A, 5414, 5414 },
    { 0x736B20, 5415, 5415 },
    { 0x736B22, 5416, 5416 },
    { 0x736B3D, 5417, 5417 },
    { 0x736B69, 5418, 5418 },
    { 0x736B6B, 5419, 5419 },
    { 0x736B6C, 5420, 5421 },
    { 0x736C65, 5422, 5422 },
    { 0x736C69, 5423, 5424 },
    { 0x736C6E, 5425, 5426 },
    { 0x736C6F, 5427, 5428 },
    { 0x736D2D, 5429, 5429 },
    { 0x736D33, 5430, 5430 },
    { 0x736D6F, 5431, 5431 },
    { 0x736D74, 5432, 5432 },
    { 0x736F66, 5433, 5435 },
    { 0x736F6C, 5436, 5436 },
    { 0x736F6E, 5437, 5439 },
    { 0x736F72, 5440, 5441 },
    { 0x736F75, 5442, 5442 },
    { 0x737068, 5443, 5443 },
    { 0x737072, 5444, 5444 },
    { 0x73716C, 5445, 5445 },
    { 0x73722F, 5446, 5446 },
    { 0x737263, 5447, 5448 },
    { 0x737276, 5449, 5449 },
    { 0x737320, 5450, 5452 },
    { 0x737322, 5453, 5453 },
    { 0x73732E, 5454, 5460 },
    { 0x737361, 5461, 5461 },
    { 0x737368, 5462, 5463 },
    { 0x737369, 5464, 5466 },
    { 0x73736C, 5467, 5467 },
    { 0x737377, 5468, 5468 },
    { 0x737420, 5469, 5479 },
    { 0x737422, 5480, 5480 },
    { 0x737428, 5481, 5481 },
    { 0x73742D, 5482, 5486 },
    { 0x73743A, 5487, 5489 },
    { 0x73745F, 5490, 5492 },
    { 0x737461, 5493, 5498 },
    { 0x737463, 5499, 5499 },
    { 0x737464, 5500, 5501 },
    { 0x737465, 5502, 5503 },
    { 0x737466, 5504, 5504 },
    { 0x73746E, 5505, 5505 },
    { 0x73746F, 5506, 5507 },
    { 0x737472, 5508, 5511 },
    { 0x737473, 5512, 5514 },
    { 0x737475, 5515, 5516 },
    { 0x737561, 5517, 5517 },
    { 0x737562, 5518, 5521 },
    { 0x737564, 5522, 5522 },
    { 0x73756C, 5523, 5523 },
    { 0x737570, 5524, 5524 },
    { 0x737572, 5525, 5526 },
    { 0x737622, 5527, 5527 },
    { 0x737665, 5528, 5528 },
    { 0x737764, 5529, 5529 },
    { 0x737769, 5530, 5530 },
    { 0x737820, 5531, 5531 },
    { 0x73796D, 5532, 5532 },
    { 0x73796E, 5533, 5533 },
    { 0x737973, 5534, 5537 },
    { 0x742022, 5538, 5538 },
    { 0x74202D, 5539, 5557 },
    { 0x74202E, 5558, 5558 },
    { 0x74202F, 5559, 5562 },
    { 0x742030, 5563, 5563 },
    { 0x742031, 5564, 5565 },
    { 0x742038, 5566, 5566 },
    { 0x74203E, 5567, 5567 },
    { 0x742061, 5568, 5573 },
    { 0x742062, 5574, 5578 },
    { 0x742063, 5579, 5584 },
    { 0x742064, 5585, 5588 },
    { 0x742065, 5589, 5590 },
    { 0x742066, 5591, 5596 },
    { 0x742067, 5597, 5599 },
    { 0x742068, 5600, 5601 },
    { 0x742069, 5602, 5603 },
    { 0x74206A, 5604, 5604 },
    { 0x74206B, 5605, 5606 },
    { 0x74206C, 5607, 5610 },
    { 0x74206D, 5611, 5617 },
    { 0x74206E, 5618, 5621 },
    { 0x74206F, 5622, 5622 },
    { 0x742070, 5623, 5627 },
    { 0x742071, 5628, 5628 },
    { 0x742072, 5629, 5632 },
    { 0x742073, 5633, 5645 },
    { 0x742074, 5646, 5649 },
    { 0x742075, 5650, 5652 },
    { 0x742076, 5653, 5653 },
    { 0x742077, 5654, 5657 },
    { 0x742078, 5658, 5658 },
    { 0x742079, 5659, 5659 },
    { 0x742220, 5660, 5661 },
    { 0x742827, 5662, 5662 },
    { 0x742828, 5663, 5663 },
    { 0x742829, 5664, 5664 },
    { 0x742872, 5665, 5665 },
    { 0x742D61, 5666, 5666 },
    { 0x742D63, 5667, 5669 },
    { 0x742D64, 5670, 5670 },
    { 0x742D65, 5671, 5671 },
    { 0x742D66, 5672, 5673 },
    { 0x742D6C, 5674, 5674 },
    { 0x742D6F, 5675, 5676 },
    { 0x742D70, 5677, 5679 },
    { 0x742D72, 5680, 5680 },
    { 0x742D73, 5681, 5682 },
    { 0x742D74, 5683, 5683 },
    { 0x742D75, 5684, 5684 },
    { 0x742E64, 5685, 5685 },
    { 0x742E65, 5686, 5686 },
    { 0x742E67, 5687, 5687 },
    { 0x742E69, 5688, 5688 },
    { 0x742E6A, 5689, 5689 },
    { 0x742E6F, 5690, 5690 },
    { 0x742E70, 5691, 5694 },
    { 0x742E72, 5695, 5695 },
    { 0x742E73, 5696, 5696 },
    { 0x742E74, 5697, 5697 },
    { 0x742E76, 5698, 5698 },
    { 0x742E79, 5699, 5699 },
    { 0x743420, 5700, 5700 },
    { 0x743A31, 5701, 5701 },
    { 0x743A38, 5702, 5702 },
    { 0x743A62, 5703, 5703 },
    { 0x743A6F, 5704, 5704 },
    { 0x743A70, 5705, 5705 },
    { 0x743D31, 5706, 5706 },
    { 0x745F6D, 5707, 5707 },
    { 0x745F6E, 5708, 5708 },
    { 0x745F70, 5709, 5709 },
    { 0x745F74, 5710, 5710 },
    { 0x746125, 5711, 5711 },
    { 0x746162, 5712, 5712 },
    { 0x746163, 5713, 5714 },
    { 0x746167, 5715, 5716 },
    { 0x746169, 5717, 5718 },
    { 0x74616C, 5719, 5719 },
    { 0x74616E, 5720, 5720 },
    { 0x746170, 5721, 5721 },
    { 0x746172, 5722, 5726 },
    { 0x746173, 5727, 5728 },
    { 0x746174, 5729, 5732 },
    { 0x746272, 5733, 5733 },
    { 0x746320, 5734, 5734 },
    { 0x74632F, 5735, 5736 },
    { 0x746368, 5737, 5740 },
    { 0x746370, 5741, 5741 },
    { 0x74643D, 5742, 5742 },
    { 0x746461, 5743, 5743 },
    { 0x746462, 5744, 5744 },
    { 0x746520, 5745, 5759 },
    { 0x74652D, 5760, 5766 },
    { 0x74652E, 5767, 5767 },
    { 0x746533, 5768, 5768 },
    { 0x746562, 5769, 5769 },
    { 0x746563, 5770, 5770 },
    { 0x746564, 5771, 5772 },
    { 0x746565, 5773, 5773 },
    { 0x74656D, 5774, 5779 },
    { 0x74656E, 5780, 5782 },
    { 0x746570, 5783, 5783 },
    { 0x746572, 5784, 5791 },
    { 0x746573, 5792, 5794 },
    { 0x746574, 5795, 5795 },
    { 0x746578, 5796, 5796 },
    { 0x746620, 5797, 5798 },
    { 0x74662D, 5799, 5799 },
    { 0x74666D, 5800, 5800 },
    { 0x74666F, 5801, 5801 },
    { 0x746820, 5802, 5804 },
    { 0x746822, 5805, 5805 },
    { 0x746825, 5806, 5806 },
    { 0x746827, 5807, 5807 },
    { 0x746829, 5808, 5808 },
    { 0x74682E, 5809, 5809 },
    { 0x74682F, 5810, 5810 },
    { 0x74683A, 5811, 5812 },
    { 0x74683D, 5813, 5817 },
    { 0x746865, 5818, 5818 },
    { 0x746869, 5819, 5819 },
    { 0x74686F, 5820, 5820 },
    { 0x746961, 5821, 5821 },
    { 0x746964, 5822, 5822 },
    { 0x746965, 5823, 5823 },
    { 0x746967, 5824, 5825 },
    { 0x74696D, 5826, 5827 },
    { 0x74696E, 5828, 5828 },
    { 0x74696F, 5829, 5829 },
    { 0x746976, 5830, 5830 },
    { 0x746C20, 5831, 5840 },
    { 0x746C69, 5841, 5841 },
    { 0x746C6F, 5842, 5842 },
    { 0x746D6C, 5843, 5844 },
    { 0x746D70, 5845, 5845 },
    { 0x746D75, 5846, 5846 },
    { 0x746E61, 5847, 5847 },
    { 0x746E65, 5848, 5848 },
    { 0x746F20, 5849, 5852 },
    { 0x746F2F, 5853, 5853 },
    { 0x746F63, 5854, 5854 },
    { 0x746F6C, 5855, 5855 },
    { 0x746F6E, 5856, 5856 },
    { 0x746F6F, 5857, 5857 },
    { 0x746F70, 5858, 5860 },
    { 0x746F72, 5861, 5866 },
    { 0x746F75, 5867, 5867 },
    { 0x74702D, 5868, 5868 },
    { 0x74702E, 5869, 5869 },
    { 0x74703A, 5870, 5870 },
    { 0x747064, 5871, 5871 },
    { 0x74706C, 5872, 5872 },
    { 0x747072, 5873, 5873 },
    { 0x747075, 5874, 5874 },
    { 0x747220, 5875, 5876 },
    { 0x747261, 5877, 5879 },
    { 0x747265, 5880, 5880 },
    { 0x747269, 5881, 5883 },
    { 0x74726D, 5884, 5884 },
    { 0x74726F, 5885, 5885 },
    { 0x747275, 5886, 5886 },
    { 0x747320, 5887, 5888 },
    { 0x747322, 5889, 5889 },
    { 0x74732D, 5890, 5890 },
    { 0x74732E, 5891, 5891 },
    { 0x74732F, 5892, 5894 },
    { 0x74733B, 5895, 5895 },
    { 0x747363, 5896, 5896 },
    { 0x747374, 5897, 5897 },
    { 0x747378, 5898, 5898 },
    { 0x747461, 5899, 5899 },
    { 0x747465, 5900, 5901 },
    { 0x747469, 5902, 5903 },
    { 0x747470, 5904, 5906 },
    { 0x747472, 5907, 5908 },
    { 0x747564, 5909, 5909 },
    { 0x74756C, 5910, 5910 },
    { 0x747570, 5911, 5912 },
    { 0x747572, 5913, 5914 },
    { 0x747573, 5915, 5916 },
    { 0x747874, 5917, 5917 },
    { 0x747920, 5918, 5918 },
    { 0x74793B, 5919, 5919 },
    { 0x747970, 5920, 5920 },
    { 0x75202D, 5921, 5922 },
    { 0x752031, 5923, 5923 },
    { 0x752066, 5924, 5924 },
    { 0x752073, 5925, 5925 },
    { 0x752075, 5926, 5926 },
    { 0x75616C, 5927, 5929 },
    { 0x756264, 5930, 5930 },
    { 0x756265, 5931, 5931 },
    { 0x75626C, 5932, 5933 },
    { 0x75626D, 5934, 5934 },
    { 0x756274, 5935, 5935 },
    { 0x756279, 5936, 5937 },
    { 0x756368, 5938, 5938 },
    { 0x75636B, 5939, 5940 },
    { 0x756374, 5941, 5941 },
    { 0x756420, 5942, 5943 },
    { 0x756465, 5944, 5944 },
    { 0x756469, 5945, 5946 },
    { 0x75646F, 5947, 5947 },
    { 0x756520, 5948, 5948 },
    { 0x756522, 5949, 5949 },
    { 0x756573, 5950, 5950 },
    { 0x756620, 5951, 5951 },
    { 0x756666, 5952, 5952 },
    { 0x756765, 5953, 5953 },
    { 0x756767, 5954, 5954 },
    { 0x756773, 5955, 5955 },
    { 0x756920, 5956, 5956 },
    { 0x756963, 5957, 5957 },
    { 0x756964, 5958, 5958 },
    { 0x75696C, 5959, 5960 },
    { 0x75696E, 5961, 5961 },
    { 0x756972, 5962, 5962 },
    { 0x756C20, 5963, 5964 },
    { 0x756C65, 5965, 5967 },
    { 0x756C69, 5968, 5968 },
    { 0x756C6C, 5969, 5972 },
    { 0x756C6E, 5973, 5973 },
    { 0x756C74, 5974, 5975 },
    { 0x756C75, 5976, 5976 },
    { 0x756D20, 5977, 5977 },
    { 0x756D62, 5978, 5978 },
    { 0x756D69, 5979, 5979 },
    { 0x756D6F, 5980, 5980 },
    { 0x756D70, 5981, 5983 },
    { 0x756E20, 5984, 5994 },
    { 0x756E61, 5995, 5996 },
    { 0x756E63, 5997, 5998 },
    { 0x756E64, 5999, 5999 },
    { 0x756E65, 6000, 6001 },
    { 0x756E69, 6002, 6005 },
    { 0x756E6B, 6006, 6006 },
    { 0x756E6C, 6007, 6007 },
    { 0x756E73, 6008, 6008 },
    { 0x756E74, 6009, 6013 },
    { 0x756E78, 6014, 6014 },
    { 0x756E7A, 6015, 6015 },
    { 0x757020, 6016, 6020 },
    { 0x75702E, 6021, 6021 },
    { 0x757064, 6022, 6022 },
    { 0x757065, 6023, 6024 },
    { 0x757067, 6025, 6025 },
    { 0x757074, 6026, 6026 },
    { 0x757079, 6027, 6027 },
    { 0x757261, 6028, 6028 },
    { 0x757263, 6029, 6029 },
    { 0x757265, 6030, 6032 },
    { 0x75726C, 6033, 6034 },
    { 0x75726E, 6035, 6036 },
    { 0x757272, 6037, 6037 },
    { 0x757273, 6038, 6038 },
    { 0x757320, 6039, 6041 },
    { 0x757328, 6042, 6042 },
    { 0x75732E, 6043, 6043 },
    { 0x757361, 6044, 6044 },
    { 0x757365, 6045, 6046 },
    { 0x757368, 6047, 6048 },
    { 0x757372, 6049, 6050 },
    { 0x757374, 6051, 6053 },
    { 0x757420, 6054, 6060 },
    { 0x757428, 6061, 6061 },
    { 0x75742D, 6062, 6064 },
    { 0x75742E, 6065, 6067 },
    { 0x75743A, 6068, 6068 },
    { 0x757464, 6069, 6069 },
    { 0x757465, 6070, 6070 },
    { 0x757466, 6071, 6071 },
    { 0x757468, 6072, 6072 },
    { 0x75746F, 6073, 6076 },
    { 0x757470, 6077, 6077 },
    { 0x757569, 6078, 6078 },
    { 0x757820, 6079, 6081 },
    { 0x757874, 6082, 6082 },
    { 0x76202D, 6083, 6085 },
    { 0x76202E, 6086, 6086 },
    { 0x762065, 6087, 6087 },
    { 0x762066, 6088, 6088 },
    { 0x762067, 6089, 6090 },
    { 0x762069, 6091, 6091 },
    { 0x76206C, 6092, 6092 },
    { 0x76206F, 6093, 6093 },
    { 0x762070, 6094, 6096 },
    { 0x762073, 6097, 6097 },
    { 0x762075, 6098, 6098 },
    { 0x762922, 6099, 6099 },
    { 0x762D70, 6100, 6100 },
    { 0x762D72, 6101, 6101 },
    { 0x762E70, 6102, 6102 },
    { 0x762F6E, 6103, 6103 },
    { 0x762F73, 6104, 6104 },
    { 0x762F7A, 6105, 6105 },
    { 0x76312E, 6106, 6106 },
    { 0x76342E, 6107, 6107 },
    { 0x766167, 6108, 6108 },
    { 0x76616C, 6109, 6112 },
    { 0x766172, 6113, 6117 },
    { 0x766174, 6118, 6118 },
    { 0x766175, 6119, 6119 },
    { 0x766378, 6120, 6120 },
    { 0x766520, 6121, 6126 },
    { 0x76652D, 6127, 6127 },
    { 0x76652E, 6128, 6129 },
    { 0x76656C, 6130, 6132 },
    { 0x76656E, 6133, 6133 },
    { 0x766572, 6134, 6140 },
    { 0x766574, 6141, 6141 },
    { 0x766620, 6142, 6142 },
    { 0x766920, 6143, 6144 },
    { 0x766963, 6145, 6145 },
    { 0x766965, 6146, 6146 },
    { 0x76696D, 6147, 6148 },
    { 0x766972, 6149, 6149 },
    { 0x766973, 6150, 6150 },
    { 0x766974, 6151, 6152 },
    { 0x766D20, 6153, 6155 },
    { 0x766D73, 6156, 6156 },
    { 0x766E20, 6157, 6160 },
    { 0x766F6B, 6161, 6161 },
    { 0x767A20, 6162, 6162 },
    { 0x77202B, 6163, 6163 },
    { 0x77202D, 6164, 6164 },
    { 0x772061, 6165, 6165 },
    { 0x772063, 6166, 6167 },
    { 0x772064, 6168, 6168 },
    { 0x772066, 6169, 6169 },
    { 0x772067, 6170, 6170 },
    { 0x772068, 6171, 6171 },
    { 0x772069, 6172, 6172 },
    { 0x77206C, 6173, 6173 },
    { 0x77206E, 6174, 6174 },
    { 0x772070, 6175, 6176 },
    { 0x772073, 6177, 6178 },
    { 0x772075, 6179, 6179 },
    { 0x772077, 6180, 6180 },
    { 0x772D72, 6181, 6181 },
    { 0x772D77, 6182, 6182 },
    { 0x772F67, 6183, 6183 },
    { 0x772F70, 6184, 6184 },
    { 0x776169, 6185, 6185 },
    { 0x77616C, 6186, 6186 },
    { 0x776172, 6187, 6187 },
    { 0x776173, 6188, 6188 },
    { 0x776174, 6189, 6189 },
    { 0x776179, 6190, 6190 },
    { 0x776320, 6191, 6192 },
    { 0x776428, 6193, 6193 },
    { 0x776562, 6194, 6195 },
    { 0x776572, 6196, 6196 },
    { 0x776578, 6197, 6197 },
    { 0x776765, 6198, 6198 },
    { 0x776861, 6199, 6199 },
    { 0x776865, 6200, 6200 },
    { 0x776869, 6201, 6202 },
    { 0x77686F, 6203, 6203 },
    { 0x77696E, 6204, 6204 },
    { 0x776974, 6205, 6205 },
    { 0x776E20, 6206, 6207 },
    { 0x776E2D, 6208, 6208 },
    { 0x776F72, 6209, 6210 },
    { 0x777122, 6211, 6211 },
    { 0x777261, 6212, 6212 },
    { 0x777269, 6213, 6214 },
    { 0x777320, 6215, 6218 },
    { 0x777365, 6219, 6219 },
    { 0x777368, 6220, 6221 },
    { 0x77746F, 6222, 6222 },
    { 0x78202D, 6223, 6223 },
    { 0x782031, 6224, 6224 },
    { 0x782061, 6225, 6225 },
    { 0x782062, 6226, 6226 },
    { 0x782063, 6227, 6229 },
    { 0x782064, 6230, 6230 },
    { 0x782065, 6231, 6231 },
    { 0x782066, 6232, 6233 },
    { 0x782068, 6234, 6235 },
    { 0x78206C, 6236, 6237 },
    { 0x78206D, 6238, 6239 },
    { 0x78206E, 6240, 6241 },
    { 0x782070, 6242, 6246 },
    { 0x782072, 6247, 6247 },
    { 0x782073, 6248, 6250 },
    { 0x782074, 6251, 6252 },
    { 0x782076, 6253, 6253 },
    { 0x782220, 6254, 6254 },
    { 0x782D62, 6255, 6255 },
    { 0x782D64, 6256, 6256 },
    { 0x782D71, 6257, 6257 },
    { 0x783430, 6258, 6258 },
    { 0x783634, 6259, 6259 },
    { 0x786172, 6260, 6260 },
    { 0x786520, 6261, 6261 },
    { 0x786563, 6262, 6262 },
    { 0x786973, 6263, 6263 },
    { 0x786974, 6264, 6264 },
    { 0x786A66, 6265, 6265 },
    { 0x786D6C, 6266, 6267 },
    { 0x78706C, 6268, 6268 },
    { 0x78706F, 6269, 6270 },
    { 0x787072, 6271, 6271 },
    { 0x787422, 6272, 6272 },
    { 0x78742D, 6273, 6273 },
    { 0x787434, 6274, 6274 },
    { 0x787465, 6275, 6275 },
    { 0x787472, 6276, 6276 },
    { 0x787666, 6277, 6277 },
    { 0x787966, 6278, 6278 },
    { 0x787967, 6279, 6279 },
    { 0x787A20, 6280, 6280 },
    { 0x787A66, 6281, 6281 },
    { 0x79202D, 6282, 6282 },
    { 0x79202E, 6283, 6283 },
    { 0x792030, 6284, 6284 },
    { 0x792063, 6285, 6287 },
    { 0x792064, 6288, 6289 },
    { 0x792065, 6290, 6290 },
    { 0x792066, 6291, 6291 },
    { 0x792067, 6292, 6292 },
    { 0x792069, 6293, 6293 },
    { 0x79206D, 6294, 6295 },
    { 0x79206F, 6296, 6297 },
    { 0x792072, 6298, 6298 },
    { 0x792073, 6299, 6301 },
    { 0x792074, 6302, 6302 },
    { 0x792076, 6303, 6303 },
    { 0x792D25, 6304, 6304 },
    { 0x792D33, 6305, 6305 },
    { 0x792D61, 6306, 6306 },
    { 0x792D64, 6307, 6307 },
    { 0x792D70, 6308, 6308 },
    { 0x792E70, 6309, 6309 },
    { 0x793331, 6310, 6310 },
    { 0x793B20, 6311, 6311 },
    { 0x793D76, 6312, 6312 },
    { 0x79616D, 6313, 6313 },
    { 0x796172, 6314, 6314 },
    { 0x79626F, 6315, 6315 },
    { 0x79656E, 6316, 6316 },
    { 0x796573, 6317, 6318 },
    { 0x796669, 6319, 6319 },
    { 0x796765, 6320, 6320 },
    { 0x796C69, 6321, 6321 },
    { 0x796D62, 6322, 6322 },
    { 0x796D65, 6323, 6323 },
    { 0x796D6C, 6324, 6324 },
    { 0x796E62, 6325, 6325 },
    { 0x796E63, 6326, 6328 },
    { 0x796F62, 6329, 6329 },
    { 0x797065, 6330, 6331 },
    { 0x79706F, 6332, 6332 },
    { 0x797070, 6333, 6333 },
    { 0x797072, 6334, 6335 },
    { 0x797079, 6336, 6336 },
    { 0x797175, 6337, 6337 },
    { 0x797322, 6338, 6338 },
    { 0x797363, 6339, 6339 },
    { 0x79736C, 6340, 6340 },
    { 0x797374, 6341, 6341 },
    { 0x797465, 6342, 6343 },
    { 0x797468, 6344, 6344 },
    { 0x79756D, 6345, 6345 },
    { 0x797570, 6346, 6346 },
    { 0x797573, 6347, 6347 },
    { 0x797772, 6348, 6348 },
    { 0x7A2022, 6349, 6349 },
    { 0x7A2064, 6350, 6350 },
    { 0x7A2066, 6351, 6351 },
    { 0x7A2067, 6352, 6352 },
    { 0x7A206C, 6353, 6353 },
    { 0x7A2073, 6354, 6354 },
    { 0x7A2076, 6355, 6355 },
    { 0x7A3220, 6356, 6356 },
    { 0x7A6361, 6357, 6357 },
    { 0x7A6520, 6358, 6359 },
    { 0x7A656C, 6360, 6360 },
    { 0x7A6572, 6361, 6361 },
    { 0x7A6620, 6362, 6362 },
    { 0x7A6772, 6363, 6363 },
    { 0x7A6970, 6364, 6366 },
    { 0x7A6C65, 6367, 6367 },
    { 0x7A7970, 6368, 6368 },
    { 0x7B2065, 6369, 6369 },
    { 0x7B7D20, 6370, 6371 },
    { 0x7C2063, 6372, 6372 },
    { 0x7C2067, 6373, 6373 },
    { 0x7C2068, 6374, 6374 },
    { 0x7C206C, 6375, 6375 },
    { 0x7C2070, 6376, 6376 },
    { 0x7C2073, 6377, 6377 },
    { 0x7C2074, 6378, 6378 },
    { 0x7C2075, 6379, 6379 },
    { 0x7C2077, 6380, 6380 },
    { 0x7C7C20, 6381, 6381 },
    { 0x7D203A, 6382, 6382 },
    { 0x7D2063, 6383, 6383 },
};
const int kContextIndexSize = 3565;

// Character prior probabilities (Laplace smoothing)
const uint32_t kCharPrior[69] = {
    0,
    1131,
    2223,
    1,
    172,
    1,
    26,
    16,
    9,
    28,
    29,
    31,
    5,
    16,
    3,
    710,
    283,
    106,
    78,
    66,
    56,
    21,
    12,
    7,
    3,
    4,
    22,
    1,
    33,
    25,
    3,
    41,
    9,
    6,
    5,
    5,
    5,
    0,
    12,
    853,
    240,
    676,
    504,
    1507,
    324,
    306,
    345,
    800,
    52,
    187,
    824,
    531,
    741,
    813,
    604,
    23,
    856,
    749,
    1381,
    418,
    161,
    72,
    166,
    136,
    32,
    5,
    11,
    5,
    3,
};

}  // namespace wsh

#endif  // WSH_NGRAM_MODEL_DATA_H
